 ,Label,Area,Perim.,Circ.,Feret,FeretX,FeretY,FeretAngle,MinFeret,AR,Round,Solidity
1,Image_14462-1.jpg (red)_after_adjusting_threshold-1.tif,14.118,15.542,0.734,5.410,350,13,57.529,4.149,1.085,0.922,0.872
2,Image_14462-1.jpg (red)_after_adjusting_threshold-1.tif,73.173,43.205,0.493,13.737,513,33,64.983,8.514,1.591,0.629,0.857
3,Image_14462-1.jpg (red)_after_adjusting_threshold-1.tif,43.560,30.396,0.592,10.579,365,8,138.180,6.415,1.595,0.627,0.797
4,Image_14462-1.jpg (red)_after_adjusting_threshold-1.tif,25.826,22.625,0.634,7.247,637,14,166.759,5.586,1.420,0.704,0.829
5,Image_14462-1.jpg (red)_after_adjusting_threshold-1.tif,35.295,28.150,0.560,10.398,601,18,151.390,6.561,1.626,0.615,0.768
6,Image_14462-1.jpg (red)_after_adjusting_threshold-1.tif,45.281,30.337,0.618,11.751,320,16,132.138,6.722,1.943,0.515,0.808
7,Image_14462-1.jpg (red)_after_adjusting_threshold-1.tif,18.595,17.445,0.768,6.334,399,26,31.608,4.979,1.209,0.827,0.840
8,Image_14462-1.jpg (red)_after_adjusting_threshold-1.tif,14.290,15.399,0.757,5.644,635,30,72.897,4.108,1.316,0.760,0.790
9,Image_14462-1.jpg (red)_after_adjusting_threshold-1.tif,22.899,19.406,0.764,6.843,461,18,104.036,5.586,1.055,0.948,0.853
10,Image_14462-1.jpg (red)_after_adjusting_threshold-1.tif,12.741,16.715,0.573,6.561,275,20,161.565,3.306,2.247,0.445,0.771
11,Image_14462-1.jpg (red)_after_adjusting_threshold-1.tif,14.979,15.097,0.826,5.644,654,19,143.973,3.734,1.447,0.691,0.902
12,Image_14462-1.jpg (red)_after_adjusting_threshold-1.tif,13.602,14.268,0.840,5.014,527,23,155.556,3.734,1.275,0.784,0.883
13,Image_14462-1.jpg (red)_after_adjusting_threshold-1.tif,75.412,43.934,0.491,16.017,551,24,126.573,8.286,1.925,0.520,0.755
14,Image_14462-1.jpg (red)_after_adjusting_threshold-1.tif,20.144,17.202,0.856,6.442,253,29,165.069,4.149,1.430,0.699,0.907
15,Image_14462-1.jpg (red)_after_adjusting_threshold-1.tif,29.097,21.594,0.784,8.014,494,27,158.749,5.176,1.498,0.668,0.897
16,Image_14462-1.jpg (red)_after_adjusting_threshold-1.tif,10.847,12.708,0.844,5.281,624,24,135.000,3.227,1.672,0.598,0.851
17,Image_14462-1.jpg (red)_after_adjusting_threshold-1.tif,41.149,26.146,0.756,8.554,470,25,129.094,7.011,1.204,0.831,0.882
18,Image_14462-1.jpg (red)_after_adjusting_threshold-1.tif,54.579,34.789,0.567,13.849,375,27,171.384,5.809,2.469,0.405,0.863
19,Image_14462-1.jpg (red)_after_adjusting_threshold-1.tif,32.368,24.427,0.682,9.325,340,37,20.854,4.564,2.136,0.468,0.885
20,Image_14462-1.jpg (red)_after_adjusting_threshold-1.tif,14.979,14.955,0.842,5.199,661,29,151.390,4.529,1.089,0.919,0.853
21,Image_14462-1.jpg (red)_after_adjusting_threshold-1.tif,21.866,19.104,0.753,6.906,541,30,147.265,4.979,1.586,0.631,0.849
22,Image_14462-1.jpg (red)_after_adjusting_threshold-1.tif,25.309,18.962,0.885,7.258,239,41,30.964,4.988,1.453,0.688,0.916
23,Image_14462-1.jpg (red)_after_adjusting_threshold-1.tif,93.145,47.355,0.522,16.727,280,43,172.875,9.056,1.922,0.520,0.824
24,Image_14462-1.jpg (red)_after_adjusting_threshold-1.tif,11.363,13.538,0.779,5.582,528,31,131.987,3.452,1.728,0.579,0.852
25,Image_14462-1.jpg (red)_after_adjusting_threshold-1.tif,67.836,35.476,0.677,12.097,266,35,95.906,9.129,1.354,0.739,0.854
26,Image_14462-1.jpg (red)_after_adjusting_threshold-1.tif,105.370,45.594,0.637,15.773,660,37,144.638,11.440,1.436,0.696,0.858
27,Image_14462-1.jpg (red)_after_adjusting_threshold-1.tif,22.727,21.209,0.635,7.981,320,49,171.027,4.161,1.894,0.528,0.820
28,Image_14462-1.jpg (red)_after_adjusting_threshold-1.tif,56.473,30.580,0.759,11.744,402,44,147.995,6.998,1.757,0.569,0.914
29,Image_14462-1.jpg (red)_after_adjusting_threshold-1.tif,49.414,31.042,0.644,11.802,510,53,169.875,6.682,2.001,0.500,0.833
30,Image_14462-1.jpg (red)_after_adjusting_threshold-1.tif,112.429,51.629,0.530,18.262,435,47,158.682,9.907,2.324,0.430,0.815
31,Image_14462-1.jpg (red)_after_adjusting_threshold-1.tif,34.607,22.827,0.835,7.981,641,46,98.973,6.561,1.136,0.880,0.889
32,Image_14462-1.jpg (red)_after_adjusting_threshold-1.tif,33.574,25.459,0.651,7.873,192,60,18.435,6.441,1.184,0.844,0.841
33,Image_14462-1.jpg (red)_after_adjusting_threshold-1.tif,18.250,17.101,0.784,6.168,481,50,137.726,4.979,1.068,0.937,0.872
34,Image_14462-1.jpg (red)_after_adjusting_threshold-1.tif,23.760,20.965,0.679,7.718,494,53,143.746,5.117,1.747,0.573,0.793
35,Image_14462-1.jpg (red)_after_adjusting_threshold-1.tif,36.673,25.358,0.717,10.497,211,54,161.565,5.084,2.319,0.431,0.884
36,Image_14462-1.jpg (red)_after_adjusting_threshold-1.tif,29.442,27.948,0.474,11.976,362,59,14.036,4.295,3.033,0.330,0.810
37,Image_14462-1.jpg (red)_after_adjusting_threshold-1.tif,32.885,24.872,0.668,9.471,647,73,61.189,5.906,1.665,0.601,0.825
38,Image_14462-1.jpg (red)_after_adjusting_threshold-1.tif,19.283,17.202,0.819,6.168,598,57,160.346,4.979,1.086,0.921,0.882
39,Image_14462-1.jpg (red)_after_adjusting_threshold-1.tif,33.746,25.073,0.675,7.981,313,61,171.027,6.948,1.192,0.839,0.850
40,Image_14462-1.jpg (red)_after_adjusting_threshold-1.tif,20.489,25.358,0.400,6.843,613,59,165.964,5.394,1.215,0.823,0.765
41,Image_14462-1.jpg (red)_after_adjusting_threshold-1.tif,12.224,14.125,0.770,5.644,586,59,143.973,3.521,1.802,0.555,0.821
42,Image_14462-1.jpg (red)_after_adjusting_threshold-1.tif,22.038,17.931,0.861,6.956,151,67,17.354,4.149,1.598,0.626,0.914
43,Image_14462-1.jpg (red)_after_adjusting_threshold-1.tif,47.175,30.354,0.643,11.072,272,65,167.005,7.194,1.762,0.568,0.809
44,Image_14462-1.jpg (red)_after_adjusting_threshold-1.tif,11.536,12.750,0.892,4.694,169,69,45.000,3.319,1.245,0.803,0.918
45,Image_14462-1.jpg (red)_after_adjusting_threshold-1.tif,31.852,25.559,0.613,9.687,353,79,43.264,6.107,1.734,0.577,0.815
46,Image_14462-1.jpg (red)_after_adjusting_threshold-1.tif,21.694,22.969,0.517,6.691,484,74,29.745,5.586,1.055,0.948,0.785
47,Image_14462-1.jpg (red)_after_adjusting_threshold-1.tif,37.878,26.389,0.684,9.898,506,76,33.024,6.412,1.526,0.656,0.851
48,Image_14462-1.jpg (red)_after_adjusting_threshold-1.tif,14.118,17.889,0.554,7.480,580,63,146.310,3.448,2.243,0.446,0.770
49,Image_14462-1.jpg (red)_after_adjusting_threshold-1.tif,32.024,24.528,0.669,8.870,398,77,10.784,6.224,1.481,0.675,0.825
50,Image_14462-1.jpg (red)_after_adjusting_threshold-1.tif,17.562,16.858,0.777,5.897,178,66,129.289,4.882,1.166,0.858,0.840
51,Image_14462-1.jpg (red)_after_adjusting_threshold-1.tif,66.803,36.247,0.639,13.567,420,69,156.571,6.639,2.188,0.457,0.888
52,Image_14462-1.jpg (red)_after_adjusting_threshold-1.tif,33.746,26.632,0.598,9.325,331,69,159.146,6.224,1.661,0.602,0.789
53,Image_14462-1.jpg (red)_after_adjusting_threshold-1.tif,64.048,44.018,0.415,14.897,652,82,12.875,7.887,2.616,0.382,0.687
54,Image_14462-1.jpg (red)_after_adjusting_threshold-1.tif,19.283,17.302,0.809,6.691,702,73,172.875,4.529,1.595,0.627,0.852
55,Image_14462-1.jpg (red)_after_adjusting_threshold-1.tif,104.681,44.622,0.661,17.333,218,103,47.911,9.271,2.168,0.461,0.849
56,Image_14462-1.jpg (red)_after_adjusting_threshold-1.tif,15.496,15.056,0.859,5.897,255,71,129.289,3.814,1.582,0.632,0.887
57,Image_14462-1.jpg (red)_after_adjusting_threshold-1.tif,28.236,23.413,0.647,8.152,310,71,104.744,6.036,1.268,0.789,0.794
58,Image_14462-1.jpg (red)_after_adjusting_threshold-1.tif,35.123,26.674,0.620,10.772,198,80,15.642,4.979,2.113,0.473,0.877
59,Image_14462-1.jpg (red)_after_adjusting_threshold-1.tif,26.687,22.139,0.684,8.753,460,86,31.430,4.454,2.244,0.446,0.845
60,Image_14462-1.jpg (red)_after_adjusting_threshold-1.tif,60.260,34.990,0.619,11.969,688,74,146.310,7.876,1.614,0.620,0.871
61,Image_14462-1.jpg (red)_after_adjusting_threshold-1.tif,35.984,29.910,0.505,11.751,527,76,137.862,5.868,2.255,0.444,0.802
62,Image_14462-1.jpg (red)_after_adjusting_threshold-1.tif,10.847,13.781,0.718,5.644,164,77,143.973,3.337,1.852,0.540,0.834
63,Image_14462-1.jpg (red)_after_adjusting_threshold-1.tif,37.361,36.650,0.350,12.097,626,84,174.094,4.967,2.517,0.397,0.753
64,Image_14462-1.jpg (red)_after_adjusting_threshold-1.tif,18.595,20.035,0.582,7.247,175,87,13.241,4.804,1.549,0.646,0.720
65,Image_14462-1.jpg (red)_after_adjusting_threshold-1.tif,28.925,28.736,0.440,7.927,366,79,132.879,6.636,1.232,0.812,0.769
66,Image_14462-1.jpg (red)_after_adjusting_threshold-1.tif,12.913,15.785,0.651,6.334,475,88,31.608,3.412,2.135,0.468,0.811
67,Image_14462-1.jpg (red)_after_adjusting_threshold-1.tif,35.295,25.459,0.684,10.036,559,81,172.875,5.773,1.976,0.506,0.861
68,Image_14462-1.jpg (red)_after_adjusting_threshold-1.tif,28.925,23.941,0.634,8.402,503,82,147.095,6.208,1.280,0.781,0.806
69,Image_14462-1.jpg (red)_after_adjusting_threshold-1.tif,39.428,36.650,0.369,10.248,577,89,158.629,8.477,1.113,0.899,0.643
70,Image_14462-1.jpg (red)_after_adjusting_threshold-1.tif,108.813,40.900,0.817,12.890,268,110,56.821,12.000,1.088,0.919,0.923
71,Image_14462-1.jpg (red)_after_adjusting_threshold-1.tif,48.553,35.375,0.488,11.529,601,99,30.256,7.102,1.727,0.579,0.731
72,Image_14462-1.jpg (red)_after_adjusting_threshold-1.tif,61.121,33.816,0.672,12.097,328,95,174.094,7.676,1.591,0.628,0.860
73,Image_14462-1.jpg (red)_after_adjusting_threshold-1.tif,32.541,22.323,0.821,7.829,248,83,122.005,6.124,1.144,0.874,0.913
74,Image_14462-1.jpg (red)_after_adjusting_threshold-1.tif,18.078,17.889,0.710,6.126,451,96,61.699,4.949,1.285,0.778,0.827
75,Image_14462-1.jpg (red)_after_adjusting_threshold-1.tif,98.483,51.320,0.470,15.081,420,121,82.093,10.856,1.301,0.769,0.788
76,Image_14462-1.jpg (red)_after_adjusting_threshold-1.tif,12.396,13.538,0.850,4.839,362,87,120.964,3.897,1.232,0.812,0.862
77,Image_14462-1.jpg (red)_after_adjusting_threshold-1.tif,31.163,32.198,0.378,11.802,475,89,169.875,4.564,3.044,0.329,0.754
78,Image_14462-1.jpg (red)_after_adjusting_threshold-1.tif,42.354,30.396,0.576,8.880,150,105,37.405,7.423,1.106,0.904,0.854
79,Image_14462-1.jpg (red)_after_adjusting_threshold-1.tif,25.309,22.726,0.616,7.651,399,106,77.471,5.693,1.383,0.723,0.782
80,Image_14462-1.jpg (red)_after_adjusting_threshold-1.tif,49.414,31.611,0.621,11.802,289,99,10.125,6.224,2.007,0.498,0.831
81,Image_14462-1.jpg (red)_after_adjusting_threshold-1.tif,34.951,28.979,0.523,11.288,539,107,36.027,6.284,1.877,0.533,0.766
82,Image_14462-1.jpg (red)_after_adjusting_threshold-1.tif,22.899,19.893,0.727,7.423,435,105,26.565,4.731,1.653,0.605,0.831
83,Image_14462-1.jpg (red)_after_adjusting_threshold-1.tif,126.719,51.948,0.590,16.535,180,92,107.526,11.027,1.441,0.694,0.861
84,Image_14462-1.jpg (red)_after_adjusting_threshold-1.tif,33.918,23.900,0.746,9.766,625,96,167.735,5.334,1.865,0.536,0.887
85,Image_14462-1.jpg (red)_after_adjusting_threshold-1.tif,11.363,16.858,0.502,6.652,647,93,176.424,2.860,2.304,0.434,0.750
86,Image_14462-1.jpg (red)_after_adjusting_threshold-1.tif,48.553,31.327,0.622,12.337,665,94,160.346,6.866,1.888,0.530,0.846
87,Image_14462-1.jpg (red)_after_adjusting_threshold-1.tif,29.097,23.313,0.673,7.829,469,110,57.995,5.573,1.379,0.725,0.837
88,Image_14462-1.jpg (red)_after_adjusting_threshold-1.tif,19.800,17.202,0.841,6.442,382,100,165.069,4.149,1.600,0.625,0.885
89,Image_14462-1.jpg (red)_after_adjusting_threshold-1.tif,20.661,18.861,0.730,7.247,365,99,156.371,4.513,1.623,0.616,0.839
90,Image_14462-1.jpg (red)_after_adjusting_threshold-1.tif,108.813,41.789,0.783,15.081,231,106,172.093,11.584,1.235,0.810,0.909
91,Image_14462-1.jpg (red)_after_adjusting_threshold-1.tif,14.979,14.226,0.930,5.394,618,102,157.380,3.814,1.379,0.725,0.892
92,Image_14462-1.jpg (red)_after_adjusting_threshold-1.tif,44.765,29.768,0.635,10.772,645,112,15.642,6.751,1.860,0.538,0.769
93,Image_14462-1.jpg (red)_after_adjusting_threshold-1.tif,18.595,18.375,0.692,7.258,717,115,59.036,4.250,1.793,0.558,0.828
94,Image_14462-1.jpg (red)_after_adjusting_threshold-1.tif,32.541,24.830,0.663,8.152,561,108,165.256,5.575,1.449,0.690,0.863
95,Image_14462-1.jpg (red)_after_adjusting_threshold-1.tif,42.182,25.761,0.799,9.462,457,104,105.255,6.455,1.475,0.678,0.902
96,Image_14462-1.jpg (red)_after_adjusting_threshold-1.tif,84.537,44.806,0.529,17.338,222,106,111.038,7.497,2.638,0.379,0.845
97,Image_14462-1.jpg (red)_after_adjusting_threshold-1.tif,34.435,32.743,0.404,10.915,311,106,98.746,5.079,2.291,0.437,0.771
98,Image_14462-1.jpg (red)_after_adjusting_threshold-1.tif,44.593,28.695,0.681,9.185,429,117,18.435,7.884,1.059,0.944,0.862
99,Image_14462-1.jpg (red)_after_adjusting_threshold-1.tif,75.756,36.809,0.703,13.567,471,138,66.571,7.629,1.811,0.552,0.867
100,Image_14462-1.jpg (red)_after_adjusting_threshold-1.tif,51.824,32.945,0.600,10.579,498,109,138.180,7.392,1.455,0.687,0.817
101,Image_14462-1.jpg (red)_after_adjusting_threshold-1.tif,45.798,27.219,0.777,9.898,518,123,33.024,7.172,1.410,0.709,0.890
102,Image_14462-1.jpg (red)_after_adjusting_threshold-1.tif,34.607,30.539,0.466,10.248,322,109,111.371,5.394,1.781,0.561,0.839
103,Image_14462-1.jpg (red)_after_adjusting_threshold-1.tif,142.387,49.240,0.738,16.727,334,111,156.615,10.984,1.463,0.684,0.909
104,Image_14462-1.jpg (red)_after_adjusting_threshold-1.tif,43.732,30.052,0.608,11.326,584,110,98.427,7.011,1.741,0.574,0.794
105,Image_14462-1.jpg (red)_after_adjusting_threshold-1.tif,275.476,72.042,0.667,23.487,647,147,32.005,16.722,1.251,0.799,0.875
106,Image_14462-1.jpg (red)_after_adjusting_threshold-1.tif,17.389,16.472,0.805,6.805,160,112,127.569,3.734,1.935,0.517,0.878
107,Image_14462-1.jpg (red)_after_adjusting_threshold-1.tif,15.840,15.886,0.789,6.561,265,121,34.695,3.521,1.956,0.511,0.880
108,Image_14462-1.jpg (red)_after_adjusting_threshold-1.tif,80.405,43.348,0.538,12.809,594,114,114.905,10.366,1.113,0.899,0.848
109,Image_14462-1.jpg (red)_after_adjusting_threshold-1.tif,13.602,18.962,0.475,6.482,697,125,39.806,3.814,1.989,0.503,0.715
110,Image_14462-1.jpg (red)_after_adjusting_threshold-1.tif,39.944,30.597,0.536,9.687,533,124,170.134,7.051,1.414,0.707,0.775
111,Image_14462-1.jpg (red)_after_adjusting_threshold-1.tif,11.536,14.167,0.722,5.644,715,116,126.027,3.711,1.463,0.684,0.887
112,Image_14462-1.jpg (red)_after_adjusting_threshold-1.tif,11.536,14.813,0.661,6.755,155,118,132.510,2.641,2.928,0.342,0.822
113,Image_14462-1.jpg (red)_after_adjusting_threshold-1.tif,10.158,15.299,0.545,6.126,707,118,118.301,3.340,1.973,0.507,0.702
114,Image_14462-1.jpg (red)_after_adjusting_threshold-1.tif,89.358,41.789,0.643,15.257,612,144,22.380,10.105,1.579,0.633,0.854
115,Image_14462-1.jpg (red)_after_adjusting_threshold-1.tif,44.248,29.952,0.620,10.248,123,131,21.371,6.639,1.628,0.614,0.882
116,Image_14462-1.jpg (red)_after_adjusting_threshold-1.tif,65.942,34.261,0.706,11.947,731,138,20.323,7.979,1.519,0.658,0.893
117,Image_14462-1.jpg (red)_after_adjusting_threshold-1.tif,23.760,21.795,0.629,7.718,572,122,126.254,5.281,1.279,0.782,0.786
118,Image_14462-1.jpg (red)_after_adjusting_threshold-1.tif,13.946,14.511,0.832,5.199,115,134,61.390,4.117,1.226,0.815,0.885
119,Image_14462-1.jpg (red)_after_adjusting_threshold-1.tif,33.574,25.903,0.629,8.938,198,125,158.199,7.154,1.176,0.851,0.782
120,Image_14462-1.jpg (red)_after_adjusting_threshold-1.tif,15.840,15.198,0.862,5.779,704,123,111.038,3.963,1.486,0.673,0.885
121,Image_14462-1.jpg (red)_after_adjusting_threshold-1.tif,131.884,64.372,0.400,20.349,389,132,163.413,11.736,1.923,0.520,0.739
122,Image_14462-1.jpg (red)_after_adjusting_threshold-1.tif,26.687,24.729,0.548,10.398,107,127,118.610,3.706,3.249,0.308,0.840
123,Image_14462-1.jpg (red)_after_adjusting_threshold-1.tif,62.671,40.112,0.489,15.855,93,128,132.879,7.440,2.276,0.439,0.784
124,Image_14462-1.jpg (red)_after_adjusting_threshold-1.tif,30.130,21.511,0.818,7.873,526,141,18.435,5.868,1.294,0.773,0.875
125,Image_14462-1.jpg (red)_after_adjusting_threshold-1.tif,36.501,27.118,0.624,10.603,185,131,149.421,6.214,1.694,0.590,0.811
126,Image_14462-1.jpg (red)_after_adjusting_threshold-1.tif,32.368,28.837,0.489,10.915,265,136,171.254,6.139,1.961,0.510,0.708
127,Image_14462-1.jpg (red)_after_adjusting_threshold-1.tif,37.534,30.597,0.504,8.957,550,137,166.608,7.278,1.131,0.884,0.813
128,Image_14462-1.jpg (red)_after_adjusting_threshold-1.tif,291.488,91.977,0.433,29.463,127,154,179.193,18.519,1.712,0.584,0.747
129,Image_14462-1.jpg (red)_after_adjusting_threshold-1.tif,17.562,15.542,0.914,5.941,251,141,24.775,4.564,1.318,0.759,0.907
130,Image_14462-1.jpg (red)_after_adjusting_threshold-1.tif,40.116,26.632,0.711,9.687,291,142,170.134,6.639,1.501,0.666,0.873
131,Image_14462-1.jpg (red)_after_adjusting_threshold-1.tif,30.991,21.066,0.878,7.090,512,150,69.444,6.429,1.023,0.977,0.905
132,Image_14462-1.jpg (red)_after_adjusting_threshold-1.tif,23.932,21.552,0.647,8.909,117,135,152.241,4.761,2.136,0.468,0.835
133,Image_14462-1.jpg (red)_after_adjusting_threshold-1.tif,21.177,18.761,0.756,6.691,491,140,150.255,4.955,1.135,0.881,0.860
134,Image_14462-1.jpg (red)_after_adjusting_threshold-1.tif,31.680,25.802,0.598,8.554,354,149,14.036,6.010,1.423,0.703,0.786
135,Image_14462-1.jpg (red)_after_adjusting_threshold-1.tif,64.393,38.754,0.539,14.735,200,170,57.653,7.629,2.097,0.477,0.782
136,Image_14462-1.jpg (red)_after_adjusting_threshold-1.tif,51.996,27.219,0.882,9.325,335,141,110.854,7.776,1.195,0.837,0.926
137,Image_14462-1.jpg (red)_after_adjusting_threshold-1.tif,82.815,42.660,0.572,16.519,569,155,11.592,8.536,1.950,0.513,0.855
138,Image_14462-1.jpg (red)_after_adjusting_threshold-1.tif,17.734,18.618,0.643,7.927,615,149,6.009,3.734,1.978,0.506,0.827
139,Image_14462-1.jpg (red)_after_adjusting_threshold-1.tif,16.184,20.580,0.480,6.755,631,154,10.620,4.564,1.498,0.668,0.726
140,Image_14462-1.jpg (red)_after_adjusting_threshold-1.tif,10.158,11.879,0.905,4.272,311,157,60.945,3.521,1.204,0.831,0.868
141,Image_14462-1.jpg (red)_after_adjusting_threshold-1.tif,36.673,28.393,0.572,10.892,380,148,130.365,6.322,2.179,0.459,0.805
142,Image_14462-1.jpg (red)_after_adjusting_threshold-1.tif,13.257,13.681,0.890,5.314,691,159,51.340,3.897,1.371,0.729,0.906
143,Image_14462-1.jpg (red)_after_adjusting_threshold-1.tif,42.010,32.927,0.487,11.326,245,167,28.443,5.645,2.243,0.446,0.801
144,Image_14462-1.jpg (red)_after_adjusting_threshold-1.tif,19.972,18.861,0.705,6.868,299,152,115.017,4.839,1.363,0.734,0.835
145,Image_14462-1.jpg (red)_after_adjusting_threshold-1.tif,112.945,45.233,0.694,15.035,538,178,39.401,10.009,1.343,0.744,0.908
146,Image_14462-1.jpg (red)_after_adjusting_threshold-1.tif,45.798,28.091,0.729,10.248,270,155,158.629,6.224,1.679,0.595,0.900
147,Image_14462-1.jpg (red)_after_adjusting_threshold-1.tif,13.257,18.761,0.473,6.561,373,154,124.695,4.341,1.762,0.567,0.723
148,Image_14462-1.jpg (red)_after_adjusting_threshold-1.tif,18.422,18.375,0.686,6.704,621,154,111.801,4.860,1.435,0.697,0.805
149,Image_14462-1.jpg (red)_after_adjusting_threshold-1.tif,112.773,50.817,0.549,16.315,33,173,7.306,10.577,1.500,0.666,0.859
150,Image_14462-1.jpg (red)_after_adjusting_threshold-1.tif,15.151,15.097,0.835,5.281,361,165,45.000,4.149,1.146,0.873,0.907
151,Image_14462-1.jpg (red)_after_adjusting_threshold-1.tif,121.554,51.462,0.577,15.642,449,156,111.801,12.147,1.161,0.861,0.817
152,Image_14462-1.jpg (red)_after_adjusting_threshold-1.tif,47.003,29.709,0.669,12.033,118,157,133.603,6.199,1.935,0.517,0.865
153,Image_14462-1.jpg (red)_after_adjusting_threshold-1.tif,123.276,59.719,0.434,16.204,477,171,166.675,11.884,1.338,0.748,0.815
154,Image_14462-1.jpg (red)_after_adjusting_threshold-1.tif,38.222,30.639,0.512,10.045,520,172,38.290,6.838,1.776,0.563,0.721
155,Image_14462-1.jpg (red)_after_adjusting_threshold-1.tif,32.368,23.597,0.730,8.753,721,157,121.430,6.224,1.246,0.803,0.876
156,Image_14462-1.jpg (red)_after_adjusting_threshold-1.tif,43.904,27.261,0.742,9.462,230,161,142.125,6.955,1.358,0.736,0.873
157,Image_14462-1.jpg (red)_after_adjusting_threshold-1.tif,34.607,29.952,0.485,10.273,637,159,136.637,6.161,1.811,0.552,0.839
158,Image_14462-1.jpg (red)_after_adjusting_threshold-1.tif,28.236,22.768,0.685,8.753,398,160,148.570,5.240,1.658,0.603,0.841
159,Image_14462-1.jpg (red)_after_adjusting_threshold-1.tif,25.998,22.181,0.664,8.822,593,160,131.186,5.334,1.502,0.666,0.832
160,Image_14462-1.jpg (red)_after_adjusting_threshold-1.tif,118.455,58.001,0.442,18.580,693,160,150.573,12.433,1.629,0.614,0.724
161,Image_14462-1.jpg (red)_after_adjusting_threshold-1.tif,79.199,52.962,0.355,15.104,320,162,142.815,9.661,1.881,0.532,0.740
162,Image_14462-1.jpg (red)_after_adjusting_threshold-1.tif,19.456,21.493,0.529,9.100,411,161,155.772,3.450,2.688,0.372,0.799
163,Image_14462-1.jpg (red)_after_adjusting_threshold-1.tif,20.489,20.722,0.600,8.057,659,167,11.889,4.149,2.302,0.434,0.785
164,Image_14462-1.jpg (red)_after_adjusting_threshold-1.tif,15.840,18.274,0.596,7.054,210,178,61.928,4.213,1.927,0.519,0.767
165,Image_14462-1.jpg (red)_after_adjusting_threshold-1.tif,41.666,25.459,0.808,9.837,734,165,117.646,6.892,1.435,0.697,0.905
166,Image_14462-1.jpg (red)_after_adjusting_threshold-1.tif,14.635,15.198,0.796,5.644,115,168,143.973,4.323,1.287,0.777,0.872
167,Image_14462-1.jpg (red)_after_adjusting_threshold-1.tif,28.581,23.698,0.640,8.724,139,169,154.654,5.938,1.531,0.653,0.845
168,Image_14462-1.jpg (red)_after_adjusting_threshold-1.tif,39.083,33.816,0.429,9.837,374,190,62.354,7.246,1.307,0.765,0.766
169,Image_14462-1.jpg (red)_after_adjusting_threshold-1.tif,130.851,48.570,0.697,15.144,621,206,80.538,12.680,1.075,0.930,0.900
170,Image_14462-1.jpg (red)_after_adjusting_threshold-1.tif,36.673,25.459,0.711,9.624,163,179,7.431,5.371,1.831,0.546,0.861
171,Image_14462-1.jpg (red)_after_adjusting_threshold-1.tif,44.765,27.848,0.725,10.248,192,193,58.241,6.015,1.735,0.576,0.871
172,Image_14462-1.jpg (red)_after_adjusting_threshold-1.tif,37.878,34.403,0.402,10.820,14,177,175.601,5.809,1.727,0.579,0.799
173,Image_14462-1.jpg (red)_after_adjusting_threshold-1.tif,11.363,16.715,0.511,6.906,311,173,122.735,2.877,3.025,0.331,0.729
174,Image_14462-1.jpg (red)_after_adjusting_threshold-1.tif,10.675,15.886,0.532,5.249,670,173,108.435,3.521,1.559,0.642,0.713
175,Image_14462-1.jpg (red)_after_adjusting_threshold-1.tif,29.269,23.011,0.695,8.664,407,181,163.301,4.811,1.906,0.525,0.865
176,Image_14462-1.jpg (red)_after_adjusting_threshold-1.tif,66.459,38.712,0.557,13.743,682,176,118.887,7.062,2.090,0.478,0.806
177,Image_14462-1.jpg (red)_after_adjusting_threshold-1.tif,35.295,24.528,0.737,8.268,303,197,72.474,6.224,1.334,0.750,0.870
178,Image_14462-1.jpg (red)_after_adjusting_threshold-1.tif,13.774,16.715,0.619,6.126,660,181,151.699,3.930,1.578,0.634,0.812
179,Image_14462-1.jpg (red)_after_adjusting_threshold-1.tif,13.946,14.854,0.794,5.199,428,187,28.610,3.734,1.277,0.783,0.900
180,Image_14462-1.jpg (red)_after_adjusting_threshold-1.tif,36.328,30.639,0.486,10.407,95,181,113.499,6.992,1.795,0.557,0.726
181,Image_14462-1.jpg (red)_after_adjusting_threshold-1.tif,28.064,22.868,0.674,9.110,578,200,59.931,5.832,1.681,0.595,0.836
182,Image_14462-1.jpg (red)_after_adjusting_threshold-1.tif,97.794,44.303,0.626,15.403,638,181,117.255,9.614,1.634,0.612,0.850
183,Image_14462-1.jpg (red)_after_adjusting_threshold-1.tif,104.681,48.000,0.571,16.457,262,184,146.310,10.090,1.676,0.597,0.809
184,Image_14462-1.jpg (red)_after_adjusting_threshold-1.tif,94.006,47.254,0.529,16.145,128,201,25.907,10.720,1.321,0.757,0.774
185,Image_14462-1.jpg (red)_after_adjusting_threshold-1.tif,15.323,18.375,0.570,6.224,32,198,53.130,4.786,1.353,0.739,0.742
186,Image_14462-1.jpg (red)_after_adjusting_threshold-1.tif,13.602,15.684,0.695,5.941,42,185,155.225,3.319,1.838,0.544,0.849
187,Image_14462-1.jpg (red)_after_adjusting_threshold-1.tif,20.661,20.722,0.605,7.971,221,199,51.340,4.401,2.016,0.496,0.845
188,Image_14462-1.jpg (red)_after_adjusting_threshold-1.tif,53.374,35.677,0.527,10.892,717,189,139.635,7.917,1.299,0.770,0.849
189,Image_14462-1.jpg (red)_after_adjusting_threshold-1.tif,29.442,22.525,0.729,9.138,341,203,50.528,5.010,1.875,0.533,0.881
190,Image_14462-1.jpg (red)_after_adjusting_threshold-1.tif,14.118,14.268,0.872,5.014,60,198,65.556,4.149,1.040,0.962,0.896
191,Image_14462-1.jpg (red)_after_adjusting_threshold-1.tif,38.911,26.490,0.697,9.325,114,187,110.854,6.994,1.249,0.800,0.828
192,Image_14462-1.jpg (red)_after_adjusting_threshold-1.tif,44.421,26.917,0.770,10.130,319,188,145.008,6.591,1.512,0.661,0.918
193,Image_14462-1.jpg (red)_after_adjusting_threshold-1.tif,31.508,25.559,0.606,9.480,540,193,156.801,5.809,1.839,0.544,0.797
194,Image_14462-1.jpg (red)_after_adjusting_threshold-1.tif,65.942,34.747,0.686,13.394,72,189,106.189,7.421,1.962,0.510,0.870
195,Image_14462-1.jpg (red)_after_adjusting_threshold-1.tif,18.422,19.549,0.606,7.873,383,191,161.565,3.913,2.417,0.414,0.754
196,Image_14462-1.jpg (red)_after_adjusting_threshold-1.tif,109.846,68.143,0.297,25.069,484,197,167.574,8.113,3.952,0.253,0.706
197,Image_14462-1.jpg (red)_after_adjusting_threshold-1.tif,79.027,44.136,0.510,18.342,158,193,127.648,6.357,3.423,0.292,0.826
198,Image_14462-1.jpg (red)_after_adjusting_threshold-1.tif,31.508,25.216,0.623,10.036,236,194,172.875,5.575,1.739,0.575,0.841
199,Image_14462-1.jpg (red)_after_adjusting_threshold-1.tif,10.158,13.195,0.733,5.941,174,192,114.775,2.818,2.246,0.445,0.868
200,Image_14462-1.jpg (red)_after_adjusting_threshold-1.tif,111.051,50.674,0.543,16.415,446,193,163.856,11.837,1.291,0.774,0.854
201,Image_14462-1.jpg (red)_after_adjusting_threshold-1.tif,30.475,26.247,0.556,11.211,673,192,141.009,4.401,2.629,0.380,0.803
202,Image_14462-1.jpg (red)_after_adjusting_threshold-1.tif,113.978,48.327,0.613,15.144,12,193,99.462,10.668,1.454,0.688,0.888
203,Image_14462-1.jpg (red)_after_adjusting_threshold-1.tif,113.978,49.198,0.592,15.035,745,197,140.599,11.618,1.163,0.859,0.887
204,Image_14462-1.jpg (red)_after_adjusting_threshold-1.tif,99.860,49.702,0.508,17.511,366,196,143.673,9.976,1.747,0.572,0.787
205,Image_14462-1.jpg (red)_after_adjusting_threshold-1.tif,111.568,50.917,0.541,17.179,207,195,127.147,11.837,1.488,0.672,0.790
206,Image_14462-1.jpg (red)_after_adjusting_threshold-1.tif,15.323,15.340,0.818,5.897,563,197,129.289,4.315,1.438,0.695,0.894
207,Image_14462-1.jpg (red)_after_adjusting_threshold-1.tif,13.774,14.712,0.800,5.410,360,202,147.529,4.108,1.384,0.722,0.847
208,Image_14462-1.jpg (red)_after_adjusting_threshold-1.tif,58.367,37.094,0.533,11.288,401,208,143.973,8.907,1.207,0.829,0.865
209,Image_14462-1.jpg (red)_after_adjusting_threshold-1.tif,11.880,14.955,0.667,6.238,583,204,176.186,3.092,1.990,0.503,0.831
210,Image_14462-1.jpg (red)_after_adjusting_threshold-1.tif,195.416,83.275,0.354,21.421,582,233,21.595,13.935,1.653,0.605,0.801
211,Image_14462-1.jpg (red)_after_adjusting_threshold-1.tif,40.633,24.243,0.869,8.792,123,208,160.710,6.455,1.351,0.740,0.902
212,Image_14462-1.jpg (red)_after_adjusting_threshold-1.tif,11.708,14.368,0.713,5.458,298,202,98.746,3.319,1.665,0.601,0.850
213,Image_14462-1.jpg (red)_after_adjusting_threshold-1.tif,11.191,14.955,0.629,5.014,96,203,114.444,4.126,1.212,0.825,0.793
214,Image_14462-1.jpg (red)_after_adjusting_threshold-1.tif,64.393,34.688,0.672,13.516,28,219,17.879,6.298,2.215,0.452,0.886
215,Image_14462-1.jpg (red)_after_adjusting_threshold-1.tif,13.602,14.268,0.840,5.941,574,204,114.775,3.319,1.753,0.570,0.898
216,Image_14462-1.jpg (red)_after_adjusting_threshold-1.tif,29.958,25.174,0.594,9.713,157,205,109.983,4.671,2.366,0.423,0.791
217,Image_14462-1.jpg (red)_after_adjusting_threshold-1.tif,12.052,13.882,0.786,5.394,434,206,157.380,4.028,1.362,0.734,0.824
218,Image_14462-1.jpg (red)_after_adjusting_threshold-1.tif,77.650,37.278,0.702,12.483,238,216,164.578,8.298,1.477,0.677,0.898
219,Image_14462-1.jpg (red)_after_adjusting_threshold-1.tif,83.848,38.997,0.693,13.336,487,206,95.356,10.247,1.241,0.806,0.844
220,Image_14462-1.jpg (red)_after_adjusting_threshold-1.tif,20.489,20.379,0.620,7.971,581,223,51.340,4.691,2.025,0.494,0.799
221,Image_14462-1.jpg (red)_after_adjusting_threshold-1.tif,17.562,15.684,0.897,5.984,424,207,146.310,4.428,1.287,0.777,0.923
222,Image_14462-1.jpg (red)_after_adjusting_threshold-1.tif,20.661,21.410,0.566,8.402,546,208,122.905,4.569,2.238,0.447,0.738
223,Image_14462-1.jpg (red)_after_adjusting_threshold-1.tif,19.456,23.212,0.454,8.402,321,217,20.225,4.149,2.159,0.463,0.761
224,Image_14462-1.jpg (red)_after_adjusting_threshold-1.tif,14.290,15.542,0.743,5.941,562,212,155.225,4.014,1.587,0.630,0.856
225,Image_14462-1.jpg (red)_after_adjusting_threshold-1.tif,19.283,20.722,0.564,8.554,722,210,165.964,4.186,2.505,0.399,0.780
226,Image_14462-1.jpg (red)_after_adjusting_threshold-1.tif,116.389,54.136,0.499,18.837,642,218,172.405,9.237,2.323,0.431,0.806
227,Image_14462-1.jpg (red)_after_adjusting_threshold-1.tif,16.529,21.108,0.466,6.704,339,220,158.199,5.069,1.466,0.682,0.747
228,Image_14462-1.jpg (red)_after_adjusting_threshold-1.tif,34.090,26.775,0.598,11.685,710,215,163.496,4.330,2.860,0.350,0.876
229,Image_14462-1.jpg (red)_after_adjusting_threshold-1.tif,18.422,22.139,0.472,6.691,285,223,172.875,5.394,1.016,0.985,0.711
230,Image_14462-1.jpg (red)_after_adjusting_threshold-1.tif,30.819,25.459,0.598,8.014,360,232,68.749,6.689,1.376,0.727,0.767
231,Image_14462-1.jpg (red)_after_adjusting_threshold-1.tif,34.779,25.174,0.690,9.185,94,236,71.565,6.138,1.445,0.692,0.803
232,Image_14462-1.jpg (red)_after_adjusting_threshold-1.tif,91.079,37.421,0.817,13.793,39,223,136.219,10.441,1.225,0.816,0.933
233,Image_14462-1.jpg (red)_after_adjusting_threshold-1.tif,15.668,17.160,0.669,6.805,111,221,127.569,3.521,2.188,0.457,0.820
234,Image_14462-1.jpg (red)_after_adjusting_threshold-1.tif,49.069,30.983,0.642,11.394,396,243,56.889,6.279,1.929,0.518,0.882
235,Image_14462-1.jpg (red)_after_adjusting_threshold-1.tif,18.078,16.715,0.813,6.704,271,223,158.199,4.366,1.698,0.589,0.879
236,Image_14462-1.jpg (red)_after_adjusting_threshold-1.tif,27.375,22.038,0.708,8.236,505,222,130.914,5.633,1.400,0.714,0.846
237,Image_14462-1.jpg (red)_after_adjusting_threshold-1.tif,241.730,69.535,0.628,25.662,434,223,129.094,14.415,1.953,0.512,0.885
238,Image_14462-1.jpg (red)_after_adjusting_threshold-1.tif,52.340,36.608,0.491,13.509,688,224,137.490,5.885,2.536,0.394,0.862
239,Image_14462-1.jpg (red)_after_adjusting_threshold-1.tif,72.313,43.632,0.477,16.665,755,228,161.114,7.169,2.331,0.429,0.820
240,Image_14462-1.jpg (red)_after_adjusting_threshold-1.tif,51.135,35.091,0.522,13.394,716,229,163.811,6.680,2.137,0.468,0.804
241,Image_14462-1.jpg (red)_after_adjusting_threshold-1.tif,109.502,42.886,0.748,14.451,538,230,129.174,10.631,1.241,0.806,0.914
242,Image_14462-1.jpg (red)_after_adjusting_threshold-1.tif,17.389,16.028,0.851,6.442,164,230,165.069,3.734,1.849,0.541,0.894
243,Image_14462-1.jpg (red)_after_adjusting_threshold-1.tif,205.918,73.785,0.475,22.788,262,274,56.889,15.768,1.541,0.649,0.776
244,Image_14462-1.jpg (red)_after_adjusting_threshold-1.tif,54.579,31.712,0.682,12.316,293,247,32.619,6.309,2.068,0.484,0.890
245,Image_14462-1.jpg (red)_after_adjusting_threshold-1.tif,45.798,38.410,0.390,10.036,522,251,82.875,8.509,1.199,0.834,0.727
246,Image_14462-1.jpg (red)_after_adjusting_threshold-1.tif,115.183,50.817,0.561,16.525,76,229,118.496,11.827,1.462,0.684,0.836
247,Image_14462-1.jpg (red)_after_adjusting_threshold-1.tif,44.765,30.639,0.599,11.173,8,240,15.068,6.565,1.644,0.608,0.823
248,Image_14462-1.jpg (red)_after_adjusting_threshold-1.tif,23.760,20.521,0.709,7.752,748,234,164.476,4.276,1.879,0.532,0.871
249,Image_14462-1.jpg (red)_after_adjusting_threshold-1.tif,85.225,44.723,0.535,16.368,345,259,30.466,7.911,2.047,0.489,0.845
250,Image_14462-1.jpg (red)_after_adjusting_threshold-1.tif,28.753,21.552,0.778,8.402,676,235,147.095,5.575,1.510,0.662,0.881
251,Image_14462-1.jpg (red)_after_adjusting_threshold-1.tif,22.210,17.545,0.907,6.334,117,245,31.608,4.988,1.318,0.759,0.918
252,Image_14462-1.jpg (red)_after_adjusting_threshold-1.tif,161.842,54.438,0.686,20.751,136,250,11.535,11.319,1.786,0.560,0.910
253,Image_14462-1.jpg (red)_after_adjusting_threshold-1.tif,85.053,40.900,0.639,13.687,201,257,14.036,10.540,1.340,0.746,0.823
254,Image_14462-1.jpg (red)_after_adjusting_threshold-1.tif,199.032,65.830,0.577,20.437,296,254,5.826,16.998,1.080,0.926,0.816
255,Image_14462-1.jpg (red)_after_adjusting_threshold-1.tif,155.300,67.976,0.422,24.428,634,244,159.102,10.887,2.656,0.376,0.826
256,Image_14462-1.jpg (red)_after_adjusting_threshold-1.tif,12.052,13.538,0.826,5.314,251,236,128.660,3.798,1.533,0.652,0.881
257,Image_14462-1.jpg (red)_after_adjusting_threshold-1.tif,29.097,22.969,0.693,7.895,235,248,176.987,6.626,1.244,0.804,0.805
258,Image_14462-1.jpg (red)_after_adjusting_threshold-1.tif,19.283,18.719,0.692,6.495,781,248,26.565,5.249,1.260,0.794,0.833
259,Image_14462-1.jpg (red)_after_adjusting_threshold-1.tif,86.258,41.160,0.640,16.931,354,270,36.027,6.748,2.722,0.367,0.905
260,Image_14462-1.jpg (red)_after_adjusting_threshold-1.tif,137.222,53.893,0.594,18.942,26,246,151.189,11.243,1.694,0.590,0.868
261,Image_14462-1.jpg (red)_after_adjusting_threshold-1.tif,175.788,54.765,0.737,18.342,484,244,127.648,14.938,1.140,0.877,0.889
262,Image_14462-1.jpg (red)_after_adjusting_threshold-1.tif,20.833,23.698,0.466,8.554,575,247,165.964,4.120,2.558,0.391,0.708
263,Image_14462-1.jpg (red)_after_adjusting_threshold-1.tif,120.176,60.449,0.413,18.924,403,251,142.125,13.910,1.435,0.697,0.695
264,Image_14462-1.jpg (red)_after_adjusting_threshold-1.tif,18.422,21.938,0.481,8.173,595,245,156.038,3.502,2.308,0.433,0.793
265,Image_14462-1.jpg (red)_after_adjusting_threshold-1.tif,26.687,20.136,0.827,6.956,235,266,72.646,5.814,1.234,0.811,0.859
266,Image_14462-1.jpg (red)_after_adjusting_threshold-1.tif,27.548,21.452,0.752,7.873,694,255,161.565,5.221,1.466,0.682,0.853
267,Image_14462-1.jpg (red)_after_adjusting_threshold-1.tif,32.885,22.424,0.822,8.792,758,251,160.710,4.979,1.755,0.570,0.920
268,Image_14462-1.jpg (red)_after_adjusting_threshold-1.tif,17.217,15.785,0.868,6.168,743,252,160.346,4.149,1.473,0.679,0.922
269,Image_14462-1.jpg (red)_after_adjusting_threshold-1.tif,51.652,28.535,0.797,10.130,528,254,124.992,7.423,1.335,0.749,0.882
270,Image_14462-1.jpg (red)_after_adjusting_threshold-1.tif,22.038,19.104,0.759,7.752,719,258,164.476,3.987,2.041,0.490,0.889
271,Image_14462-1.jpg (red)_after_adjusting_threshold-1.tif,39.083,29.709,0.556,9.407,393,272,41.424,7.469,1.158,0.863,0.780
272,Image_14462-1.jpg (red)_after_adjusting_threshold-1.tif,21.005,19.448,0.698,7.651,563,270,49.399,4.258,1.928,0.519,0.850
273,Image_14462-1.jpg (red)_after_adjusting_threshold-1.tif,119.488,58.403,0.440,18.015,740,256,104.676,11.969,1.404,0.712,0.797
274,Image_14462-1.jpg (red)_after_adjusting_threshold-1.tif,57.333,45.191,0.353,11.072,212,258,102.995,8.660,1.141,0.876,0.784
275,Image_14462-1.jpg (red)_after_adjusting_threshold-1.tif,14.290,15.056,0.792,5.644,612,263,162.897,4.025,1.383,0.723,0.865
276,Image_14462-1.jpg (red)_after_adjusting_threshold-1.tif,43.388,33.129,0.497,11.394,98,288,79.509,7.711,1.340,0.746,0.728
277,Image_14462-1.jpg (red)_after_adjusting_threshold-1.tif,38.911,30.639,0.521,11.477,122,262,130.601,6.227,2.070,0.483,0.733
278,Image_14462-1.jpg (red)_after_adjusting_threshold-1.tif,61.810,38.368,0.528,14.193,75,262,105.255,8.025,1.998,0.501,0.749
279,Image_14462-1.jpg (red)_after_adjusting_threshold-1.tif,99.516,44.480,0.632,14.961,188,262,109.440,9.682,1.790,0.559,0.830
280,Image_14462-1.jpg (red)_after_adjusting_threshold-1.tif,105.025,45.209,0.646,14.735,584,263,99.728,10.763,1.435,0.697,0.875
281,Image_14462-1.jpg (red)_after_adjusting_threshold-1.tif,107.436,45.049,0.665,15.302,599,291,40.601,11.065,1.340,0.746,0.861
282,Image_14462-1.jpg (red)_after_adjusting_threshold-1.tif,51.824,32.115,0.631,10.398,162,267,118.610,8.299,1.332,0.751,0.828
283,Image_14462-1.jpg (red)_after_adjusting_threshold-1.tif,35.812,28.837,0.541,12.062,238,267,130.815,5.078,2.914,0.343,0.803
284,Image_14462-1.jpg (red)_after_adjusting_threshold-1.tif,45.281,31.368,0.578,10.955,111,268,127.304,6.748,1.610,0.621,0.851
285,Image_14462-1.jpg (red)_after_adjusting_threshold-1.tif,15.323,17.445,0.633,7.353,38,271,163.610,3.306,2.485,0.402,0.860
286,Image_14462-1.jpg (red)_after_adjusting_threshold-1.tif,29.958,23.354,0.690,8.184,640,271,120.466,4.941,1.690,0.592,0.879
287,Image_14462-1.jpg (red)_after_adjusting_threshold-1.tif,44.765,28.736,0.681,9.722,4,272,129.806,6.847,1.600,0.625,0.831
288,Image_14462-1.jpg (red)_after_adjusting_threshold-1.tif,27.548,26.004,0.512,10.473,85,271,123.690,3.996,3.136,0.319,0.746
289,Image_14462-1.jpg (red)_after_adjusting_threshold-1.tif,22.038,18.518,0.808,7.718,691,271,143.746,4.501,1.793,0.558,0.905
290,Image_14462-1.jpg (red)_after_adjusting_threshold-1.tif,42.182,27.420,0.705,10.407,307,273,113.499,5.778,1.845,0.542,0.857
291,Image_14462-1.jpg (red)_after_adjusting_threshold-1.tif,41.838,37.924,0.366,13.911,34,275,162.646,6.631,2.333,0.429,0.688
292,Image_14462-1.jpg (red)_after_adjusting_threshold-1.tif,72.140,34.907,0.744,12.147,277,307,82.147,8.748,1.252,0.799,0.873
293,Image_14462-1.jpg (red)_after_adjusting_threshold-1.tif,72.485,35.862,0.708,13.793,333,281,164.291,7.054,2.019,0.495,0.916
294,Image_14462-1.jpg (red)_after_adjusting_threshold-1.tif,35.295,26.591,0.627,8.957,404,299,76.608,5.892,1.544,0.648,0.801
295,Image_14462-1.jpg (red)_after_adjusting_threshold-1.tif,29.786,24.042,0.648,7.617,479,295,60.642,5.730,1.231,0.812,0.852
296,Image_14462-1.jpg (red)_after_adjusting_threshold-1.tif,18.767,18.719,0.673,7.651,141,282,167.471,4.104,1.916,0.522,0.832
297,Image_14462-1.jpg (red)_after_adjusting_threshold-1.tif,12.224,13.438,0.851,4.731,365,282,127.875,3.734,1.059,0.944,0.877
298,Image_14462-1.jpg (red)_after_adjusting_threshold-1.tif,38.050,33.775,0.419,9.480,554,301,66.801,6.455,1.416,0.706,0.774
299,Image_14462-1.jpg (red)_after_adjusting_threshold-1.tif,49.241,34.462,0.521,10.172,383,305,78.232,8.171,1.159,0.863,0.786
300,Image_14462-1.jpg (red)_after_adjusting_threshold-1.tif,21.694,23.900,0.477,6.704,529,297,68.199,5.381,1.135,0.881,0.821
301,Image_14462-1.jpg (red)_after_adjusting_threshold-1.tif,14.635,15.584,0.757,6.279,232,285,97.595,2.905,2.010,0.498,0.914
302,Image_14462-1.jpg (red)_after_adjusting_threshold-1.tif,139.115,47.070,0.789,17.108,424,326,75.964,12.030,1.402,0.713,0.902
303,Image_14462-1.jpg (red)_after_adjusting_threshold-1.tif,15.840,15.542,0.824,5.779,471,286,111.038,4.434,1.331,0.751,0.856
304,Image_14462-1.jpg (red)_after_adjusting_threshold-1.tif,14.979,15.056,0.830,5.582,632,287,131.987,3.814,1.514,0.661,0.883
305,Image_14462-1.jpg (red)_after_adjusting_threshold-1.tif,40.116,32.927,0.465,13.259,493,289,159.864,4.872,2.700,0.370,0.805
306,Image_14462-1.jpg (red)_after_adjusting_threshold-1.tif,103.992,49.518,0.533,15.492,689,325,82.304,11.496,1.413,0.708,0.805
307,Image_14462-1.jpg (red)_after_adjusting_threshold-1.tif,55.956,36.851,0.518,13.567,706,291,156.571,6.823,2.015,0.496,0.777
308,Image_14462-1.jpg (red)_after_adjusting_threshold-1.tif,53.546,33.431,0.602,12.883,521,305,14.931,6.625,2.140,0.467,0.817
309,Image_14462-1.jpg (red)_after_adjusting_threshold-1.tif,45.109,30.841,0.596,10.398,759,291,118.610,6.313,1.857,0.539,0.802
310,Image_14462-1.jpg (red)_after_adjusting_threshold-1.tif,20.316,20.379,0.615,8.014,618,292,111.251,4.199,2.241,0.446,0.808
311,Image_14462-1.jpg (red)_after_adjusting_threshold-1.tif,75.928,40.230,0.590,13.567,88,301,156.571,8.665,1.629,0.614,0.830
312,Image_14462-1.jpg (red)_after_adjusting_threshold-1.tif,31.680,22.483,0.788,8.802,157,296,171.870,5.753,1.504,0.665,0.895
313,Image_14462-1.jpg (red)_after_adjusting_threshold-1.tif,18.939,19.792,0.608,7.629,211,295,157.620,3.888,2.166,0.462,0.827
314,Image_14462-1.jpg (red)_after_adjusting_threshold-1.tif,45.109,26.104,0.832,9.580,459,294,107.650,6.616,1.364,0.733,0.903
315,Image_14462-1.jpg (red)_after_adjusting_threshold-1.tif,32.368,27.462,0.539,10.096,66,302,170.538,5.394,1.816,0.551,0.821
316,Image_14462-1.jpg (red)_after_adjusting_threshold-1.tif,17.562,17.059,0.758,6.320,55,311,66.801,4.483,1.326,0.754,0.819
317,Image_14462-1.jpg (red)_after_adjusting_threshold-1.tif,29.958,25.559,0.576,10.497,574,301,161.565,5.206,2.440,0.410,0.767
318,Image_14462-1.jpg (red)_after_adjusting_threshold-1.tif,121.382,45.393,0.740,15.800,301,299,113.199,11.928,1.401,0.714,0.887
319,Image_14462-1.jpg (red)_after_adjusting_threshold-1.tif,31.852,24.830,0.649,9.325,348,309,20.854,5.868,1.718,0.582,0.815
320,Image_14462-1.jpg (red)_after_adjusting_threshold-1.tif,13.257,13.538,0.909,5.314,388,307,38.660,3.521,1.440,0.695,0.917
321,Image_14462-1.jpg (red)_after_adjusting_threshold-1.tif,12.741,16.858,0.563,7.103,552,303,173.290,2.864,2.728,0.367,0.771
322,Image_14462-1.jpg (red)_after_adjusting_threshold-1.tif,32.196,26.917,0.558,11.173,388,314,21.801,4.979,2.284,0.438,0.846
323,Image_14462-1.jpg (red)_after_adjusting_threshold-1.tif,15.840,16.715,0.712,6.224,570,304,143.130,4.258,1.528,0.655,0.829
324,Image_14462-1.jpg (red)_after_adjusting_threshold-1.tif,144.281,50.875,0.700,16.566,587,313,157.932,13.954,1.036,0.965,0.854
325,Image_14462-1.jpg (red)_after_adjusting_threshold-1.tif,25.482,20.379,0.771,7.388,173,315,38.157,5.281,1.584,0.631,0.865
326,Image_14462-1.jpg (red)_after_adjusting_threshold-1.tif,16.184,17.788,0.643,6.755,10,312,10.620,3.734,2.036,0.491,0.790
327,Image_14462-1.jpg (red)_after_adjusting_threshold-1.tif,41.494,27.948,0.668,10.955,231,322,24.624,5.481,2.038,0.491,0.870
328,Image_14462-1.jpg (red)_after_adjusting_threshold-1.tif,26.859,25.459,0.521,9.213,487,315,7.765,4.979,2.048,0.488,0.784
329,Image_14462-1.jpg (red)_after_adjusting_threshold-1.tif,76.961,52.494,0.351,18.342,669,308,127.648,6.901,3.573,0.280,0.730
330,Image_14462-1.jpg (red)_after_adjusting_threshold-1.tif,29.097,25.216,0.575,8.173,335,308,113.962,6.528,1.040,0.961,0.760
331,Image_14462-1.jpg (red)_after_adjusting_threshold-1.tif,47.003,30.556,0.633,10.036,466,317,172.875,7.303,1.278,0.783,0.853
332,Image_14462-1.jpg (red)_after_adjusting_threshold-1.tif,47.864,27.320,0.806,9.863,208,323,22.249,7.001,1.445,0.692,0.881
333,Image_14462-1.jpg (red)_after_adjusting_threshold-1.tif,51.996,35.091,0.531,13.233,563,309,131.186,6.847,2.267,0.441,0.763
334,Image_14462-1.jpg (red)_after_adjusting_threshold-1.tif,106.747,52.133,0.494,17.847,58,312,144.462,10.325,1.956,0.511,0.746
335,Image_14462-1.jpg (red)_after_adjusting_threshold-1.tif,41.838,29.809,0.592,11.529,106,332,30.256,6.350,2.352,0.425,0.797
336,Image_14462-1.jpg (red)_after_adjusting_threshold-1.tif,20.316,18.476,0.748,7.388,25,313,128.157,4.258,1.768,0.566,0.881
337,Image_14462-1.jpg (red)_after_adjusting_threshold-1.tif,53.546,32.257,0.647,11.211,142,313,128.991,7.785,1.570,0.637,0.834
338,Image_14462-1.jpg (red)_after_adjusting_threshold-1.tif,27.548,20.722,0.806,7.353,158,317,163.610,6.161,1.090,0.917,0.849
339,Image_14462-1.jpg (red)_after_adjusting_threshold-1.tif,14.290,15.340,0.763,5.582,772,313,131.987,4.419,1.171,0.854,0.847
340,Image_14462-1.jpg (red)_after_adjusting_threshold-1.tif,188.013,59.737,0.662,22.097,183,318,145.713,11.386,2.043,0.489,0.897
341,Image_14462-1.jpg (red)_after_adjusting_threshold-1.tif,12.224,15.986,0.601,6.126,7,318,151.699,3.375,1.879,0.532,0.759
342,Image_14462-1.jpg (red)_after_adjusting_threshold-1.tif,11.536,14.226,0.716,5.536,44,330,77.005,3.280,1.837,0.544,0.793
343,Image_14462-1.jpg (red)_after_adjusting_threshold-1.tif,13.774,14.167,0.862,5.314,246,318,141.340,3.734,1.093,0.915,0.904
344,Image_14462-1.jpg (red)_after_adjusting_threshold-1.tif,36.501,27.764,0.595,9.278,374,317,100.305,6.313,1.638,0.610,0.795
345,Image_14462-1.jpg (red)_after_adjusting_threshold-1.tif,63.532,32.441,0.759,12.062,271,318,139.185,8.647,1.319,0.758,0.900
346,Image_14462-1.jpg (red)_after_adjusting_threshold-1.tif,20.489,20.035,0.641,7.629,229,327,22.380,4.238,1.849,0.541,0.841
347,Image_14462-1.jpg (red)_after_adjusting_threshold-1.tif,16.529,17.889,0.649,7.480,492,321,146.310,3.396,2.469,0.405,0.842
348,Image_14462-1.jpg (red)_after_adjusting_threshold-1.tif,42.699,26.632,0.757,9.580,540,329,4.970,6.270,1.583,0.632,0.873
349,Image_14462-1.jpg (red)_after_adjusting_threshold-1.tif,37.361,26.573,0.665,10.248,625,323,121.759,5.371,2.122,0.471,0.858
350,Image_14462-1.jpg (red)_after_adjusting_threshold-1.tif,59.572,34.948,0.613,12.483,753,322,111.448,8.714,1.501,0.666,0.840
351,Image_14462-1.jpg (red)_after_adjusting_threshold-1.tif,60.088,38.226,0.517,11.333,517,330,156.251,7.941,1.380,0.725,0.842
352,Image_14462-1.jpg (red)_after_adjusting_threshold-1.tif,12.052,14.268,0.744,5.410,257,332,32.471,3.319,1.675,0.597,0.859
353,Image_14462-1.jpg (red)_after_adjusting_threshold-1.tif,13.085,13.538,0.897,4.997,380,335,41.634,3.983,1.193,0.838,0.874
354,Image_14462-1.jpg (red)_after_adjusting_threshold-1.tif,40.116,28.938,0.602,10.860,328,334,6.582,6.696,1.558,0.642,0.813
355,Image_14462-1.jpg (red)_after_adjusting_threshold-1.tif,79.888,44.136,0.515,14.326,437,343,10.008,8.789,1.650,0.606,0.848
356,Image_14462-1.jpg (red)_after_adjusting_threshold-1.tif,66.803,43.834,0.437,14.404,713,330,138.504,6.866,2.346,0.426,0.745
357,Image_14462-1.jpg (red)_after_adjusting_threshold-1.tif,21.866,20.722,0.640,7.054,117,331,151.928,5.419,1.238,0.808,0.801
358,Image_14462-1.jpg (red)_after_adjusting_threshold-1.tif,67.147,32.601,0.794,12.545,405,328,124.216,7.335,1.707,0.586,0.918
359,Image_14462-1.jpg (red)_after_adjusting_threshold-1.tif,75.412,41.830,0.542,13.749,697,328,95.194,10.127,1.450,0.690,0.734
360,Image_14462-1.jpg (red)_after_adjusting_threshold-1.tif,31.508,24.285,0.671,8.976,162,331,146.310,5.651,1.637,0.611,0.843
361,Image_14462-1.jpg (red)_after_adjusting_threshold-1.tif,29.786,27.320,0.501,9.325,228,329,147.724,5.722,1.711,0.584,0.785
362,Image_14462-1.jpg (red)_after_adjusting_threshold-1.tif,15.496,14.368,0.943,5.249,244,333,161.565,4.149,1.104,0.906,0.918
363,Image_14462-1.jpg (red)_after_adjusting_threshold-1.tif,22.899,18.518,0.839,7.139,30,342,35.538,4.911,1.421,0.704,0.911
364,Image_14462-1.jpg (red)_after_adjusting_threshold-1.tif,63.015,44.178,0.406,14.278,647,355,35.538,7.468,1.912,0.523,0.798
365,Image_14462-1.jpg (red)_after_adjusting_threshold-1.tif,14.118,16.229,0.674,5.941,322,347,77.905,3.931,1.503,0.665,0.800
366,Image_14462-1.jpg (red)_after_adjusting_threshold-1.tif,27.720,25.660,0.529,7.752,138,352,74.476,6.235,1.446,0.692,0.739
367,Image_14462-1.jpg (red)_after_adjusting_threshold-1.tif,41.494,29.424,0.602,10.668,382,336,103.496,6.634,1.750,0.571,0.779
368,Image_14462-1.jpg (red)_after_adjusting_threshold-1.tif,60.260,33.188,0.688,11.477,568,346,167.471,7.465,1.463,0.684,0.865
369,Image_14462-1.jpg (red)_after_adjusting_threshold-1.tif,10.847,11.677,1.000,4.411,302,348,41.186,3.319,1.099,0.910,0.940
370,Image_14462-1.jpg (red)_after_adjusting_threshold-1.tif,23.932,20.479,0.717,7.258,358,351,30.964,5.228,1.368,0.731,0.863
371,Image_14462-1.jpg (red)_after_adjusting_threshold-1.tif,19.800,20.136,0.614,7.651,40,341,130.601,4.639,1.877,0.533,0.816
372,Image_14462-1.jpg (red)_after_adjusting_threshold-1.tif,57.506,33.431,0.647,12.147,69,346,172.147,8.655,1.335,0.749,0.823
373,Image_14462-1.jpg (red)_after_adjusting_threshold-1.tif,12.569,14.469,0.754,5.764,114,354,59.744,3.227,1.871,0.535,0.844
374,Image_14462-1.jpg (red)_after_adjusting_threshold-1.tif,43.043,29.323,0.629,10.104,163,349,160.821,6.917,1.468,0.681,0.845
375,Image_14462-1.jpg (red)_after_adjusting_threshold-1.tif,10.847,14.712,0.630,5.984,374,343,123.690,3.385,1.886,0.530,0.768
376,Image_14462-1.jpg (red)_after_adjusting_threshold-1.tif,59.744,32.098,0.729,12.695,503,351,168.690,6.017,2.200,0.455,0.930
377,Image_14462-1.jpg (red)_after_adjusting_threshold-1.tif,96.417,48.285,0.520,16.017,336,368,16.557,10.084,1.593,0.628,0.759
378,Image_14462-1.jpg (red)_after_adjusting_threshold-1.tif,87.808,38.167,0.757,13.407,761,354,158.199,10.269,1.406,0.711,0.893
379,Image_14462-1.jpg (red)_after_adjusting_threshold-1.tif,13.429,15.542,0.699,5.868,131,348,135.000,3.666,1.812,0.552,0.808
380,Image_14462-1.jpg (red)_after_adjusting_threshold-1.tif,27.892,22.868,0.670,9.213,322,349,125.838,5.010,2.088,0.479,0.835
381,Image_14462-1.jpg (red)_after_adjusting_threshold-1.tif,11.708,13.438,0.815,5.410,142,358,32.471,3.340,1.811,0.552,0.861
382,Image_14462-1.jpg (red)_after_adjusting_threshold-1.tif,22.555,23.313,0.522,10.045,712,351,141.710,3.405,3.379,0.296,0.796
383,Image_14462-1.jpg (red)_after_adjusting_threshold-1.tif,65.426,39.341,0.531,13.023,660,354,149.349,7.849,1.684,0.594,0.790
384,Image_14462-1.jpg (red)_after_adjusting_threshold-1.tif,30.647,25.216,0.606,8.350,99,355,153.435,6.220,1.213,0.824,0.840
385,Image_14462-1.jpg (red)_after_adjusting_threshold-1.tif,491.209,134.050,0.344,38.372,452,361,158.429,20.506,1.794,0.558,0.831
386,Image_14462-1.jpg (red)_after_adjusting_threshold-1.tif,51.480,29.851,0.726,10.579,607,376,64.440,7.238,1.519,0.658,0.885
387,Image_14462-1.jpg (red)_after_adjusting_threshold-1.tif,30.647,23.111,0.721,7.388,624,357,141.843,6.211,1.227,0.815,0.881
388,Image_14462-1.jpg (red)_after_adjusting_threshold-1.tif,10.330,13.195,0.746,5.199,731,355,151.390,2.758,2.048,0.488,0.857
389,Image_14462-1.jpg (red)_after_adjusting_threshold-1.tif,101.754,43.105,0.688,16.891,40,378,27.824,8.041,2.294,0.436,0.908
390,Image_14462-1.jpg (red)_after_adjusting_threshold-1.tif,88.497,50.230,0.441,13.394,230,356,106.189,10.121,1.325,0.755,0.832
391,Image_14462-1.jpg (red)_after_adjusting_threshold-1.tif,61.293,35.677,0.605,12.253,642,357,118.301,8.242,1.494,0.669,0.810
392,Image_14462-1.jpg (red)_after_adjusting_threshold-1.tif,166.663,57.799,0.627,21.158,294,357,101.310,11.203,2.189,0.457,0.864
393,Image_14462-1.jpg (red)_after_adjusting_threshold-1.tif,10.675,14.024,0.682,5.536,97,358,102.995,2.875,2.061,0.485,0.849
394,Image_14462-1.jpg (red)_after_adjusting_threshold-1.tif,79.716,41.872,0.571,12.448,250,381,36.870,9.482,1.239,0.807,0.868
395,Image_14462-1.jpg (red)_after_adjusting_threshold-1.tif,30.819,28.979,0.461,9.407,743,359,131.424,6.650,1.345,0.743,0.732
396,Image_14462-1.jpg (red)_after_adjusting_threshold-1.tif,36.673,31.084,0.477,11.447,531,360,133.531,5.573,1.968,0.508,0.786
397,Image_14462-1.jpg (red)_after_adjusting_threshold-1.tif,15.496,17.445,0.640,7.163,373,364,169.992,3.734,1.971,0.507,0.826
398,Image_14462-1.jpg (red)_after_adjusting_threshold-1.tif,21.522,19.649,0.700,7.971,698,362,141.340,4.256,1.962,0.510,0.842
399,Image_14462-1.jpg (red)_after_adjusting_threshold-1.tif,12.052,13.781,0.797,5.065,214,373,34.992,3.888,1.365,0.732,0.854
400,Image_14462-1.jpg (red)_after_adjusting_threshold-1.tif,25.826,26.976,0.446,10.636,394,376,20.556,4.804,2.592,0.386,0.746
401,Image_14462-1.jpg (red)_after_adjusting_threshold-1.tif,10.330,18.031,0.399,5.779,550,367,111.038,3.254,1.988,0.503,0.750
402,Image_14462-1.jpg (red)_after_adjusting_threshold-1.tif,14.807,16.372,0.694,5.567,728,367,116.565,4.825,1.039,0.962,0.835
403,Image_14462-1.jpg (red)_after_adjusting_threshold-1.tif,11.880,14.368,0.723,5.199,136,374,28.610,3.500,1.469,0.681,0.857
404,Image_14462-1.jpg (red)_after_adjusting_threshold-1.tif,70.246,39.542,0.565,12.147,388,370,97.853,8.974,1.354,0.739,0.861
405,Image_14462-1.jpg (red)_after_adjusting_threshold-1.tif,71.796,42.744,0.494,15.553,176,379,9.211,8.714,1.521,0.657,0.753
406,Image_14462-1.jpg (red)_after_adjusting_threshold-1.tif,53.374,34.302,0.570,12.640,331,377,156.801,6.405,2.053,0.487,0.816
407,Image_14462-1.jpg (red)_after_adjusting_threshold-1.tif,11.880,13.195,0.857,5.065,428,383,55.008,3.734,1.371,0.729,0.868
408,Image_14462-1.jpg (red)_after_adjusting_threshold-1.tif,66.286,35.434,0.663,12.667,662,374,121.608,8.230,1.568,0.638,0.837
409,Image_14462-1.jpg (red)_after_adjusting_threshold-1.tif,13.257,15.542,0.690,6.482,8,388,50.194,3.275,2.167,0.462,0.815
410,Image_14462-1.jpg (red)_after_adjusting_threshold-1.tif,37.534,28.049,0.600,9.687,23,394,46.736,7.573,1.282,0.780,0.796
411,Image_14462-1.jpg (red)_after_adjusting_threshold-1.tif,21.177,17.788,0.841,6.691,93,391,82.875,4.564,1.382,0.723,0.891
412,Image_14462-1.jpg (red)_after_adjusting_threshold-1.tif,68.353,37.438,0.613,14.493,107,392,23.629,7.301,2.263,0.442,0.841
413,Image_14462-1.jpg (red)_after_adjusting_threshold-1.tif,52.340,37.539,0.467,14.451,142,398,39.174,7.737,1.788,0.559,0.709
414,Image_14462-1.jpg (red)_after_adjusting_threshold-1.tif,514.796,118.248,0.463,33.814,586,432,29.396,23.924,1.417,0.706,0.818
415,Image_14462-1.jpg (red)_after_adjusting_threshold-1.tif,13.257,15.542,0.690,5.824,709,378,175.914,4.068,1.361,0.735,0.790
416,Image_14462-1.jpg (red)_after_adjusting_threshold-1.tif,25.654,26.045,0.475,9.325,406,387,20.854,4.802,2.498,0.400,0.722
417,Image_14462-1.jpg (red)_after_adjusting_threshold-1.tif,172.517,69.209,0.453,20.072,447,376,97.125,14.058,1.244,0.804,0.836
418,Image_14462-1.jpg (red)_after_adjusting_threshold-1.tif,46.487,28.150,0.737,10.172,751,386,11.768,7.054,1.307,0.765,0.875
419,Image_14462-1.jpg (red)_after_adjusting_threshold-1.tif,33.229,23.212,0.775,9.100,691,390,24.228,6.005,1.444,0.693,0.867
420,Image_14462-1.jpg (red)_after_adjusting_threshold-1.tif,32.196,26.591,0.572,10.708,735,379,125.538,4.933,2.564,0.390,0.797
421,Image_14462-1.jpg (red)_after_adjusting_threshold-1.tif,23.243,18.375,0.865,6.691,168,380,119.745,5.228,1.251,0.799,0.903
422,Image_14462-1.jpg (red)_after_adjusting_threshold-1.tif,71.452,35.032,0.732,13.548,66,382,139.970,8.133,1.662,0.602,0.890
423,Image_14462-1.jpg (red)_after_adjusting_threshold-1.tif,11.019,12.122,0.942,4.639,14,392,63.435,3.521,1.304,0.767,0.901
424,Image_14462-1.jpg (red)_after_adjusting_threshold-1.tif,68.525,44.806,0.429,15.963,202,383,152.103,7.277,2.321,0.431,0.742
425,Image_14462-1.jpg (red)_after_adjusting_threshold-1.tif,31.852,24.042,0.692,8.802,577,386,171.870,5.394,1.777,0.563,0.845
426,Image_14462-1.jpg (red)_after_adjusting_threshold-1.tif,46.831,28.049,0.748,9.722,327,387,129.806,7.348,1.256,0.796,0.886
427,Image_14462-1.jpg (red)_after_adjusting_threshold-1.tif,21.522,17.830,0.851,6.906,254,402,57.265,4.500,1.459,0.685,0.909
428,Image_14462-1.jpg (red)_after_adjusting_threshold-1.tif,62.154,33.087,0.713,10.772,401,388,105.642,8.816,1.132,0.883,0.843
429,Image_14462-1.jpg (red)_after_adjusting_threshold-1.tif,47.347,31.955,0.583,10.505,716,413,80.910,7.469,1.441,0.694,0.835
430,Image_14462-1.jpg (red)_after_adjusting_threshold-1.tif,15.151,18.031,0.586,7.066,411,391,176.634,3.299,2.117,0.472,0.811
431,Image_14462-1.jpg (red)_after_adjusting_threshold-1.tif,70.074,33.917,0.765,11.272,534,399,173.660,9.046,1.193,0.839,0.905
432,Image_14462-1.jpg (red)_after_adjusting_threshold-1.tif,20.833,20.035,0.652,8.152,567,408,75.256,3.734,2.190,0.457,0.890
433,Image_14462-1.jpg (red)_after_adjusting_threshold-1.tif,126.719,49.945,0.638,15.217,342,407,11.004,13.497,1.100,0.909,0.824
434,Image_14462-1.jpg (red)_after_adjusting_threshold-1.tif,48.036,29.223,0.707,9.361,586,394,167.196,7.859,1.112,0.899,0.852
435,Image_14462-1.jpg (red)_after_adjusting_threshold-1.tif,21.177,17.788,0.841,6.868,688,393,154.983,4.517,1.509,0.663,0.882
436,Image_14462-1.jpg (red)_after_adjusting_threshold-1.tif,21.349,18.476,0.786,6.561,163,404,18.435,4.988,1.375,0.727,0.841
437,Image_14462-1.jpg (red)_after_adjusting_threshold-1.tif,94.351,54.011,0.406,19.302,22,417,25.463,7.071,2.882,0.347,0.813
438,Image_14462-1.jpg (red)_after_adjusting_threshold-1.tif,24.793,24.243,0.530,8.554,188,414,75.964,5.337,1.721,0.581,0.737
439,Image_14462-1.jpg (red)_after_adjusting_threshold-1.tif,14.118,14.611,0.831,6.042,3,403,15.945,3.319,1.726,0.579,0.891
440,Image_14462-1.jpg (red)_after_adjusting_threshold-1.tif,66.631,41.445,0.487,11.976,214,427,75.964,9.396,1.179,0.848,0.752
441,Image_14462-1.jpg (red)_after_adjusting_threshold-1.tif,12.396,15.927,0.614,6.755,104,413,47.490,3.651,2.064,0.484,0.770
442,Image_14462-1.jpg (red)_after_adjusting_threshold-1.tif,40.288,28.393,0.628,9.793,729,404,143.616,6.744,1.564,0.639,0.812
443,Image_14462-1.jpg (red)_after_adjusting_threshold-1.tif,38.050,31.855,0.471,9.837,230,414,27.646,7.469,1.287,0.777,0.761
444,Image_14462-1.jpg (red)_after_adjusting_threshold-1.tif,37.878,26.775,0.664,10.248,250,407,158.629,5.809,1.907,0.524,0.846
445,Image_14462-1.jpg (red)_after_adjusting_threshold-1.tif,13.946,14.611,0.821,5.644,766,409,17.103,3.623,1.555,0.643,0.871
446,Image_14462-1.jpg (red)_after_adjusting_threshold-1.tif,31.852,22.080,0.821,7.927,78,417,42.879,6.022,1.183,0.845,0.909
447,Image_14462-1.jpg (red)_after_adjusting_threshold-1.tif,23.243,22.382,0.583,8.544,780,406,150.945,5.011,1.772,0.564,0.769
448,Image_14462-1.jpg (red)_after_adjusting_threshold-1.tif,28.064,27.219,0.476,11.211,656,428,51.009,3.705,3.321,0.301,0.801
449,Image_14462-1.jpg (red)_after_adjusting_threshold-1.tif,11.019,13.781,0.729,5.132,759,406,104.036,3.120,1.728,0.579,0.848
450,Image_14462-1.jpg (red)_after_adjusting_threshold-1.tif,47.175,28.879,0.711,9.793,123,424,36.384,7.771,1.312,0.762,0.860
451,Image_14462-1.jpg (red)_after_adjusting_threshold-1.tif,41.666,30.882,0.549,10.708,667,427,35.538,7.288,1.353,0.739,0.734
452,Image_14462-1.jpg (red)_after_adjusting_threshold-1.tif,18.595,16.715,0.836,6.805,93,411,142.431,4.108,1.651,0.606,0.889
453,Image_14462-1.jpg (red)_after_adjusting_threshold-1.tif,28.064,24.386,0.593,9.100,269,425,24.228,5.812,1.395,0.717,0.767
454,Image_14462-1.jpg (red)_after_adjusting_threshold-1.tif,40.288,26.389,0.727,8.753,304,414,121.430,7.606,1.089,0.919,0.845
455,Image_14462-1.jpg (red)_after_adjusting_threshold-1.tif,51.480,34.948,0.530,11.685,462,427,6.116,7.185,1.650,0.606,0.766
456,Image_14462-1.jpg (red)_after_adjusting_threshold-1.tif,49.241,29.122,0.730,10.045,712,414,141.710,8.167,1.148,0.871,0.879
457,Image_14462-1.jpg (red)_after_adjusting_threshold-1.tif,47.347,30.295,0.648,11.736,372,421,171.870,6.224,2.049,0.488,0.857
458,Image_14462-1.jpg (red)_after_adjusting_threshold-1.tif,21.694,18.618,0.786,6.843,171,415,104.036,4.564,1.519,0.658,0.887
459,Image_14462-1.jpg (red)_after_adjusting_threshold-1.tif,40.977,27.118,0.700,9.678,530,417,149.036,6.639,1.322,0.756,0.893
460,Image_14462-1.jpg (red)_after_adjusting_threshold-1.tif,92.112,50.230,0.459,16.952,77,419,158.459,10.240,1.785,0.560,0.715
461,Image_14462-1.jpg (red)_after_adjusting_threshold-1.tif,16.873,21.209,0.471,8.554,409,425,14.036,4.072,2.285,0.438,0.708
462,Image_14462-1.jpg (red)_after_adjusting_threshold-1.tif,80.749,44.723,0.507,13.743,331,448,61.113,9.890,1.360,0.735,0.806
463,Image_14462-1.jpg (red)_after_adjusting_threshold-1.tif,32.885,31.226,0.424,9.325,498,419,122.276,7.143,1.358,0.736,0.726
464,Image_14462-1.jpg (red)_after_adjusting_threshold-1.tif,54.407,31.872,0.673,10.104,184,432,19.179,8.509,1.163,0.860,0.874
465,Image_14462-1.jpg (red)_after_adjusting_threshold-1.tif,155.128,55.771,0.627,19.717,733,442,8.471,12.378,1.747,0.573,0.855
466,Image_14462-1.jpg (red)_after_adjusting_threshold-1.tif,136.533,48.872,0.718,17.585,129,448,19.290,12.067,1.516,0.660,0.877
467,Image_14462-1.jpg (red)_after_adjusting_threshold-1.tif,252.577,86.838,0.421,23.829,445,422,97.001,17.908,1.517,0.659,0.764
468,Image_14462-1.jpg (red)_after_adjusting_threshold-1.tif,35.123,23.354,0.809,8.184,551,425,149.534,6.224,1.204,0.831,0.919
469,Image_14462-1.jpg (red)_after_adjusting_threshold-1.tif,103.648,45.049,0.642,15.257,399,427,157.620,9.729,1.512,0.661,0.863
470,Image_14462-1.jpg (red)_after_adjusting_threshold-1.tif,45.798,27.948,0.737,9.993,276,425,94.764,6.639,1.665,0.601,0.871
471,Image_14462-1.jpg (red)_after_adjusting_threshold-1.tif,18.767,20.479,0.562,7.927,26,436,6.009,4.730,1.862,0.537,0.719
472,Image_14462-1.jpg (red)_after_adjusting_threshold-1.tif,75.584,48.712,0.400,16.597,237,455,36.870,10.364,1.761,0.568,0.691
473,Image_14462-1.jpg (red)_after_adjusting_threshold-1.tif,71.624,35.132,0.729,13.023,44,452,30.651,8.302,1.646,0.608,0.870
474,Image_14462-1.jpg (red)_after_adjusting_threshold-1.tif,14.979,18.618,0.543,7.103,239,430,96.710,4.010,1.841,0.543,0.747
475,Image_14462-1.jpg (red)_after_adjusting_threshold-1.tif,23.932,19.792,0.768,7.258,573,430,149.036,4.979,1.432,0.698,0.869
476,Image_14462-1.jpg (red)_after_adjusting_threshold-1.tif,17.045,16.028,0.834,6.126,294,442,28.301,4.330,1.308,0.764,0.904
477,Image_14462-1.jpg (red)_after_adjusting_threshold-1.tif,48.725,30.438,0.661,9.462,358,447,37.875,7.884,1.115,0.897,0.889
478,Image_14462-1.jpg (red)_after_adjusting_threshold-1.tif,80.921,40.129,0.631,14.308,160,452,16.858,9.332,1.609,0.621,0.845
479,Image_14462-1.jpg (red)_after_adjusting_threshold-1.tif,14.979,15.340,0.800,5.779,244,432,111.038,3.319,1.785,0.560,0.911
480,Image_14462-1.jpg (red)_after_adjusting_threshold-1.tif,43.560,32.216,0.527,12.667,669,438,148.392,5.281,2.747,0.364,0.786
481,Image_14462-1.jpg (red)_after_adjusting_threshold-1.tif,35.640,27.663,0.585,9.678,478,449,30.964,5.511,2.082,0.480,0.798
482,Image_14462-1.jpg (red)_after_adjusting_threshold-1.tif,42.182,30.740,0.561,10.045,599,434,128.290,7.884,1.179,0.848,0.811
483,Image_14462-1.jpg (red)_after_adjusting_threshold-1.tif,49.414,30.153,0.683,10.820,702,434,122.471,6.939,1.542,0.648,0.840
484,Image_14462-1.jpg (red)_after_adjusting_threshold-1.tif,32.885,23.799,0.730,8.909,214,455,62.241,5.548,1.639,0.610,0.890
485,Image_14462-1.jpg (red)_after_adjusting_threshold-1.tif,48.553,38.997,0.401,14.670,282,446,171.870,6.796,2.729,0.366,0.680
486,Image_14462-1.jpg (red)_after_adjusting_threshold-1.tif,34.435,23.212,0.803,8.350,464,437,116.565,6.396,1.344,0.744,0.891
487,Image_14462-1.jpg (red)_after_adjusting_threshold-1.tif,66.286,39.382,0.537,12.260,515,454,23.962,9.477,1.242,0.805,0.768
488,Image_14462-1.jpg (red)_after_adjusting_threshold-1.tif,23.071,19.691,0.748,7.651,499,438,130.601,5.184,1.405,0.712,0.862
489,Image_14462-1.jpg (red)_after_adjusting_threshold-1.tif,19.800,18.719,0.710,6.320,562,449,23.199,4.979,1.465,0.683,0.861
490,Image_14462-1.jpg (red)_after_adjusting_threshold-1.tif,19.456,17.889,0.764,6.704,643,440,158.199,4.373,1.712,0.584,0.850
491,Image_14462-1.jpg (red)_after_adjusting_threshold-1.tif,83.848,40.514,0.642,13.849,652,454,171.384,10.131,1.377,0.726,0.844
492,Image_14462-1.jpg (red)_after_adjusting_threshold-1.tif,30.647,21.351,0.845,8.014,26,447,158.749,5.394,1.352,0.740,0.934
493,Image_14462-1.jpg (red)_after_adjusting_threshold-1.tif,30.302,23.111,0.713,8.299,101,441,126.870,6.593,1.203,0.832,0.832
494,Image_14462-1.jpg (red)_after_adjusting_threshold-1.tif,14.290,14.854,0.814,5.314,578,443,128.660,4.274,1.308,0.765,0.856
495,Image_14462-1.jpg (red)_after_adjusting_threshold-1.tif,81.782,45.796,0.490,16.597,615,445,143.130,7.688,2.269,0.441,0.823
496,Image_14462-1.jpg (red)_after_adjusting_threshold-1.tif,42.010,29.952,0.588,11.025,118,443,109.799,6.639,1.681,0.595,0.792
497,Image_14462-1.jpg (red)_after_adjusting_threshold-1.tif,42.871,33.431,0.482,11.574,65,448,165.466,6.022,2.046,0.489,0.801
498,Image_14462-1.jpg (red)_after_adjusting_threshold-1.tif,47.864,29.809,0.677,9.471,195,464,61.189,7.741,1.141,0.877,0.874
499,Image_14462-1.jpg (red)_after_adjusting_threshold-1.tif,10.847,16.715,0.488,7.066,92,446,139.764,3.203,2.128,0.470,0.733
500,Image_14462-1.jpg (red)_after_adjusting_threshold-1.tif,28.925,23.313,0.669,8.957,739,454,13.392,5.367,1.857,0.539,0.818
501,Image_14462-1.jpg (red)_after_adjusting_threshold-1.tif,14.635,17.202,0.622,6.482,590,447,129.806,3.814,1.574,0.635,0.806
502,Image_14462-1.jpg (red)_after_adjusting_threshold-1.tif,55.784,42.417,0.390,12.923,318,451,132.397,8.802,1.611,0.621,0.741
503,Image_14462-1.jpg (red)_after_adjusting_threshold-1.tif,11.191,12.851,0.852,4.639,727,450,116.565,3.674,1.237,0.808,0.861
504,Image_14462-1.jpg (red)_after_adjusting_threshold-1.tif,13.085,16.958,0.572,6.906,93,451,122.735,3.519,2.321,0.431,0.756
505,Image_14462-1.jpg (red)_after_adjusting_threshold-1.tif,44.937,26.733,0.790,10.373,754,469,36.870,6.150,1.768,0.566,0.897
506,Image_14462-1.jpg (red)_after_adjusting_threshold-1.tif,134.295,81.841,0.252,21.336,362,463,166.504,11.760,2.026,0.494,0.727
507,Image_14462-1.jpg (red)_after_adjusting_threshold-1.tif,17.389,20.479,0.521,6.691,345,462,172.875,4.831,1.480,0.676,0.740
508,Image_14462-1.jpg (red)_after_adjusting_threshold-1.tif,25.137,26.532,0.449,9.687,232,456,133.264,5.477,1.873,0.534,0.745
509,Image_14462-1.jpg (red)_after_adjusting_threshold-1.tif,23.932,22.483,0.595,8.792,490,459,160.710,4.564,2.206,0.453,0.822
510,Image_14462-1.jpg (red)_after_adjusting_threshold-1.tif,29.097,20.764,0.848,7.617,556,460,150.642,5.045,1.466,0.682,0.911
511,Image_14462-1.jpg (red)_after_adjusting_threshold-1.tif,26.859,20.965,0.768,7.718,691,470,36.254,5.010,1.613,0.620,0.843
512,Image_14462-1.jpg (red)_after_adjusting_threshold-1.tif,22.038,19.691,0.714,7.515,707,459,173.660,4.149,1.788,0.559,0.868
513,Image_14462-1.jpg (red)_after_adjusting_threshold-1.tif,21.349,17.688,0.858,6.805,740,459,142.431,5.010,1.395,0.717,0.915
514,Image_14462-1.jpg (red)_after_adjusting_threshold-1.tif,285.807,72.897,0.676,24.709,10,461,130.914,16.944,1.427,0.701,0.899
515,Image_14462-1.jpg (red)_after_adjusting_threshold-1.tif,10.847,13.438,0.755,5.394,182,460,157.380,2.905,1.774,0.564,0.881
516,Image_14462-1.jpg (red)_after_adjusting_threshold-1.tif,39.600,25.945,0.739,9.462,590,472,15.255,6.224,1.628,0.614,0.866
517,Image_14462-1.jpg (red)_after_adjusting_threshold-1.tif,16.012,15.441,0.844,6.224,66,473,53.130,4.108,1.509,0.663,0.899
518,Image_14462-1.jpg (red)_after_adjusting_threshold-1.tif,60.777,38.410,0.518,14.717,301,470,158.499,7.310,2.293,0.436,0.787
519,Image_14462-1.jpg (red)_after_adjusting_threshold-1.tif,10.330,12.608,0.817,5.014,139,462,114.444,3.169,1.705,0.587,0.839
520,Image_14462-1.jpg (red)_after_adjusting_threshold-1.tif,30.819,24.000,0.672,8.152,473,462,104.744,6.161,1.316,0.760,0.829
521,Image_14462-1.jpg (red)_after_adjusting_threshold-1.tif,73.346,43.993,0.476,13.948,771,465,120.379,8.413,1.884,0.531,0.778
522,Image_14462-1.jpg (red)_after_adjusting_threshold-1.tif,242.763,76.636,0.519,24.649,525,466,126.098,14.623,1.838,0.544,0.848
523,Image_14462-1.jpg (red)_after_adjusting_threshold-1.tif,22.210,17.688,0.892,6.805,254,464,127.569,4.931,1.316,0.760,0.912
524,Image_14462-1.jpg (red)_after_adjusting_threshold-1.tif,28.753,23.354,0.662,8.957,163,468,166.608,4.553,2.015,0.496,0.852
525,Image_14462-1.jpg (red)_after_adjusting_threshold-1.tif,35.812,27.261,0.606,9.213,260,482,35.838,7.054,1.104,0.906,0.797
526,Image_14462-1.jpg (red)_after_adjusting_threshold-1.tif,27.203,22.281,0.689,8.870,708,477,10.784,4.979,2.083,0.480,0.871
527,Image_14462-1.jpg (red)_after_adjusting_threshold-1.tif,10.158,12.566,0.808,4.731,739,472,164.745,3.400,1.284,0.779,0.797
528,Image_14462-1.jpg (red)_after_adjusting_threshold-1.tif,20.489,24.872,0.416,9.062,187,476,15.945,4.979,2.351,0.425,0.657
529,Image_14462-1.jpg (red)_after_adjusting_threshold-1.tif,138.427,48.771,0.731,15.437,573,502,36.254,13.497,1.110,0.901,0.871
530,Image_14462-1.jpg (red)_after_adjusting_threshold-1.tif,16.701,19.104,0.575,8.544,642,470,150.945,2.918,3.174,0.315,0.833
531,Image_14462-1.jpg (red)_after_adjusting_threshold-1.tif,12.396,13.681,0.832,5.567,685,473,153.435,3.319,1.813,0.552,0.894
532,Image_14462-1.jpg (red)_after_adjusting_threshold-1.tif,121.726,54.664,0.512,19.717,756,518,81.529,7.884,2.658,0.376,0.912
533,Image_14462-1.jpg (red)_after_adjusting_threshold-1.tif,34.779,29.021,0.519,11.976,135,481,14.036,4.755,3.188,0.314,0.808
534,Image_14462-1.jpg (red)_after_adjusting_threshold-1.tif,14.463,14.368,0.880,5.314,676,483,51.340,4.056,1.280,0.781,0.884
535,Image_14462-1.jpg (red)_after_adjusting_threshold-1.tif,34.607,28.292,0.543,9.480,68,475,156.801,6.810,1.299,0.770,0.785
536,Image_14462-1.jpg (red)_after_adjusting_threshold-1.tif,18.422,18.174,0.701,7.247,335,476,156.371,3.620,2.249,0.445,0.866
537,Image_14462-1.jpg (red)_after_adjusting_threshold-1.tif,24.449,22.181,0.624,9.278,438,475,100.305,4.149,2.529,0.395,0.840
538,Image_14462-1.jpg (red)_after_adjusting_threshold-1.tif,27.892,24.000,0.608,8.184,474,487,30.466,6.167,1.405,0.712,0.792
539,Image_14462-1.jpg (red)_after_adjusting_threshold-1.tif,10.503,13.924,0.681,5.644,501,475,107.103,2.848,2.187,0.457,0.847
540,Image_14462-1.jpg (red)_after_adjusting_threshold-1.tif,32.713,23.170,0.766,8.634,730,476,144.782,5.575,1.499,0.667,0.884
541,Image_14462-1.jpg (red)_after_adjusting_threshold-1.tif,153.750,58.872,0.557,18.487,384,494,170.961,13.562,1.491,0.671,0.860
542,Image_14462-1.jpg (red)_after_adjusting_threshold-1.tif,29.786,25.601,0.571,9.185,636,497,71.565,4.564,1.840,0.543,0.876
543,Image_14462-1.jpg (red)_after_adjusting_threshold-1.tif,28.064,24.084,0.608,9.553,199,477,145.620,4.351,2.216,0.451,0.819
544,Image_14462-1.jpg (red)_after_adjusting_threshold-1.tif,11.363,12.608,0.898,4.488,493,477,146.310,3.734,1.175,0.851,0.886
545,Image_14462-1.jpg (red)_after_adjusting_threshold-1.tif,69.213,35.719,0.682,12.990,352,480,153.435,9.233,1.312,0.762,0.851
546,Image_14462-1.jpg (red)_after_adjusting_threshold-1.tif,53.201,34.160,0.573,10.603,700,497,30.579,7.884,1.211,0.826,0.842
547,Image_14462-1.jpg (red)_after_adjusting_threshold-1.tif,36.156,24.729,0.743,8.976,607,482,146.310,5.381,1.804,0.554,0.881
548,Image_14462-1.jpg (red)_after_adjusting_threshold-1.tif,26.859,23.656,0.603,8.392,90,487,171.469,5.454,1.683,0.594,0.786
549,Image_14462-1.jpg (red)_after_adjusting_threshold-1.tif,38.394,28.292,0.603,8.634,450,498,54.782,6.866,1.120,0.893,0.835
550,Image_14462-1.jpg (red)_after_adjusting_threshold-1.tif,10.330,12.952,0.774,5.458,147,486,171.254,2.905,1.996,0.501,0.851
551,Image_14462-1.jpg (red)_after_adjusting_threshold-1.tif,51.307,31.570,0.647,11.173,233,500,31.329,7.794,1.329,0.753,0.843
552,Image_14462-1.jpg (red)_after_adjusting_threshold-1.tif,28.064,21.938,0.733,7.341,161,488,137.291,6.224,1.189,0.841,0.860
553,Image_14462-1.jpg (red)_after_adjusting_threshold-1.tif,166.319,80.567,0.322,24.537,278,498,3.879,12.873,2.262,0.442,0.729
554,Image_14462-1.jpg (red)_after_adjusting_threshold-1.tif,97.450,46.768,0.560,16.788,723,487,129.987,9.096,2.210,0.453,0.801
555,Image_14462-1.jpg (red)_after_adjusting_threshold-1.tif,58.367,33.816,0.641,12.620,186,490,117.408,7.365,1.769,0.565,0.853
556,Image_14462-1.jpg (red)_after_adjusting_threshold-1.tif,26.687,23.455,0.610,7.873,669,488,108.435,6.203,1.443,0.693,0.801
557,Image_14462-1.jpg (red)_after_adjusting_threshold-1.tif,57.161,31.855,0.708,11.529,504,504,30.256,7.469,1.456,0.687,0.885
558,Image_14462-1.jpg (red)_after_adjusting_threshold-1.tif,12.052,14.469,0.723,5.868,148,492,171.870,3.319,1.791,0.558,0.824
559,Image_14462-1.jpg (red)_after_adjusting_threshold-1.tif,32.885,29.809,0.465,12.890,205,510,33.179,3.458,4.185,0.239,0.845
560,Image_14462-1.jpg (red)_after_adjusting_threshold-1.tif,25.654,24.386,0.542,7.139,120,497,125.538,6.022,1.302,0.768,0.756
561,Image_14462-1.jpg (red)_after_adjusting_threshold-1.tif,22.727,18.031,0.878,7.090,332,513,69.444,4.564,1.613,0.620,0.920
562,Image_14462-1.jpg (red)_after_adjusting_threshold-1.tif,15.668,19.549,0.515,6.224,656,500,143.130,4.929,1.246,0.803,0.758
563,Image_14462-1.jpg (red)_after_adjusting_threshold-1.tif,41.149,30.254,0.565,11.211,345,498,92.121,7.145,1.570,0.637,0.746
564,Image_14462-1.jpg (red)_after_adjusting_threshold-1.tif,392.554,93.268,0.567,32.122,425,516,174.068,20.264,1.739,0.575,0.851
565,Image_14462-1.jpg (red)_after_adjusting_threshold-1.tif,38.394,31.955,0.472,10.764,676,499,152.447,6.224,1.954,0.512,0.781
566,Image_14462-1.jpg (red)_after_adjusting_threshold-1.tif,23.243,21.167,0.652,8.173,97,504,156.038,4.486,2.000,0.500,0.780
567,Image_14462-1.jpg (red)_after_adjusting_threshold-1.tif,74.895,35.636,0.741,12.288,80,502,101.689,9.682,1.206,0.829,0.871
568,Image_14462-1.jpg (red)_after_adjusting_threshold-1.tif,20.316,20.521,0.606,8.340,132,508,174.289,4.069,2.139,0.467,0.843
569,Image_14462-1.jpg (red)_after_adjusting_threshold-1.tif,28.236,23.455,0.645,8.870,260,508,10.784,5.159,1.934,0.517,0.810
570,Image_14462-1.jpg (red)_after_adjusting_threshold-1.tif,33.057,26.288,0.601,8.554,374,503,140.906,6.309,1.210,0.826,0.833
571,Image_14462-1.jpg (red)_after_adjusting_threshold-1.tif,17.734,18.962,0.620,6.868,705,517,64.983,4.215,1.886,0.530,0.777
572,Image_14462-1.jpg (red)_after_adjusting_threshold-1.tif,39.255,28.879,0.591,9.793,154,505,143.616,6.754,1.586,0.630,0.788
573,Image_14462-1.jpg (red)_after_adjusting_threshold-1.tif,13.085,15.299,0.703,6.168,598,504,132.274,3.519,2.080,0.481,0.796
574,Image_14462-1.jpg (red)_after_adjusting_threshold-1.tif,15.840,18.132,0.605,7.090,212,515,20.556,3.526,2.538,0.394,0.783
575,Image_14462-1.jpg (red)_after_adjusting_threshold-1.tif,16.529,17.059,0.714,6.755,621,510,169.380,4.007,1.857,0.539,0.797
576,Image_14462-1.jpg (red)_after_adjusting_threshold-1.tif,41.838,27.907,0.675,8.976,42,514,146.310,7.405,1.199,0.834,0.853
577,Image_14462-1.jpg (red)_after_adjusting_threshold-1.tif,233.122,88.966,0.370,32.208,528,542,21.938,10.357,3.495,0.286,0.833
578,Image_14462-1.jpg (red)_after_adjusting_threshold-1.tif,18.939,19.306,0.639,7.066,116,510,130.236,4.647,1.614,0.620,0.803
579,Image_14462-1.jpg (red)_after_adjusting_threshold-1.tif,21.349,19.893,0.678,7.139,636,525,54.462,4.694,1.446,0.691,0.800
580,Image_14462-1.jpg (red)_after_adjusting_threshold-1.tif,11.191,16.129,0.541,6.224,647,511,143.130,3.936,1.732,0.578,0.756
581,Image_14462-1.jpg (red)_after_adjusting_threshold-1.tif,38.739,24.670,0.800,8.880,661,512,142.595,7.054,1.135,0.881,0.905
582,Image_14462-1.jpg (red)_after_adjusting_threshold-1.tif,12.913,13.337,0.912,5.410,18,511,122.471,3.319,1.405,0.712,0.932
583,Image_14462-1.jpg (red)_after_adjusting_threshold-1.tif,25.309,28.393,0.395,8.753,65,513,121.430,5.693,1.691,0.591,0.731
584,Image_14462-1.jpg (red)_after_adjusting_threshold-1.tif,75.928,41.931,0.543,14.670,597,533,28.740,8.966,1.507,0.664,0.825
585,Image_14462-1.jpg (red)_after_adjusting_threshold-1.tif,24.621,20.479,0.738,7.480,218,530,56.310,5.196,1.428,0.700,0.856
586,Image_14462-1.jpg (red)_after_adjusting_threshold-1.tif,28.236,25.115,0.563,7.829,357,520,147.995,5.809,1.119,0.893,0.839
587,Image_14462-1.jpg (red)_after_adjusting_threshold-1.tif,13.257,17.302,0.556,5.410,140,524,32.471,4.149,1.346,0.743,0.770
588,Image_14462-1.jpg (red)_after_adjusting_threshold-1.tif,20.316,21.309,0.562,7.090,644,528,20.556,4.564,1.346,0.743,0.819
589,Image_14462-1.jpg (red)_after_adjusting_threshold-1.tif,19.111,17.059,0.825,6.805,711,521,127.569,4.006,1.807,0.553,0.884
590,Image_14462-1.jpg (red)_after_adjusting_threshold-1.tif,40.288,23.556,0.912,8.014,754,520,111.251,7.308,1.107,0.904,0.919
591,Image_14462-1.jpg (red)_after_adjusting_threshold-1.tif,14.463,17.302,0.607,6.442,10,522,165.069,3.734,1.680,0.595,0.808
592,Image_14462-1.jpg (red)_after_adjusting_threshold-1.tif,58.711,37.337,0.529,14.132,94,522,139.764,6.823,2.232,0.448,0.821
593,Image_14462-1.jpg (red)_after_adjusting_threshold-1.tif,33.401,27.865,0.541,8.392,197,530,171.469,5.753,1.441,0.694,0.834
594,Image_14462-1.jpg (red)_after_adjusting_threshold-1.tif,19.800,16.472,0.917,5.644,691,532,36.027,4.988,1.116,0.896,0.891
595,Image_14462-1.jpg (red)_after_adjusting_threshold-1.tif,50.447,40.129,0.394,13.917,130,524,153.435,7.398,1.839,0.544,0.711
596,Image_14462-1.jpg (red)_after_adjusting_threshold-1.tif,48.553,28.049,0.776,9.898,26,540,33.024,7.552,1.353,0.739,0.883
597,Image_14462-1.jpg (red)_after_adjusting_threshold-1.tif,37.017,30.882,0.488,9.407,180,540,41.424,7.130,1.469,0.681,0.779
598,Image_14462-1.jpg (red)_after_adjusting_threshold-1.tif,10.330,12.608,0.817,4.731,168,533,15.255,3.319,1.453,0.688,0.863
599,Image_14462-1.jpg (red)_after_adjusting_threshold-1.tif,34.779,26.632,0.616,10.248,261,530,158.629,5.558,2.076,0.482,0.823
600,Image_14462-1.jpg (red)_after_adjusting_threshold-1.tif,206.607,61.438,0.688,19.427,329,536,160.017,16.330,1.122,0.891,0.876
601,Image_14462-1.jpg (red)_after_adjusting_threshold-1.tif,39.600,29.323,0.579,10.265,693,541,14.036,6.513,1.576,0.635,0.782
602,Image_14462-1.jpg (red)_after_adjusting_threshold-1.tif,27.548,22.625,0.676,7.629,766,544,67.620,5.567,1.397,0.716,0.827
603,Image_14462-1.jpg (red)_after_adjusting_threshold-1.tif,25.137,25.316,0.493,9.580,505,540,17.650,5.196,2.080,0.481,0.684
604,Image_14462-1.jpg (red)_after_adjusting_threshold-1.tif,112.257,45.879,0.670,16.113,43,546,11.889,9.114,1.734,0.577,0.885
605,Image_14462-1.jpg (red)_after_adjusting_threshold-1.tif,25.137,22.827,0.606,7.752,224,532,164.476,5.249,1.674,0.597,0.825
606,Image_14462-1.jpg (red)_after_adjusting_threshold-1.tif,79.372,50.046,0.398,13.187,659,558,65.854,9.567,1.301,0.769,0.765
607,Image_14462-1.jpg (red)_after_adjusting_threshold-1.tif,46.142,30.882,0.608,11.626,731,530,124.824,6.589,1.888,0.530,0.832
608,Image_14462-1.jpg (red)_after_adjusting_threshold-1.tif,78.511,39.341,0.637,14.735,372,536,170.272,8.606,1.765,0.567,0.856
609,Image_14462-1.jpg (red)_after_adjusting_threshold-1.tif,21.005,17.830,0.830,7.341,285,531,137.291,4.327,1.530,0.654,0.928
610,Image_14462-1.jpg (red)_after_adjusting_threshold-1.tif,10.675,13.538,0.732,5.199,161,536,151.390,3.651,1.453,0.688,0.816
611,Image_14462-1.jpg (red)_after_adjusting_threshold-1.tif,68.697,33.875,0.752,11.809,207,543,161.565,9.207,1.176,0.850,0.871
612,Image_14462-1.jpg (red)_after_adjusting_threshold-1.tif,26.170,20.663,0.770,7.971,299,535,141.340,4.911,1.570,0.637,0.899
613,Image_14462-1.jpg (red)_after_adjusting_threshold-1.tif,21.349,19.347,0.717,8.057,776,536,145.491,4.185,1.916,0.522,0.855
614,Image_14462-1.jpg (red)_after_adjusting_threshold-1.tif,26.515,22.483,0.659,8.880,593,553,52.595,4.768,1.872,0.534,0.832
615,Image_14462-1.jpg (red)_after_adjusting_threshold-1.tif,14.635,17.302,0.614,5.644,648,547,53.973,4.564,1.079,0.927,0.794
616,Image_14462-1.jpg (red)_after_adjusting_threshold-1.tif,15.496,14.611,0.912,5.249,319,545,18.435,4.149,1.200,0.833,0.905
617,Image_14462-1.jpg (red)_after_adjusting_threshold-1.tif,44.765,33.573,0.499,9.278,488,560,79.695,7.224,1.222,0.818,0.843
618,Image_14462-1.jpg (red)_after_adjusting_threshold-1.tif,163.736,80.928,0.314,21.517,750,539,140.477,14.617,1.387,0.721,0.769
619,Image_14462-1.jpg (red)_after_adjusting_threshold-1.tif,58.022,31.813,0.720,11.692,433,540,117.474,7.647,1.605,0.623,0.865
620,Image_14462-1.jpg (red)_after_adjusting_threshold-1.tif,23.588,20.278,0.721,7.247,710,540,113.629,5.389,1.313,0.762,0.843
621,Image_14462-1.jpg (red)_after_adjusting_threshold-1.tif,35.468,25.559,0.682,8.554,139,544,157.166,7.167,1.291,0.774,0.794
622,Image_14462-1.jpg (red)_after_adjusting_threshold-1.tif,30.130,22.525,0.746,8.724,231,543,154.654,5.380,1.673,0.598,0.875
623,Image_14462-1.jpg (red)_after_adjusting_threshold-1.tif,25.654,21.896,0.672,8.014,120,545,158.749,5.281,1.613,0.620,0.844
624,Image_14462-1.jpg (red)_after_adjusting_threshold-1.tif,39.255,26.288,0.714,10.104,182,565,70.821,6.224,1.728,0.579,0.872
625,Image_14462-1.jpg (red)_after_adjusting_threshold-1.tif,29.614,22.868,0.712,8.402,194,545,147.095,5.830,1.300,0.769,0.878
626,Image_14462-1.jpg (red)_after_adjusting_threshold-1.tif,41.149,26.733,0.724,9.278,679,553,10.305,6.639,1.396,0.716,0.874
627,Image_14462-1.jpg (red)_after_adjusting_threshold-1.tif,77.994,39.684,0.622,12.923,510,543,132.397,10.242,1.237,0.808,0.828
628,Image_14462-1.jpg (red)_after_adjusting_threshold-1.tif,44.421,29.566,0.639,10.130,163,561,34.992,7.444,1.392,0.719,0.783
629,Image_14462-1.jpg (red)_after_adjusting_threshold-1.tif,19.111,16.271,0.907,6.495,26,556,26.565,4.149,1.429,0.700,0.933
630,Image_14462-1.jpg (red)_after_adjusting_threshold-1.tif,105.886,53.323,0.468,20.496,94,555,158.629,7.940,3.102,0.322,0.791
631,Image_14462-1.jpg (red)_after_adjusting_threshold-1.tif,182.159,77.181,0.384,20.850,263,570,5.711,14.302,1.475,0.678,0.829
632,Image_14462-1.jpg (red)_after_adjusting_threshold-1.tif,76.961,35.434,0.770,12.260,566,576,66.038,9.278,1.290,0.775,0.889
633,Image_14462-1.jpg (red)_after_adjusting_threshold-1.tif,46.142,32.844,0.538,11.165,721,548,131.987,7.367,1.541,0.649,0.806
634,Image_14462-1.jpg (red)_after_adjusting_threshold-1.tif,58.367,36.851,0.540,12.809,457,557,155.095,6.975,2.153,0.464,0.758
635,Image_14462-1.jpg (red)_after_adjusting_threshold-1.tif,24.621,27.604,0.406,10.915,603,556,171.254,3.559,3.849,0.260,0.722
636,Image_14462-1.jpg (red)_after_adjusting_threshold-1.tif,147.035,67.490,0.406,18.557,629,566,169.695,11.881,1.512,0.661,0.835
637,Image_14462-1.jpg (red)_after_adjusting_threshold-1.tif,31.680,26.045,0.587,8.152,585,558,165.256,6.224,1.414,0.707,0.838
638,Image_14462-1.jpg (red)_after_adjusting_threshold-1.tif,143.764,72.897,0.340,30.446,39,556,162.553,8.410,4.106,0.244,0.736
639,Image_14462-1.jpg (red)_after_adjusting_threshold-1.tif,74.034,61.035,0.250,14.205,218,569,173.290,11.516,1.164,0.859,0.610
640,Image_14462-1.jpg (red)_after_adjusting_threshold-1.tif,93.490,49.862,0.473,15.963,527,573,171.027,10.714,1.750,0.571,0.748
641,Image_14462-1.jpg (red)_after_adjusting_threshold-1.tif,17.217,17.788,0.684,7.258,575,574,59.036,3.668,2.174,0.460,0.837
642,Image_14462-1.jpg (red)_after_adjusting_threshold-1.tif,32.196,25.073,0.644,8.802,139,567,8.130,5.798,1.566,0.638,0.839
643,Image_14462-1.jpg (red)_after_adjusting_threshold-1.tif,68.353,39.198,0.559,12.476,366,573,176.186,8.497,1.537,0.651,0.802
644,Image_14462-1.jpg (red)_after_adjusting_threshold-1.tif,39.083,30.639,0.523,10.373,194,565,163.740,5.985,1.635,0.612,0.798
645,Image_14462-1.jpg (red)_after_adjusting_threshold-1.tif,16.873,17.059,0.729,5.941,438,564,155.225,4.662,1.335,0.749,0.838
646,Image_14462-1.jpg (red)_after_adjusting_threshold-1.tif,48.897,29.608,0.701,12.620,688,591,62.592,5.567,2.384,0.419,0.928
647,Image_14462-1.jpg (red)_after_adjusting_threshold-1.tif,39.772,29.507,0.574,11.536,721,565,127.694,6.003,2.201,0.454,0.838
648,Image_14462-1.jpg (red)_after_adjusting_threshold-1.tif,28.236,23.455,0.645,9.480,578,579,23.199,5.674,1.778,0.563,0.841
649,Image_14462-1.jpg (red)_after_adjusting_threshold-1.tif,113.117,51.907,0.528,20.496,623,566,121.759,8.004,2.961,0.338,0.819
650,Image_14462-1.jpg (red)_after_adjusting_threshold-1.tif,40.461,28.007,0.648,11.025,320,574,160.201,5.665,2.319,0.431,0.829
651,Image_14462-1.jpg (red)_after_adjusting_threshold-1.tif,17.389,19.406,0.580,7.388,346,582,38.157,4.149,2.073,0.482,0.745
652,Image_14462-1.jpg (red)_after_adjusting_threshold-1.tif,65.770,35.091,0.671,13.029,488,575,142.765,7.629,1.806,0.554,0.896
653,Image_14462-1.jpg (red)_after_adjusting_threshold-1.tif,190.767,66.417,0.543,21.744,283,611,48.094,13.568,1.529,0.654,0.846
654,Image_14462-1.jpg (red)_after_adjusting_threshold-1.tif,19.628,18.132,0.750,6.704,451,582,21.801,4.623,1.509,0.663,0.832
655,Image_14462-1.jpg (red)_after_adjusting_threshold-1.tif,43.043,28.493,0.666,11.714,154,578,157.068,6.214,2.114,0.473,0.852
656,Image_14462-1.jpg (red)_after_adjusting_threshold-1.tif,17.217,16.129,0.832,5.764,355,577,149.744,4.765,1.255,0.797,0.855
657,Image_14462-1.jpg (red)_after_adjusting_threshold-1.tif,100.032,44.480,0.635,16.113,515,574,124.509,9.268,1.838,0.544,0.863
658,Image_14462-1.jpg (red)_after_adjusting_threshold-1.tif,18.078,17.243,0.764,7.139,183,586,35.538,4.108,1.534,0.652,0.905
659,Image_14462-1.jpg (red)_after_adjusting_threshold-1.tif,11.363,17.302,0.477,5.410,674,587,57.529,3.734,1.475,0.678,0.695
660,Image_14462-1.jpg (red)_after_adjusting_threshold-1.tif,27.548,20.278,0.842,7.423,742,592,63.435,5.809,1.302,0.768,0.899
661,Image_14462-1.jpg (red)_after_adjusting_threshold-1.tif,10.675,12.809,0.818,5.048,382,582,9.462,3.711,1.243,0.804,0.816
662,Image_14462-1.jpg (red)_after_adjusting_threshold-1.tif,76.617,46.181,0.451,15.773,425,611,63.435,9.544,1.427,0.701,0.778
663,Image_14462-1.jpg (red)_after_adjusting_threshold-1.tif,18.767,20.479,0.562,8.215,534,579,135.000,4.108,2.168,0.461,0.784
664,Image_14462-1.jpg (red)_after_adjusting_threshold-1.tif,29.442,26.004,0.547,10.788,247,582,157.380,4.838,2.197,0.455,0.783
665,Image_14462-1.jpg (red)_after_adjusting_threshold-1.tif,50.791,27.563,0.840,9.278,457,584,169.695,8.055,1.077,0.928,0.902
666,Image_14462-1.jpg (red)_after_adjusting_threshold-1.tif,66.631,41.386,0.489,12.996,696,588,163.301,8.573,1.435,0.697,0.816
667,Image_14462-1.jpg (red)_after_adjusting_threshold-1.tif,20.489,18.233,0.774,7.388,114,581,128.157,3.814,2.129,0.470,0.878
668,Image_14462-1.jpg (red)_after_adjusting_threshold-1.tif,57.678,41.789,0.415,10.373,202,605,73.740,9.207,1.115,0.897,0.803
669,Image_14462-1.jpg (red)_after_adjusting_threshold-1.tif,66.975,43.934,0.436,13.362,385,610,64.231,10.331,1.285,0.778,0.702
670,Image_14462-1.jpg (red)_after_adjusting_threshold-1.tif,68.525,37.924,0.599,12.620,754,582,99.462,9.205,1.412,0.708,0.802
671,Image_14462-1.jpg (red)_after_adjusting_threshold-1.tif,52.513,29.365,0.765,10.373,596,584,126.870,8.165,1.163,0.860,0.885
672,Image_14462-1.jpg (red)_after_adjusting_threshold-1.tif,51.135,41.587,0.372,14.857,338,590,144.090,6.817,2.941,0.340,0.671
673,Image_14462-1.jpg (red)_after_adjusting_threshold-1.tif,13.774,14.611,0.811,5.764,66,597,59.744,3.897,1.479,0.676,0.874
674,Image_14462-1.jpg (red)_after_adjusting_threshold-1.tif,27.203,23.900,0.598,7.873,140,585,108.435,5.233,1.633,0.613,0.821
675,Image_14462-1.jpg (red)_after_adjusting_threshold-1.tif,30.475,28.979,0.456,12.434,545,600,25.710,4.579,3.215,0.311,0.748
676,Image_14462-1.jpg (red)_after_adjusting_threshold-1.tif,42.354,27.118,0.724,9.213,219,590,144.162,7.469,1.166,0.858,0.879
677,Image_14462-1.jpg (red)_after_adjusting_threshold-1.tif,31.852,22.868,0.765,8.402,573,603,57.095,5.884,1.425,0.702,0.869
678,Image_14462-1.jpg (red)_after_adjusting_threshold-1.tif,30.991,22.625,0.761,8.350,667,588,153.435,5.394,1.560,0.641,0.874
679,Image_14462-1.jpg (red)_after_adjusting_threshold-1.tif,14.118,18.031,0.546,7.353,135,589,106.390,3.422,2.595,0.385,0.732
680,Image_14462-1.jpg (red)_after_adjusting_threshold-1.tif,18.250,16.715,0.821,5.764,726,592,149.744,5.119,1.050,0.952,0.848
681,Image_14462-1.jpg (red)_after_adjusting_threshold-1.tif,44.765,38.611,0.377,13.917,272,623,79.695,5.809,2.514,0.398,0.705
682,Image_14462-1.jpg (red)_after_adjusting_threshold-1.tif,20.489,17.545,0.836,5.984,480,592,123.690,4.988,1.144,0.874,0.872
683,Image_14462-1.jpg (red)_after_adjusting_threshold-1.tif,13.602,17.445,0.562,7.258,549,605,30.964,4.009,1.905,0.525,0.752
684,Image_14462-1.jpg (red)_after_adjusting_threshold-1.tif,12.224,14.754,0.706,5.644,737,605,53.973,4.031,1.368,0.731,0.802
685,Image_14462-1.jpg (red)_after_adjusting_threshold-1.tif,28.064,22.038,0.726,7.829,159,609,32.005,6.214,1.229,0.814,0.853
686,Image_14462-1.jpg (red)_after_adjusting_threshold-1.tif,18.078,17.059,0.781,5.941,238,605,24.775,4.988,1.223,0.817,0.830
687,Image_14462-1.jpg (red)_after_adjusting_threshold-1.tif,12.741,14.024,0.814,5.394,656,600,157.380,3.734,1.359,0.736,0.892
688,Image_14462-1.jpg (red)_after_adjusting_threshold-1.tif,23.071,22.139,0.592,9.722,489,598,129.806,3.759,2.831,0.353,0.825
689,Image_14462-1.jpg (red)_after_adjusting_threshold-1.tif,11.880,12.608,0.939,5.065,721,599,145.008,3.319,1.447,0.691,0.920
690,Image_14462-1.jpg (red)_after_adjusting_threshold-1.tif,49.586,30.052,0.690,12.062,94,600,153.435,5.933,2.094,0.477,0.889
691,Image_14462-1.jpg (red)_after_adjusting_threshold-1.tif,42.010,25.358,0.821,9.185,326,620,71.565,6.591,1.451,0.689,0.919
692,Image_14462-1.jpg (red)_after_adjusting_threshold-1.tif,23.588,18.719,0.846,6.805,448,603,142.431,5.047,1.296,0.772,0.873
693,Image_14462-1.jpg (red)_after_adjusting_threshold-1.tif,34.951,26.389,0.631,8.938,461,615,21.801,6.623,1.435,0.697,0.802
694,Image_14462-1.jpg (red)_after_adjusting_threshold-1.tif,22.382,19.448,0.744,6.843,368,606,165.964,4.979,1.322,0.757,0.852
695,Image_14462-1.jpg (red)_after_adjusting_threshold-1.tif,30.302,22.139,0.777,8.554,737,608,165.964,5.809,1.435,0.697,0.869
696,Image_14462-1.jpg (red)_after_adjusting_threshold-1.tif,69.041,37.622,0.613,14.857,183,605,144.090,7.949,2.141,0.467,0.850
697,Image_14462-1.jpg (red)_after_adjusting_threshold-1.tif,31.680,25.216,0.626,8.724,248,614,25.346,6.430,1.352,0.739,0.821
698,Image_14462-1.jpg (red)_after_adjusting_threshold-1.tif,29.786,26.146,0.548,9.185,549,608,161.565,5.772,1.664,0.601,0.783
699,Image_14462-1.jpg (red)_after_adjusting_threshold-1.tif,15.151,16.958,0.662,5.764,170,618,30.256,4.941,1.096,0.913,0.796
700,Image_14462-1.jpg (red)_after_adjusting_threshold-1.tif,12.913,15.642,0.663,6.168,62,612,160.346,3.305,2.169,0.461,0.773
701,Image_14462-1.jpg (red)_after_adjusting_threshold-1.tif,152.373,75.765,0.334,18.370,611,637,18.435,11.702,1.533,0.652,0.814
702,Image_14462-1.jpg (red)_after_adjusting_threshold-1.tif,20.661,24.872,0.420,9.325,572,616,159.146,4.649,2.478,0.404,0.706
703,Image_14462-1.jpg (red)_after_adjusting_threshold-1.tif,71.624,34.361,0.762,12.288,674,626,11.689,8.862,1.432,0.698,0.884
704,Image_14462-1.jpg (red)_after_adjusting_threshold-1.tif,45.281,29.365,0.660,11.272,426,640,83.660,5.697,1.871,0.534,0.867
705,Image_14462-1.jpg (red)_after_adjusting_threshold-1.tif,32.885,24.729,0.676,8.792,594,624,19.290,5.809,1.400,0.715,0.866
706,Image_14462-1.jpg (red)_after_adjusting_threshold-1.tif,26.859,21.653,0.720,9.110,336,614,149.931,4.315,2.178,0.459,0.869
707,Image_14462-1.jpg (red)_after_adjusting_threshold-1.tif,41.838,27.948,0.673,10.407,49,619,156.501,6.905,1.616,0.619,0.824
708,Image_14462-1.jpg (red)_after_adjusting_threshold-1.tif,65.942,46.282,0.387,15.442,106,619,149.300,7.893,2.417,0.414,0.726
709,Image_14462-1.jpg (red)_after_adjusting_threshold-1.tif,40.116,26.532,0.716,10.027,216,621,155.556,6.109,1.536,0.651,0.889
710,Image_14462-1.jpg (red)_after_adjusting_threshold-1.tif,18.422,16.715,0.829,6.334,283,616,148.392,4.401,1.451,0.689,0.895
711,Image_14462-1.jpg (red)_after_adjusting_threshold-1.tif,18.595,16.958,0.812,6.561,238,617,145.305,4.591,1.375,0.727,0.867
712,Image_14462-1.jpg (red)_after_adjusting_threshold-1.tif,29.958,23.556,0.678,9.062,297,626,15.945,4.931,2.046,0.489,0.837
713,Image_14462-1.jpg (red)_after_adjusting_threshold-1.tif,18.595,21.997,0.483,6.347,502,625,11.310,5.187,1.067,0.937,0.735
714,Image_14462-1.jpg (red)_after_adjusting_threshold-1.tif,35.640,25.601,0.683,10.045,408,618,128.290,5.927,1.754,0.570,0.835
715,Image_14462-1.jpg (red)_after_adjusting_threshold-1.tif,35.295,33.959,0.385,11.394,552,617,146.889,5.642,2.324,0.430,0.711
716,Image_14462-1.jpg (red)_after_adjusting_threshold-1.tif,50.619,34.789,0.526,14.664,474,622,154.885,5.674,3.088,0.324,0.800
717,Image_14462-1.jpg (red)_after_adjusting_threshold-1.tif,22.555,19.004,0.785,7.353,715,635,73.610,3.734,1.826,0.548,0.939
718,Image_14462-1.jpg (red)_after_adjusting_threshold-1.tif,19.800,18.861,0.699,7.480,356,620,146.310,3.956,1.855,0.539,0.868
719,Image_14462-1.jpg (red)_after_adjusting_threshold-1.tif,13.946,14.712,0.810,5.314,610,629,38.660,4.028,1.470,0.680,0.862
720,Image_14462-1.jpg (red)_after_adjusting_threshold-1.tif,48.036,32.986,0.555,11.477,87,623,139.399,7.042,1.770,0.565,0.812
721,Image_14462-1.jpg (red)_after_adjusting_threshold-1.tif,59.744,34.202,0.642,10.955,159,622,114.624,8.299,1.206,0.829,0.823
722,Image_14462-1.jpg (red)_after_adjusting_threshold-1.tif,110.535,45.292,0.677,15.358,718,648,38.418,11.337,1.276,0.784,0.873
723,Image_14462-1.jpg (red)_after_adjusting_threshold-1.tif,21.866,21.552,0.592,8.014,79,621,111.251,4.564,1.636,0.611,0.830
724,Image_14462-1.jpg (red)_after_adjusting_threshold-1.tif,34.779,25.417,0.677,9.361,372,627,167.196,5.935,1.603,0.624,0.838
725,Image_14462-1.jpg (red)_after_adjusting_threshold-1.tif,52.513,34.261,0.562,10.373,435,639,16.260,7.258,1.517,0.659,0.844
726,Image_14462-1.jpg (red)_after_adjusting_threshold-1.tif,13.085,16.129,0.632,6.755,517,626,169.380,2.905,2.388,0.419,0.849
727,Image_14462-1.jpg (red)_after_adjusting_threshold-1.tif,36.156,24.386,0.764,9.325,329,626,122.276,5.975,1.591,0.629,0.859
728,Image_14462-1.jpg (red)_after_adjusting_threshold-1.tif,51.996,36.650,0.486,12.204,535,649,17.819,8.167,1.582,0.632,0.702
729,Image_14462-1.jpg (red)_after_adjusting_threshold-1.tif,83.676,40.011,0.657,14.961,683,636,160.560,8.663,1.923,0.520,0.862
730,Image_14462-1.jpg (red)_after_adjusting_threshold-1.tif,32.713,21.795,0.865,7.971,352,644,38.660,6.161,1.303,0.767,0.909
731,Image_14462-1.jpg (red)_after_adjusting_threshold-1.tif,30.819,25.073,0.616,8.299,460,633,126.870,6.569,1.192,0.839,0.808
732,Image_14462-1.jpg (red)_after_adjusting_threshold-1.tif,59.744,31.268,0.768,10.820,29,654,57.529,8.852,1.116,0.896,0.908
733,Image_14462-1.jpg (red)_after_adjusting_threshold-1.tif,32.713,27.118,0.559,8.463,174,642,168.690,6.174,1.203,0.831,0.805
734,Image_14462-1.jpg (red)_after_adjusting_threshold-1.tif,30.130,22.382,0.756,8.184,308,645,30.466,6.224,1.246,0.803,0.852
735,Image_14462-1.jpg (red)_after_adjusting_threshold-1.tif,16.356,19.649,0.532,6.442,404,647,75.069,5.426,1.241,0.806,0.714
736,Image_14462-1.jpg (red)_after_adjusting_threshold-1.tif,11.708,12.809,0.897,5.014,668,639,24.444,3.521,1.331,0.751,0.861
737,Image_14462-1.jpg (red)_after_adjusting_threshold-1.tif,22.210,19.104,0.765,6.561,567,645,34.695,5.754,1.243,0.804,0.843
738,Image_14462-1.jpg (red)_after_adjusting_threshold-1.tif,15.668,16.472,0.726,5.868,55,641,8.130,4.268,1.295,0.772,0.835
739,Image_14462-1.jpg (red)_after_adjusting_threshold-1.tif,19.456,18.031,0.752,7.139,69,634,144.462,4.662,1.579,0.633,0.850
740,Image_14462-1.jpg (red)_after_adjusting_threshold-1.tif,57.161,31.611,0.719,12.782,199,636,166.866,6.224,2.098,0.477,0.922
741,Image_14462-1.jpg (red)_after_adjusting_threshold-1.tif,79.199,42.032,0.563,12.599,244,634,107.241,10.292,1.104,0.905,0.846
742,Image_14462-1.jpg (red)_after_adjusting_threshold-1.tif,35.295,25.073,0.706,9.580,272,645,4.970,5.905,1.574,0.635,0.851
743,Image_14462-1.jpg (red)_after_adjusting_threshold-1.tif,81.610,49.216,0.423,14.857,377,655,35.910,10.563,1.187,0.843,0.761
744,Image_14462-1.jpg (red)_after_adjusting_threshold-1.tif,52.168,32.299,0.628,10.473,473,650,33.690,7.346,1.288,0.776,0.887
745,Image_14462-1.jpg (red)_after_adjusting_threshold-1.tif,110.018,52.879,0.494,15.625,579,655,10.713,11.850,1.439,0.695,0.795
746,Image_14462-1.jpg (red)_after_adjusting_threshold-1.tif,11.708,13.094,0.858,4.731,89,645,52.125,3.734,1.107,0.904,0.919
747,Image_14462-1.jpg (red)_after_adjusting_threshold-1.tif,11.880,13.438,0.827,5.014,524,644,24.444,3.319,1.365,0.733,0.896
748,Image_14462-1.jpg (red)_after_adjusting_threshold-1.tif,39.428,24.000,0.860,8.057,653,637,101.889,7.284,1.106,0.904,0.889
749,Image_14462-1.jpg (red)_after_adjusting_threshold-1.tif,15.840,17.889,0.622,7.247,430,638,113.629,3.526,2.269,0.441,0.800
750,Image_14462-1.jpg (red)_after_adjusting_threshold-1.tif,56.645,29.809,0.801,10.045,442,656,38.290,7.936,1.317,0.759,0.893
751,Image_14462-1.jpg (red)_after_adjusting_threshold-1.tif,33.746,30.254,0.463,10.915,121,647,8.746,5.394,2.422,0.413,0.789
752,Image_14462-1.jpg (red)_after_adjusting_threshold-1.tif,18.250,17.101,0.784,6.495,509,649,26.565,4.564,1.282,0.780,0.891
753,Image_14462-1.jpg (red)_after_adjusting_threshold-1.tif,32.368,23.900,0.712,8.664,97,653,16.699,5.938,1.584,0.631,0.836
754,Image_14462-1.jpg (red)_after_adjusting_threshold-1.tif,33.918,25.216,0.670,10.036,419,642,119.745,5.381,2.078,0.481,0.872
755,Image_14462-1.jpg (red)_after_adjusting_threshold-1.tif,23.415,24.143,0.505,10.603,195,644,120.579,3.623,3.164,0.316,0.805
756,Image_14462-1.jpg (red)_after_adjusting_threshold-1.tif,20.144,18.660,0.727,7.651,259,658,49.399,4.740,1.656,0.604,0.880
757,Image_14462-1.jpg (red)_after_adjusting_threshold-1.tif,15.323,18.417,0.568,7.651,404,658,49.399,4.190,1.787,0.560,0.748
758,Image_14462-1.jpg (red)_after_adjusting_threshold-1.tif,16.356,16.715,0.736,5.984,144,654,33.690,4.442,1.510,0.662,0.805
759,Image_14462-1.jpg (red)_after_adjusting_threshold-1.tif,38.911,25.459,0.754,9.837,555,660,27.646,6.445,1.612,0.621,0.863
760,Image_14462-1.jpg (red)_after_adjusting_threshold-1.tif,18.250,21.209,0.510,8.392,665,646,171.469,3.734,2.538,0.394,0.777
761,Image_14462-1.jpg (red)_after_adjusting_threshold-1.tif,177.854,66.945,0.499,20.437,26,661,5.826,15.397,1.282,0.780,0.795
762,Image_14462-1.jpg (red)_after_adjusting_threshold-1.tif,14.807,15.785,0.747,6.442,163,650,165.069,3.522,1.961,0.510,0.847
763,Image_14462-1.jpg (red)_after_adjusting_threshold-1.tif,25.826,22.768,0.626,8.753,179,651,148.570,6.140,1.343,0.745,0.811
764,Image_14462-1.jpg (red)_after_adjusting_threshold-1.tif,19.283,22.525,0.478,9.863,206,648,157.751,3.019,3.968,0.252,0.778
765,Image_14462-1.jpg (red)_after_adjusting_threshold-1.tif,88.841,40.657,0.675,14.961,345,682,70.560,10.759,1.214,0.824,0.851
766,Image_14462-1.jpg (red)_after_adjusting_threshold-1.tif,13.257,16.573,0.607,5.984,490,658,33.690,3.985,1.730,0.578,0.778
767,Image_14462-1.jpg (red)_after_adjusting_threshold-1.tif,11.191,13.438,0.779,5.065,293,659,55.008,3.734,1.321,0.757,0.878
768,Image_14462-1.jpg (red)_after_adjusting_threshold-1.tif,26.859,27.177,0.457,9.687,319,650,133.264,4.988,1.878,0.532,0.743
769,Image_14462-1.jpg (red)_after_adjusting_threshold-1.tif,55.612,31.611,0.699,11.326,530,668,28.443,8.299,1.420,0.704,0.874
770,Image_14462-1.jpg (red)_after_adjusting_threshold-1.tif,12.741,13.438,0.887,5.065,638,660,55.008,4.108,1.271,0.787,0.937
771,Image_14462-1.jpg (red)_after_adjusting_threshold-1.tif,124.653,51.806,0.584,17.033,158,692,87.207,11.496,1.276,0.784,0.856
772,Image_14462-1.jpg (red)_after_adjusting_threshold-1.tif,35.812,27.320,0.603,9.138,616,651,140.528,6.436,1.473,0.679,0.798
773,Image_14462-1.jpg (red)_after_adjusting_threshold-1.tif,36.156,27.563,0.598,9.713,501,664,19.983,6.971,1.646,0.608,0.749
774,Image_14462-1.jpg (red)_after_adjusting_threshold-1.tif,82.643,42.417,0.577,13.180,402,682,61.821,9.079,1.528,0.654,0.873
775,Image_14462-1.jpg (red)_after_adjusting_threshold-1.tif,29.097,25.316,0.571,9.722,16,656,129.806,4.802,2.416,0.414,0.795
776,Image_14462-1.jpg (red)_after_adjusting_threshold-1.tif,11.019,15.542,0.573,5.132,210,658,165.964,3.961,1.357,0.737,0.744
777,Image_14462-1.jpg (red)_after_adjusting_threshold-1.tif,10.330,13.538,0.708,5.314,377,656,141.340,3.280,1.802,0.555,0.828
778,Image_14462-1.jpg (red)_after_adjusting_threshold-1.tif,74.034,51.848,0.346,13.812,665,658,122.735,10.795,1.584,0.631,0.722
779,Image_14462-1.jpg (red)_after_adjusting_threshold-1.tif,141.698,56.702,0.554,19.817,74,685,19.573,9.653,2.238,0.447,0.851
780,Image_14462-1.jpg (red)_after_adjusting_threshold-1.tif,48.897,30.639,0.655,10.986,119,662,169.114,7.511,1.427,0.701,0.833
781,Image_14462-1.jpg (red)_after_adjusting_threshold-1.tif,18.767,17.202,0.797,5.779,257,658,111.038,5.145,1.043,0.959,0.855
782,Image_14462-1.jpg (red)_after_adjusting_threshold-1.tif,22.727,20.236,0.697,7.572,314,658,99.462,4.412,1.814,0.551,0.822
783,Image_14462-1.jpg (red)_after_adjusting_threshold-1.tif,50.274,31.427,0.640,11.477,294,660,139.399,6.376,1.828,0.547,0.850
784,Image_14462-1.jpg (red)_after_adjusting_threshold-1.tif,28.064,24.042,0.610,9.100,593,674,43.152,5.604,1.751,0.571,0.830
785,Image_14462-1.jpg (red)_after_adjusting_threshold-1.tif,65.770,38.250,0.565,15.144,368,696,80.538,5.745,2.644,0.378,0.879
786,Image_14462-1.jpg (red)_after_adjusting_threshold-1.tif,53.029,32.257,0.640,10.860,425,670,173.418,8.011,1.490,0.671,0.815
787,Image_14462-1.jpg (red)_after_adjusting_threshold-1.tif,16.701,19.649,0.544,6.704,609,661,111.801,5.184,1.281,0.781,0.721
788,Image_14462-1.jpg (red)_after_adjusting_threshold-1.tif,17.217,19.834,0.550,7.139,644,672,35.538,4.564,1.812,0.552,0.741
789,Image_14462-1.jpg (red)_after_adjusting_threshold-1.tif,15.668,15.542,0.815,6.224,188,662,126.870,3.711,1.836,0.545,0.897
790,Image_14462-1.jpg (red)_after_adjusting_threshold-1.tif,128.785,49.501,0.660,15.353,272,662,108.925,13.914,1.154,0.867,0.850
791,Image_14462-1.jpg (red)_after_adjusting_threshold-1.tif,18.767,16.757,0.840,6.334,219,665,148.392,4.149,1.546,0.647,0.916
792,Image_14462-1.jpg (red)_after_adjusting_threshold-1.tif,13.257,14.024,0.847,6.168,480,664,137.726,3.485,1.909,0.524,0.890
793,Image_14462-1.jpg (red)_after_adjusting_threshold-1.tif,11.363,13.882,0.741,5.394,198,678,67.380,3.455,1.792,0.558,0.800
794,Image_14462-1.jpg (red)_after_adjusting_threshold-1.tif,14.290,17.302,0.600,5.644,323,671,162.897,4.401,1.385,0.722,0.748
795,Image_14462-1.jpg (red)_after_adjusting_threshold-1.tif,10.847,14.368,0.660,5.941,623,674,167.905,3.240,1.738,0.575,0.808
796,Image_14462-1.jpg (red)_after_adjusting_threshold-1.tif,24.965,20.865,0.721,8.880,14,674,127.405,4.220,2.334,0.428,0.887
797,Image_14462-1.jpg (red)_after_adjusting_threshold-1.tif,44.937,41.344,0.330,11.685,180,701,73.496,6.572,1.841,0.543,0.761
798,Image_14462-1.jpg (red)_after_adjusting_threshold-1.tif,27.203,24.042,0.591,7.927,216,681,173.991,5.394,1.446,0.692,0.810
799,Image_14462-1.jpg (red)_after_adjusting_threshold-1.tif,62.499,35.434,0.626,14.163,448,677,148.173,6.680,2.226,0.449,0.878
800,Image_14462-1.jpg (red)_after_adjusting_threshold-1.tif,17.389,15.886,0.866,5.941,564,674,102.095,4.522,1.333,0.750,0.871
801,Image_14462-1.jpg (red)_after_adjusting_threshold-1.tif,14.979,14.854,0.853,5.065,482,677,145.008,4.564,1.092,0.916,0.874
802,Image_14462-1.jpg (red)_after_adjusting_threshold-1.tif,23.932,21.209,0.669,7.423,238,682,153.435,5.471,1.197,0.835,0.818
803,Image_14462-1.jpg (red)_after_adjusting_threshold-1.tif,41.666,25.358,0.814,10.130,528,696,55.008,6.455,1.692,0.591,0.920
804,Image_14462-1.jpg (red)_after_adjusting_threshold-1.tif,18.595,18.861,0.657,7.752,293,695,74.476,3.734,2.178,0.459,0.889
805,Image_14462-1.jpg (red)_after_adjusting_threshold-1.tif,51.307,31.955,0.631,11.976,636,681,165.964,6.161,2.142,0.467,0.856
806,Image_14462-1.jpg (red)_after_adjusting_threshold-1.tif,27.892,24.629,0.578,9.138,129,680,140.528,5.171,1.807,0.553,0.842
807,Image_14462-1.jpg (red)_after_adjusting_threshold-1.tif,15.323,15.927,0.759,5.644,359,693,53.973,3.734,1.306,0.766,0.913
808,Image_14462-1.jpg (red)_after_adjusting_threshold-1.tif,25.482,20.136,0.790,7.247,628,698,66.371,5.575,1.201,0.832,0.881
809,Image_14462-1.jpg (red)_after_adjusting_threshold-1.tif,63.704,40.070,0.499,13.029,490,686,127.235,8.936,1.794,0.557,0.772
810,Image_14462-1.jpg (red)_after_adjusting_threshold-1.tif,28.236,22.868,0.679,9.100,66,689,155.772,5.738,1.668,0.599,0.850
811,Image_14462-1.jpg (red)_after_adjusting_threshold-1.tif,43.215,31.813,0.537,10.579,607,687,115.560,6.538,1.893,0.528,0.826
812,Image_14462-1.jpg (red)_after_adjusting_threshold-1.tif,98.138,46.525,0.570,14.181,199,694,159.444,12.181,1.070,0.934,0.806
813,Image_14462-1.jpg (red)_after_adjusting_threshold-1.tif,32.024,24.386,0.677,8.753,439,693,148.570,5.996,1.429,0.700,0.853
814,Image_14462-1.jpg (red)_after_adjusting_threshold-1.tif,107.436,57.900,0.403,21.593,553,703,177.797,8.496,2.824,0.354,0.779
815,Image_14462-1.jpg (red)_after_adjusting_threshold-1.tif,13.602,14.226,0.845,5.249,313,690,108.435,3.734,1.367,0.732,0.878
816,Image_14462-1.jpg (red)_after_adjusting_threshold-1.tif,67.664,38.410,0.576,12.448,638,690,126.870,8.834,1.341,0.746,0.800
817,Image_14462-1.jpg (red)_after_adjusting_threshold-1.tif,22.555,20.965,0.645,7.796,147,691,154.799,4.268,1.970,0.508,0.837
818,Image_14462-1.jpg (red)_after_adjusting_threshold-1.tif,22.382,19.792,0.718,7.258,44,696,149.036,5.394,1.354,0.739,0.833
819,Image_14462-1.jpg (red)_after_adjusting_threshold-1.tif,22.727,21.309,0.629,8.822,258,695,131.186,4.028,2.452,0.408,0.822
820,Image_14462-1.jpg (red)_after_adjusting_threshold-1.tif,51.480,36.021,0.499,12.204,537,695,125.311,7.228,1.719,0.582,0.781
821,Image_14462-1.jpg (red)_after_adjusting_threshold-1.tif,38.567,27.403,0.645,10.273,333,697,136.637,6.612,1.472,0.679,0.825
822,Image_14462-1.jpg (red)_after_adjusting_threshold-1.tif,64.220,39.139,0.527,15.081,72,707,7.907,7.884,2.142,0.467,0.804
823,Image_14462-1.jpg (red)_after_adjusting_threshold-1.tif,14.118,14.268,0.872,5.897,272,698,140.711,3.734,1.512,0.661,0.916
824,Image_14462-1.jpg (red)_after_adjusting_threshold-1.tif,34.779,22.868,0.836,7.981,421,709,27.897,6.639,1.051,0.952,0.898
825,Image_14462-1.jpg (red)_after_adjusting_threshold-1.tif,12.224,13.681,0.821,5.199,60,700,151.390,3.581,1.456,0.687,0.861
826,Image_14462-1.jpg (red)_after_adjusting_threshold-1.tif,33.746,27.462,0.562,10.579,459,706,11.310,5.615,1.734,0.577,0.800
827,Image_14462-1.jpg (red)_after_adjusting_threshold-1.tif,44.248,32.459,0.528,12.119,284,704,141.953,5.706,2.085,0.480,0.788
828,Image_14462-1.jpg (red)_after_adjusting_threshold-1.tif,16.701,15.441,0.880,5.779,395,704,158.962,4.149,1.422,0.703,0.911
829,Image_14462-1.jpg (red)_after_adjusting_threshold-1.tif,69.730,35.660,0.689,13.259,352,702,159.864,7.156,1.948,0.513,0.908
830,Image_14462-1.jpg (red)_after_adjusting_threshold-1.tif,136.877,50.313,0.679,18.649,181,745,69.146,9.525,1.848,0.541,0.911
831,Image_14462-1.jpg (red)_after_adjusting_threshold-1.tif,14.463,13.681,0.971,5.065,664,704,124.992,4.149,1.105,0.905,0.939
832,Image_14462-1.jpg (red)_after_adjusting_threshold-1.tif,26.170,24.629,0.542,8.822,482,707,131.186,6.255,1.614,0.620,0.762
833,Image_14462-1.jpg (red)_after_adjusting_threshold-1.tif,12.913,15.198,0.703,6.482,220,718,39.806,2.969,2.378,0.421,0.867
834,Image_14462-1.jpg (red)_after_adjusting_threshold-1.tif,35.123,25.945,0.656,10.036,236,709,119.745,5.610,1.864,0.536,0.891
835,Image_14462-1.jpg (red)_after_adjusting_threshold-1.tif,56.817,36.809,0.527,11.976,250,723,14.036,7.688,1.687,0.593,0.795
836,Image_14462-1.jpg (red)_after_adjusting_threshold-1.tif,17.389,19.205,0.592,7.066,383,710,130.236,4.724,1.677,0.596,0.795
837,Image_14462-1.jpg (red)_after_adjusting_threshold-1.tif,64.220,38.955,0.532,15.035,599,715,152.021,6.662,2.669,0.375,0.822
838,Image_14462-1.jpg (red)_after_adjusting_threshold-1.tif,20.833,21.653,0.558,6.843,168,712,104.036,5.686,1.146,0.872,0.799
839,Image_14462-1.jpg (red)_after_adjusting_threshold-1.tif,30.475,21.209,0.851,7.388,497,724,38.157,6.224,1.188,0.842,0.922
840,Image_14462-1.jpg (red)_after_adjusting_threshold-1.tif,13.257,19.448,0.440,8.215,281,713,135.000,3.670,2.540,0.394,0.744
841,Image_14462-1.jpg (red)_after_adjusting_threshold-1.tif,72.657,37.823,0.638,12.890,651,719,146.821,9.200,1.455,0.687,0.869
842,Image_14462-1.jpg (red)_after_adjusting_threshold-1.tif,45.109,33.330,0.510,12.923,136,723,174.472,6.224,2.282,0.438,0.762
843,Image_14462-1.jpg (red)_after_adjusting_threshold-1.tif,14.979,14.611,0.882,5.536,572,722,12.995,3.734,1.418,0.705,0.892
844,Image_14462-1.jpg (red)_after_adjusting_threshold-1.tif,15.323,16.271,0.727,5.941,227,729,65.225,4.529,1.328,0.753,0.860
845,Image_14462-1.jpg (red)_after_adjusting_threshold-1.tif,74.895,44.320,0.479,14.308,209,751,73.142,10.269,1.409,0.710,0.751
846,Image_14462-1.jpg (red)_after_adjusting_threshold-1.tif,12.396,13.882,0.808,5.764,308,719,149.744,3.227,1.831,0.546,0.889
847,Image_14462-1.jpg (red)_after_adjusting_threshold-1.tif,21.349,22.969,0.509,7.103,395,723,173.290,5.249,1.370,0.730,0.745
848,Image_14462-1.jpg (red)_after_adjusting_threshold-1.tif,31.508,22.726,0.767,7.829,469,724,147.995,6.455,1.156,0.865,0.888
849,Image_14462-1.jpg (red)_after_adjusting_threshold-1.tif,153.922,63.667,0.477,22.456,405,747,27.512,10.936,2.437,0.410,0.853
850,Image_14462-1.jpg (red)_after_adjusting_threshold-1.tif,23.760,19.934,0.751,7.042,454,721,135.000,5.334,1.265,0.791,0.871
851,Image_14462-1.jpg (red)_after_adjusting_threshold-1.tif,44.076,32.601,0.521,13.465,535,720,123.690,4.838,3.252,0.307,0.827
852,Image_14462-1.jpg (red)_after_adjusting_threshold-1.tif,50.447,36.306,0.481,9.713,640,721,109.983,8.605,1.148,0.871,0.818
853,Image_14462-1.jpg (red)_after_adjusting_threshold-1.tif,47.175,32.500,0.561,11.134,327,728,153.435,7.469,1.482,0.675,0.815
854,Image_14462-1.jpg (red)_after_adjusting_threshold-1.tif,24.793,21.552,0.671,6.755,518,732,169.380,5.594,1.191,0.840,0.837
855,Image_14462-1.jpg (red)_after_adjusting_threshold-1.tif,47.520,34.403,0.505,13.121,227,730,145.305,6.369,2.343,0.427,0.748
856,Image_14462-1.jpg (red)_after_adjusting_threshold-1.tif,38.050,25.174,0.755,9.110,281,730,120.069,5.868,1.518,0.659,0.868
857,Image_14462-1.jpg (red)_after_adjusting_threshold-1.tif,41.838,25.014,0.840,10.206,380,729,153.435,5.809,1.718,0.582,0.936
858,Image_14462-1.jpg (red)_after_adjusting_threshold-1.tif,14.463,15.056,0.802,5.458,307,731,98.746,4.149,1.233,0.811,0.844
859,Image_14462-1.jpg (red)_after_adjusting_threshold-1.tif,64.220,33.716,0.710,11.394,315,759,79.509,8.299,1.407,0.711,0.877
860,Image_14462-1.jpg (red)_after_adjusting_threshold-1.tif,35.640,31.528,0.451,10.104,364,738,160.821,7.771,1.541,0.649,0.666
861,Image_14462-1.jpg (red)_after_adjusting_threshold-1.tif,42.699,38.997,0.353,14.735,566,736,147.653,6.004,2.900,0.345,0.622
862,Image_14462-1.jpg (red)_after_adjusting_threshold-1.tif,21.177,17.688,0.851,6.224,256,748,36.870,4.979,1.221,0.819,0.921
863,Image_14462-1.jpg (red)_after_adjusting_threshold-1.tif,54.234,30.782,0.719,10.955,461,758,52.696,7.207,1.496,0.669,0.904
864,Image_14462-1.jpg (red)_after_adjusting_threshold-1.tif,34.262,24.729,0.704,8.402,513,741,147.095,6.657,1.315,0.761,0.867
865,Image_14462-1.jpg (red)_after_adjusting_threshold-1.tif,22.727,23.556,0.515,7.353,536,739,106.390,5.419,1.378,0.726,0.761
866,Image_14462-1.jpg (red)_after_adjusting_threshold-1.tif,41.321,30.254,0.567,12.119,605,741,141.953,5.239,2.537,0.394,0.796
867,Image_14462-1.jpg (red)_after_adjusting_threshold-1.tif,17.045,16.271,0.809,5.984,220,749,33.690,4.529,1.363,0.734,0.876
868,Image_14462-1.jpg (red)_after_adjusting_threshold-1.tif,20.316,18.962,0.710,6.042,480,752,15.945,5.281,1.057,0.946,0.868
869,Image_14462-1.jpg (red)_after_adjusting_threshold-1.tif,59.744,47.112,0.338,14.404,630,750,168.366,7.692,2.334,0.428,0.729
870,Image_14462-1.jpg (red)_after_adjusting_threshold-1.tif,21.177,20.924,0.608,6.843,552,752,14.036,5.508,1.291,0.775,0.786
871,Image_14462-1.jpg (red)_after_adjusting_threshold-1.tif,60.433,36.851,0.559,11.173,346,746,111.801,8.997,1.137,0.879,0.829
872,Image_14462-1.jpg (red)_after_adjusting_threshold-1.tif,37.534,25.601,0.720,8.299,211,751,143.130,7.054,1.084,0.923,0.853
873,Image_14462-1.jpg (red)_after_adjusting_threshold-1.tif,136.189,48.813,0.718,17.274,426,759,155.898,11.616,1.491,0.671,0.893
874,Image_14462-1.jpg (red)_after_adjusting_threshold-1.tif,34.951,30.052,0.486,9.722,491,766,39.806,7.080,1.375,0.727,0.734
875,Image_14462-1.jpg (red)_after_adjusting_threshold-1.tif,39.428,28.938,0.592,11.867,375,754,143.531,5.031,2.627,0.381,0.839
876,Image_14462-1.jpg (red)_after_adjusting_threshold-1.tif,17.045,16.028,0.834,5.897,227,755,140.711,4.564,1.198,0.835,0.912
877,Image_14462-1.jpg (red)_after_adjusting_threshold-1.tif,17.389,16.028,0.851,5.567,298,766,63.435,4.529,1.201,0.832,0.894
878,Image_14462-1.jpg (red)_after_adjusting_threshold-1.tif,19.456,17.788,0.773,6.482,567,754,129.806,4.931,1.208,0.828,0.853
879,Image_14462-1.jpg (red)_after_adjusting_threshold-1.tif,22.210,18.031,0.858,6.442,276,770,75.069,4.979,1.254,0.798,0.881
880,Image_14462-1.jpg (red)_after_adjusting_threshold-1.tif,12.569,13.438,0.875,5.249,509,755,108.435,3.319,1.401,0.714,0.907
881,Image_14462-1.jpg (red)_after_adjusting_threshold-1.tif,21.866,21.209,0.611,7.651,267,774,77.471,4.564,1.872,0.534,0.833
882,Image_14462-1.jpg (red)_after_adjusting_threshold-1.tif,87.808,40.212,0.682,13.649,313,764,160.463,9.769,1.512,0.661,0.858
883,Image_14462-1.jpg (red)_after_adjusting_threshold-1.tif,74.206,35.962,0.721,11.507,465,776,25.641,9.827,1.089,0.918,0.869
884,Image_14462-1.jpg (red)_after_adjusting_threshold-1.tif,11.019,14.268,0.680,5.984,282,772,56.310,2.964,2.234,0.448,0.815
885,Image_14462-1.jpg (red)_after_adjusting_threshold-1.tif,16.184,16.715,0.728,6.805,554,770,37.569,3.683,1.986,0.504,0.862
886,Image_14462-1.jpg (red)_after_adjusting_threshold-1.tif,23.415,24.386,0.495,8.554,237,780,67.166,4.855,2.297,0.435,0.756
887,Image_14462-1.jpg (red)_after_adjusting_threshold-1.tif,32.885,21.795,0.870,7.927,360,770,173.991,5.809,1.325,0.755,0.929
888,Image_14462-1.jpg (red)_after_adjusting_threshold-1.tif,15.323,16.028,0.750,6.347,247,767,168.690,3.623,1.843,0.543,0.877
889,Image_14462-1.jpg (red)_after_adjusting_threshold-1.tif,15.840,19.993,0.498,5.868,563,772,8.130,4.603,1.193,0.838,0.790
890,Image_14462-1.jpg (red)_after_adjusting_threshold-1.tif,54.579,34.646,0.571,10.772,402,767,105.642,8.938,1.359,0.736,0.795
891,Image_14462-1.jpg (red)_after_adjusting_threshold-1.tif,36.156,27.077,0.620,10.473,499,771,146.310,6.161,1.809,0.553,0.797
892,Image_14462-1.jpg (red)_after_adjusting_threshold-1.tif,18.595,17.545,0.759,6.320,571,779,23.199,4.149,1.498,0.668,0.893
893,Image_14462-1.jpg (red)_after_adjusting_threshold-1.tif,10.330,15.542,0.537,6.279,249,778,172.405,3.319,1.926,0.519,0.764
894,Image_14462-1.jpg (red)_after_adjusting_threshold-1.tif,37.017,30.597,0.497,10.955,444,792,24.624,5.407,2.250,0.444,0.758
895,Image_14462-1.jpg (red)_after_adjusting_threshold-1.tif,14.118,16.372,0.662,5.868,313,788,45.000,4.268,1.530,0.654,0.796
896,Image_14462-1.jpg (red)_after_adjusting_threshold-1.tif,35.123,22.969,0.837,7.617,289,788,150.642,6.858,1.092,0.916,0.901
