 ,Label,Area,Perim.,Circ.,Feret,FeretX,FeretY,FeretAngle,MinFeret,AR,Round,Solidity
1,Image_14104__2 hour mark_with scale bar-1.tif (red)_after filling in ice crystals-1_after threshold adjustment.tif,24.965,22.768,0.605,9.480,441,6,156.801,3.849,3.012,0.332,0.831
2,Image_14104__2 hour mark_with scale bar-1.tif (red)_after filling in ice crystals-1_after threshold adjustment.tif,25.998,21.795,0.688,8.554,532,14,14.036,5.394,1.711,0.584,0.799
3,Image_14104__2 hour mark_with scale bar-1.tif (red)_after filling in ice crystals-1_after threshold adjustment.tif,101.754,40.841,0.767,14.493,376,27,13.241,9.242,1.533,0.652,0.918
4,Image_14104__2 hour mark_with scale bar-1.tif (red)_after filling in ice crystals-1_after threshold adjustment.tif,112.773,41.025,0.842,15.035,412,35,39.401,10.373,1.195,0.837,0.960
5,Image_14104__2 hour mark_with scale bar-1.tif (red)_after filling in ice crystals-1_after threshold adjustment.tif,151.340,48.855,0.797,17.452,576,29,18.004,11.854,1.386,0.721,0.934
6,Image_14104__2 hour mark_with scale bar-1.tif (red)_after filling in ice crystals-1_after threshold adjustment.tif,38.911,24.427,0.819,8.753,549,31,31.430,7.054,1.174,0.852,0.893
7,Image_14104__2 hour mark_with scale bar-1.tif (red)_after filling in ice crystals-1_after threshold adjustment.tif,262.908,73.584,0.610,26.971,616,22,143.130,11.858,2.327,0.430,0.912
8,Image_14104__2 hour mark_with scale bar-1.tif (red)_after filling in ice crystals-1_after threshold adjustment.tif,45.109,27.462,0.752,10.036,313,37,29.745,6.831,1.328,0.753,0.876
9,Image_14104__2 hour mark_with scale bar-1.tif (red)_after filling in ice crystals-1_after threshold adjustment.tif,27.375,21.351,0.755,7.981,500,21,117.897,5.809,1.334,0.750,0.859
10,Image_14104__2 hour mark_with scale bar-1.tif (red)_after filling in ice crystals-1_after threshold adjustment.tif,45.626,27.219,0.774,9.185,525,38,18.435,7.638,1.043,0.959,0.886
11,Image_14104__2 hour mark_with scale bar-1.tif (red)_after filling in ice crystals-1_after threshold adjustment.tif,30.819,20.865,0.890,7.981,482,24,117.897,5.809,1.369,0.730,0.920
12,Image_14104__2 hour mark_with scale bar-1.tif (red)_after filling in ice crystals-1_after threshold adjustment.tif,57.678,32.400,0.690,12.204,456,51,35.311,7.452,1.761,0.568,0.855
13,Image_14104__2 hour mark_with scale bar-1.tif (red)_after filling in ice crystals-1_after threshold adjustment.tif,17.906,16.615,0.815,5.984,344,31,146.310,4.564,1.324,0.755,0.863
14,Image_14104__2 hour mark_with scale bar-1.tif (red)_after filling in ice crystals-1_after threshold adjustment.tif,41.149,25.115,0.820,8.792,556,44,19.290,6.430,1.252,0.799,0.910
15,Image_14104__2 hour mark_with scale bar-1.tif (red)_after filling in ice crystals-1_after threshold adjustment.tif,12.569,15.299,0.675,5.779,376,33,111.038,3.633,1.683,0.594,0.785
16,Image_14104__2 hour mark_with scale bar-1.tif (red)_after filling in ice crystals-1_after threshold adjustment.tif,35.123,23.455,0.802,8.236,327,52,40.914,6.044,1.376,0.727,0.872
17,Image_14104__2 hour mark_with scale bar-1.tif (red)_after filling in ice crystals-1_after threshold adjustment.tif,39.772,26.146,0.731,9.361,433,42,167.196,6.639,1.364,0.733,0.860
18,Image_14104__2 hour mark_with scale bar-1.tif (red)_after filling in ice crystals-1_after threshold adjustment.tif,27.375,21.108,0.772,8.057,257,39,101.889,4.629,1.820,0.549,0.888
19,Image_14104__2 hour mark_with scale bar-1.tif (red)_after filling in ice crystals-1_after threshold adjustment.tif,141.009,47.355,0.790,17.823,399,78,65.225,10.711,1.678,0.596,0.925
20,Image_14104__2 hour mark_with scale bar-1.tif (red)_after filling in ice crystals-1_after threshold adjustment.tif,60.949,31.167,0.788,11.211,499,61,38.991,7.479,1.322,0.756,0.922
21,Image_14104__2 hour mark_with scale bar-1.tif (red)_after filling in ice crystals-1_after threshold adjustment.tif,17.217,16.413,0.803,6.755,603,40,132.510,4.394,1.626,0.615,0.889
22,Image_14104__2 hour mark_with scale bar-1.tif (red)_after filling in ice crystals-1_after threshold adjustment.tif,49.241,36.691,0.460,12.620,349,43,152.592,7.572,2.050,0.488,0.719
23,Image_14104__2 hour mark_with scale bar-1.tif (red)_after filling in ice crystals-1_after threshold adjustment.tif,24.449,19.691,0.792,7.247,236,42,113.629,4.775,1.587,0.630,0.882
24,Image_14104__2 hour mark_with scale bar-1.tif (red)_after filling in ice crystals-1_after threshold adjustment.tif,62.326,33.271,0.708,13.497,534,42,135.000,7.629,1.936,0.517,0.877
25,Image_14104__2 hour mark_with scale bar-1.tif (red)_after filling in ice crystals-1_after threshold adjustment.tif,39.428,23.900,0.867,8.184,577,57,30.466,6.675,1.123,0.890,0.905
26,Image_14104__2 hour mark_with scale bar-1.tif (red)_after filling in ice crystals-1_after threshold adjustment.tif,11.363,12.021,0.988,4.411,281,45,131.186,3.734,1.085,0.922,0.917
27,Image_14104__2 hour mark_with scale bar-1.tif (red)_after filling in ice crystals-1_after threshold adjustment.tif,86.086,36.851,0.797,12.990,162,47,116.565,8.538,1.437,0.696,0.919
28,Image_14104__2 hour mark_with scale bar-1.tif (red)_after filling in ice crystals-1_after threshold adjustment.tif,19.628,16.129,0.948,5.644,221,51,162.897,4.813,1.160,0.862,0.905
29,Image_14104__2 hour mark_with scale bar-1.tif (red)_after filling in ice crystals-1_after threshold adjustment.tif,71.624,38.896,0.595,12.483,302,68,21.448,9.862,1.190,0.840,0.822
30,Image_14104__2 hour mark_with scale bar-1.tif (red)_after filling in ice crystals-1_after threshold adjustment.tif,77.133,35.434,0.772,12.448,263,56,143.130,8.514,1.408,0.710,0.908
31,Image_14104__2 hour mark_with scale bar-1.tif (red)_after filling in ice crystals-1_after threshold adjustment.tif,27.720,20.379,0.839,7.247,604,59,13.241,5.394,1.339,0.747,0.907
32,Image_14104__2 hour mark_with scale bar-1.tif (red)_after filling in ice crystals-1_after threshold adjustment.tif,37.189,25.115,0.741,8.554,626,53,112.834,7.054,1.120,0.893,0.867
33,Image_14104__2 hour mark_with scale bar-1.tif (red)_after filling in ice crystals-1_after threshold adjustment.tif,37.361,24.729,0.768,8.870,531,55,100.784,5.965,1.467,0.682,0.886
34,Image_14104__2 hour mark_with scale bar-1.tif (red)_after filling in ice crystals-1_after threshold adjustment.tif,31.680,21.938,0.827,8.173,558,56,113.962,5.394,1.542,0.648,0.918
35,Image_14104__2 hour mark_with scale bar-1.tif (red)_after filling in ice crystals-1_after threshold adjustment.tif,91.768,36.993,0.843,13.516,204,57,107.879,10.373,1.200,0.834,0.919
36,Image_14104__2 hour mark_with scale bar-1.tif (red)_after filling in ice crystals-1_after threshold adjustment.tif,27.375,23.413,0.628,7.873,453,63,161.565,5.451,1.371,0.730,0.824
37,Image_14104__2 hour mark_with scale bar-1.tif (red)_after filling in ice crystals-1_after threshold adjustment.tif,32.024,21.594,0.863,8.057,422,72,34.509,5.394,1.464,0.683,0.932
38,Image_14104__2 hour mark_with scale bar-1.tif (red)_after filling in ice crystals-1_after threshold adjustment.tif,89.702,38.552,0.758,15.302,635,59,139.399,8.534,1.840,0.543,0.902
39,Image_14104__2 hour mark_with scale bar-1.tif (red)_after filling in ice crystals-1_after threshold adjustment.tif,14.807,16.028,0.724,6.482,251,74,50.194,3.776,1.796,0.557,0.856
40,Image_14104__2 hour mark_with scale bar-1.tif (red)_after filling in ice crystals-1_after threshold adjustment.tif,57.506,32.584,0.681,11.867,443,62,126.469,8.714,1.455,0.687,0.848
41,Image_14104__2 hour mark_with scale bar-1.tif (red)_after filling in ice crystals-1_after threshold adjustment.tif,44.937,25.702,0.855,9.713,378,86,70.017,6.639,1.469,0.681,0.922
42,Image_14104__2 hour mark_with scale bar-1.tif (red)_after filling in ice crystals-1_after threshold adjustment.tif,18.250,18.031,0.705,7.423,498,74,26.565,3.897,2.197,0.455,0.841
43,Image_14104__2 hour mark_with scale bar-1.tif (red)_after filling in ice crystals-1_after threshold adjustment.tif,55.095,30.639,0.738,11.072,181,91,77.005,7.765,1.449,0.690,0.853
44,Image_14104__2 hour mark_with scale bar-1.tif (red)_after filling in ice crystals-1_after threshold adjustment.tif,18.939,16.757,0.848,6.691,577,76,29.745,4.149,1.628,0.614,0.913
45,Image_14104__2 hour mark_with scale bar-1.tif (red)_after filling in ice crystals-1_after threshold adjustment.tif,48.381,26.188,0.887,9.325,219,83,32.276,7.464,1.176,0.851,0.929
46,Image_14104__2 hour mark_with scale bar-1.tif (red)_after filling in ice crystals-1_after threshold adjustment.tif,21.522,17.646,0.869,6.334,330,71,121.608,4.988,1.119,0.894,0.874
47,Image_14104__2 hour mark_with scale bar-1.tif (red)_after filling in ice crystals-1_after threshold adjustment.tif,61.466,31.167,0.795,11.049,349,95,34.287,8.299,1.271,0.787,0.918
48,Image_14104__2 hour mark_with scale bar-1.tif (red)_after filling in ice crystals-1_after threshold adjustment.tif,67.492,33.028,0.777,11.173,586,94,21.801,8.707,1.160,0.862,0.908
49,Image_14104__2 hour mark_with scale bar-1.tif (red)_after filling in ice crystals-1_after threshold adjustment.tif,42.699,29.223,0.628,10.579,542,89,11.310,6.340,1.707,0.586,0.857
50,Image_14104__2 hour mark_with scale bar-1.tif (red)_after filling in ice crystals-1_after threshold adjustment.tif,39.083,24.931,0.790,9.062,311,91,15.945,6.748,1.320,0.758,0.885
51,Image_14104__2 hour mark_with scale bar-1.tif (red)_after filling in ice crystals-1_after threshold adjustment.tif,19.800,20.764,0.577,6.482,140,80,129.806,4.593,1.290,0.775,0.878
52,Image_14104__2 hour mark_with scale bar-1.tif (red)_after filling in ice crystals-1_after threshold adjustment.tif,34.607,26.934,0.599,10.248,393,82,148.241,4.988,2.515,0.398,0.794
53,Image_14104__2 hour mark_with scale bar-1.tif (red)_after filling in ice crystals-1_after threshold adjustment.tif,43.388,28.636,0.665,9.976,161,81,106.928,7.169,1.530,0.654,0.809
54,Image_14104__2 hour mark_with scale bar-1.tif (red)_after filling in ice crystals-1_after threshold adjustment.tif,16.701,16.129,0.807,5.984,669,81,123.690,4.046,1.498,0.668,0.851
55,Image_14104__2 hour mark_with scale bar-1.tif (red)_after filling in ice crystals-1_after threshold adjustment.tif,19.456,17.059,0.840,6.347,273,82,101.310,4.639,1.339,0.747,0.876
56,Image_14104__2 hour mark_with scale bar-1.tif (red)_after filling in ice crystals-1_after threshold adjustment.tif,10.158,11.434,0.976,4.839,281,83,149.036,2.905,1.550,0.645,0.944
57,Image_14104__2 hour mark_with scale bar-1.tif (red)_after filling in ice crystals-1_after threshold adjustment.tif,25.998,20.622,0.768,7.247,413,91,13.241,4.931,1.498,0.667,0.853
58,Image_14104__2 hour mark_with scale bar-1.tif (red)_after filling in ice crystals-1_after threshold adjustment.tif,44.076,31.570,0.556,12.379,241,109,50.440,5.581,2.546,0.393,0.803
59,Image_14104__2 hour mark_with scale bar-1.tif (red)_after filling in ice crystals-1_after threshold adjustment.tif,12.913,13.438,0.899,5.567,615,86,153.435,3.319,1.652,0.605,0.920
60,Image_14104__2 hour mark_with scale bar-1.tif (red)_after filling in ice crystals-1_after threshold adjustment.tif,29.958,21.695,0.800,8.299,715,89,143.130,5.688,1.573,0.636,0.866
61,Image_14104__2 hour mark_with scale bar-1.tif (red)_after filling in ice crystals-1_after threshold adjustment.tif,11.019,11.778,0.998,4.488,296,90,146.310,3.521,1.205,0.830,0.928
62,Image_14104__2 hour mark_with scale bar-1.tif (red)_after filling in ice crystals-1_after threshold adjustment.tif,14.979,15.097,0.826,5.984,559,100,33.690,4.149,1.322,0.756,0.888
63,Image_14104__2 hour mark_with scale bar-1.tif (red)_after filling in ice crystals-1_after threshold adjustment.tif,40.633,25.216,0.803,8.463,666,90,101.310,7.054,1.144,0.874,0.899
64,Image_14104__2 hour mark_with scale bar-1.tif (red)_after filling in ice crystals-1_after threshold adjustment.tif,44.765,24.931,0.905,8.957,132,112,76.608,7.042,1.100,0.909,0.914
65,Image_14104__2 hour mark_with scale bar-1.tif (red)_after filling in ice crystals-1_after threshold adjustment.tif,22.210,18.132,0.849,6.956,202,107,72.646,4.777,1.455,0.687,0.899
66,Image_14104__2 hour mark_with scale bar-1.tif (red)_after filling in ice crystals-1_after threshold adjustment.tif,40.116,25.459,0.778,9.138,217,91,129.472,5.938,1.468,0.681,0.888
67,Image_14104__2 hour mark_with scale bar-1.tif (red)_after filling in ice crystals-1_after threshold adjustment.tif,87.808,39.525,0.706,13.911,356,112,17.354,9.841,1.472,0.679,0.873
68,Image_14104__2 hour mark_with scale bar-1.tif (red)_after filling in ice crystals-1_after threshold adjustment.tif,24.793,19.834,0.792,7.480,447,96,160.560,4.411,1.684,0.594,0.906
69,Image_14104__2 hour mark_with scale bar-1.tif (red)_after filling in ice crystals-1_after threshold adjustment.tif,14.979,14.226,0.930,5.199,263,96,151.390,4.108,1.200,0.833,0.883
70,Image_14104__2 hour mark_with scale bar-1.tif (red)_after filling in ice crystals-1_after threshold adjustment.tif,132.917,48.285,0.716,16.727,486,93,119.745,10.523,1.533,0.652,0.901
71,Image_14104__2 hour mark_with scale bar-1.tif (red)_after filling in ice crystals-1_after threshold adjustment.tif,59.572,33.900,0.651,13.687,525,95,165.964,5.692,2.555,0.391,0.906
72,Image_14104__2 hour mark_with scale bar-1.tif (red)_after filling in ice crystals-1_after threshold adjustment.tif,277.887,67.004,0.778,24.241,590,114,173.118,15.693,1.481,0.675,0.925
73,Image_14104__2 hour mark_with scale bar-1.tif (red)_after filling in ice crystals-1_after threshold adjustment.tif,62.154,31.084,0.808,10.497,738,96,108.435,8.314,1.309,0.764,0.902
74,Image_14104__2 hour mark_with scale bar-1.tif (red)_after filling in ice crystals-1_after threshold adjustment.tif,114.667,45.049,0.710,16.161,293,101,138.122,8.861,1.933,0.517,0.903
75,Image_14104__2 hour mark_with scale bar-1.tif (red)_after filling in ice crystals-1_after threshold adjustment.tif,73.001,38.653,0.614,13.818,183,100,131.348,8.988,1.481,0.675,0.816
76,Image_14104__2 hour mark_with scale bar-1.tif (red)_after filling in ice crystals-1_after threshold adjustment.tif,11.536,13.337,0.815,5.644,644,102,162.897,2.490,2.315,0.432,0.931
77,Image_14104__2 hour mark_with scale bar-1.tif (red)_after filling in ice crystals-1_after threshold adjustment.tif,73.001,35.334,0.735,11.626,714,103,124.824,9.372,1.281,0.781,0.863
78,Image_14104__2 hour mark_with scale bar-1.tif (red)_after filling in ice crystals-1_after threshold adjustment.tif,125.342,51.747,0.588,20.813,436,108,156.501,8.421,2.689,0.372,0.887
79,Image_14104__2 hour mark_with scale bar-1.tif (red)_after filling in ice crystals-1_after threshold adjustment.tif,18.939,17.545,0.773,6.843,406,113,14.036,4.564,1.586,0.630,0.853
80,Image_14104__2 hour mark_with scale bar-1.tif (red)_after filling in ice crystals-1_after threshold adjustment.tif,228.645,61.865,0.751,21.521,685,105,109.134,16.693,1.109,0.902,0.911
81,Image_14104__2 hour mark_with scale bar-1.tif (red)_after filling in ice crystals-1_after threshold adjustment.tif,44.937,26.875,0.782,10.373,554,116,16.260,6.639,1.473,0.679,0.895
82,Image_14104__2 hour mark_with scale bar-1.tif (red)_after filling in ice crystals-1_after threshold adjustment.tif,12.569,13.681,0.844,5.199,69,111,118.610,3.734,1.223,0.817,0.890
83,Image_14104__2 hour mark_with scale bar-1.tif (red)_after filling in ice crystals-1_after threshold adjustment.tif,85.225,44.320,0.545,14.114,525,133,24.305,9.940,1.507,0.664,0.810
84,Image_14104__2 hour mark_with scale bar-1.tif (red)_after filling in ice crystals-1_after threshold adjustment.tif,20.833,17.486,0.856,6.561,385,112,145.305,4.149,1.444,0.692,0.934
85,Image_14104__2 hour mark_with scale bar-1.tif (red)_after filling in ice crystals-1_after threshold adjustment.tif,14.290,14.368,0.870,5.199,418,116,151.390,4.315,1.254,0.797,0.892
86,Image_14104__2 hour mark_with scale bar-1.tif (red)_after filling in ice crystals-1_after threshold adjustment.tif,24.621,19.549,0.810,6.956,734,114,107.354,5.371,1.353,0.739,0.883
87,Image_14104__2 hour mark_with scale bar-1.tif (red)_after filling in ice crystals-1_after threshold adjustment.tif,43.904,28.434,0.682,10.892,206,116,139.635,6.495,1.746,0.573,0.856
88,Image_14104__2 hour mark_with scale bar-1.tif (red)_after filling in ice crystals-1_after threshold adjustment.tif,52.168,34.889,0.539,12.097,333,123,149.036,7.785,1.467,0.682,0.736
89,Image_14104__2 hour mark_with scale bar-1.tif (red)_after filling in ice crystals-1_after threshold adjustment.tif,51.652,28.920,0.776,11.288,272,119,162.897,5.809,1.874,0.534,0.930
90,Image_14104__2 hour mark_with scale bar-1.tif (red)_after filling in ice crystals-1_after threshold adjustment.tif,24.449,20.278,0.747,8.350,149,136,63.435,4.931,1.852,0.540,0.874
91,Image_14104__2 hour mark_with scale bar-1.tif (red)_after filling in ice crystals-1_after threshold adjustment.tif,11.363,12.465,0.919,4.839,371,126,30.964,3.370,1.505,0.665,0.863
92,Image_14104__2 hour mark_with scale bar-1.tif (red)_after filling in ice crystals-1_after threshold adjustment.tif,39.255,24.872,0.797,9.138,394,132,39.472,6.445,1.413,0.708,0.916
93,Image_14104__2 hour mark_with scale bar-1.tif (red)_after filling in ice crystals-1_after threshold adjustment.tif,11.880,12.365,0.976,4.731,252,119,127.875,3.711,1.284,0.779,0.908
94,Image_14104__2 hour mark_with scale bar-1.tif (red)_after filling in ice crystals-1_after threshold adjustment.tif,30.819,21.594,0.831,7.388,577,134,51.843,6.224,1.098,0.911,0.899
95,Image_14104__2 hour mark_with scale bar-1.tif (red)_after filling in ice crystals-1_after threshold adjustment.tif,36.328,24.729,0.746,9.100,655,121,114.228,6.409,1.534,0.652,0.841
96,Image_14104__2 hour mark_with scale bar-1.tif (red)_after filling in ice crystals-1_after threshold adjustment.tif,141.526,51.480,0.671,19.713,72,123,120.343,9.206,2.171,0.461,0.891
97,Image_14104__2 hour mark_with scale bar-1.tif (red)_after filling in ice crystals-1_after threshold adjustment.tif,55.612,31.872,0.688,12.923,485,127,132.397,5.575,2.500,0.400,0.877
98,Image_14104__2 hour mark_with scale bar-1.tif (red)_after filling in ice crystals-1_after threshold adjustment.tif,24.621,20.035,0.771,6.956,316,131,162.646,5.809,1.199,0.834,0.859
99,Image_14104__2 hour mark_with scale bar-1.tif (red)_after filling in ice crystals-1_after threshold adjustment.tif,16.356,16.028,0.800,5.779,723,128,111.038,4.330,1.274,0.785,0.852
100,Image_14104__2 hour mark_with scale bar-1.tif (red)_after filling in ice crystals-1_after threshold adjustment.tif,58.883,29.466,0.852,10.248,435,131,111.371,8.286,1.136,0.881,0.918
101,Image_14104__2 hour mark_with scale bar-1.tif (red)_after filling in ice crystals-1_after threshold adjustment.tif,24.276,19.205,0.827,7.651,512,146,49.399,4.949,1.661,0.602,0.881
102,Image_14104__2 hour mark_with scale bar-1.tif (red)_after filling in ice crystals-1_after threshold adjustment.tif,13.085,13.094,0.959,5.314,593,140,38.660,3.734,1.259,0.794,0.938
103,Image_14104__2 hour mark_with scale bar-1.tif (red)_after filling in ice crystals-1_after threshold adjustment.tif,83.676,38.552,0.707,13.259,276,162,69.864,8.974,1.689,0.592,0.873
104,Image_14104__2 hour mark_with scale bar-1.tif (red)_after filling in ice crystals-1_after threshold adjustment.tif,34.090,22.483,0.847,8.173,369,138,156.038,6.031,1.260,0.794,0.892
105,Image_14104__2 hour mark_with scale bar-1.tif (red)_after filling in ice crystals-1_after threshold adjustment.tif,52.685,27.948,0.848,9.793,411,151,36.384,7.332,1.336,0.748,0.922
106,Image_14104__2 hour mark_with scale bar-1.tif (red)_after filling in ice crystals-1_after threshold adjustment.tif,26.687,19.792,0.856,6.704,475,133,111.801,6.057,1.070,0.934,0.871
107,Image_14104__2 hour mark_with scale bar-1.tif (red)_after filling in ice crystals-1_after threshold adjustment.tif,18.422,16.514,0.849,6.168,556,143,19.654,4.149,1.471,0.680,0.903
108,Image_14104__2 hour mark_with scale bar-1.tif (red)_after filling in ice crystals-1_after threshold adjustment.tif,89.185,40.414,0.686,15.619,721,158,39.611,8.235,2.168,0.461,0.876
109,Image_14104__2 hour mark_with scale bar-1.tif (red)_after filling in ice crystals-1_after threshold adjustment.tif,10.675,12.264,0.892,4.857,301,140,19.983,2.905,1.574,0.635,0.905
110,Image_14104__2 hour mark_with scale bar-1.tif (red)_after filling in ice crystals-1_after threshold adjustment.tif,22.727,18.761,0.811,6.805,571,137,142.431,4.786,1.493,0.670,0.898
111,Image_14104__2 hour mark_with scale bar-1.tif (red)_after filling in ice crystals-1_after threshold adjustment.tif,212.978,66.039,0.614,23.155,609,182,53.746,14.032,1.333,0.750,0.879
112,Image_14104__2 hour mark_with scale bar-1.tif (red)_after filling in ice crystals-1_after threshold adjustment.tif,25.137,20.379,0.761,7.423,47,152,63.435,4.768,1.510,0.662,0.880
113,Image_14104__2 hour mark_with scale bar-1.tif (red)_after filling in ice crystals-1_after threshold adjustment.tif,45.109,25.417,0.877,8.664,253,139,106.699,7.303,1.100,0.909,0.913
114,Image_14104__2 hour mark_with scale bar-1.tif (red)_after filling in ice crystals-1_after threshold adjustment.tif,92.457,46.792,0.531,19.325,198,141,165.069,6.067,3.580,0.279,0.891
115,Image_14104__2 hour mark_with scale bar-1.tif (red)_after filling in ice crystals-1_after threshold adjustment.tif,12.741,13.094,0.934,4.731,526,143,142.125,3.734,1.064,0.940,0.919
116,Image_14104__2 hour mark_with scale bar-1.tif (red)_after filling in ice crystals-1_after threshold adjustment.tif,11.363,12.163,0.965,4.488,536,151,56.310,3.319,1.106,0.904,0.964
117,Image_14104__2 hour mark_with scale bar-1.tif (red)_after filling in ice crystals-1_after threshold adjustment.tif,18.767,18.618,0.680,7.927,361,143,132.879,4.082,1.831,0.546,0.842
118,Image_14104__2 hour mark_with scale bar-1.tif (red)_after filling in ice crystals-1_after threshold adjustment.tif,85.914,39.542,0.690,14.308,310,144,119.539,9.028,1.744,0.573,0.873
119,Image_14104__2 hour mark_with scale bar-1.tif (red)_after filling in ice crystals-1_after threshold adjustment.tif,46.142,28.434,0.717,9.976,170,145,106.928,6.530,1.443,0.693,0.863
120,Image_14104__2 hour mark_with scale bar-1.tif (red)_after filling in ice crystals-1_after threshold adjustment.tif,43.560,27.320,0.733,10.963,750,146,119.476,6.141,1.802,0.555,0.886
121,Image_14104__2 hour mark_with scale bar-1.tif (red)_after filling in ice crystals-1_after threshold adjustment.tif,82.815,36.792,0.769,12.316,113,170,32.619,9.460,1.188,0.842,0.886
122,Image_14104__2 hour mark_with scale bar-1.tif (red)_after filling in ice crystals-1_after threshold adjustment.tif,97.278,39.098,0.800,14.193,378,156,164.745,10.467,1.397,0.716,0.897
123,Image_14104__2 hour mark_with scale bar-1.tif (red)_after filling in ice crystals-1_after threshold adjustment.tif,16.184,15.097,0.892,5.567,482,158,26.565,4.149,1.137,0.879,0.904
124,Image_14104__2 hour mark_with scale bar-1.tif (red)_after filling in ice crystals-1_after threshold adjustment.tif,112.084,46.223,0.659,16.706,505,173,14.381,10.495,1.572,0.636,0.878
125,Image_14104__2 hour mark_with scale bar-1.tif (red)_after filling in ice crystals-1_after threshold adjustment.tif,122.587,49.198,0.636,17.958,428,182,40.314,11.538,1.426,0.701,0.858
126,Image_14104__2 hour mark_with scale bar-1.tif (red)_after filling in ice crystals-1_after threshold adjustment.tif,13.774,15.198,0.749,5.644,474,154,107.103,3.734,1.570,0.637,0.860
127,Image_14104__2 hour mark_with scale bar-1.tif (red)_after filling in ice crystals-1_after threshold adjustment.tif,127.063,47.841,0.698,17.373,58,156,130.156,10.763,1.444,0.692,0.890
128,Image_14104__2 hour mark_with scale bar-1.tif (red)_after filling in ice crystals-1_after threshold adjustment.tif,122.243,45.435,0.744,16.204,191,156,140.194,9.999,1.544,0.648,0.918
129,Image_14104__2 hour mark_with scale bar-1.tif (red)_after filling in ice crystals-1_after threshold adjustment.tif,15.323,14.024,0.979,5.065,546,164,34.992,4.149,1.065,0.939,0.927
130,Image_14104__2 hour mark_with scale bar-1.tif (red)_after filling in ice crystals-1_after threshold adjustment.tif,40.116,25.400,0.781,9.462,668,171,37.875,6.639,1.292,0.774,0.908
131,Image_14104__2 hour mark_with scale bar-1.tif (red)_after filling in ice crystals-1_after threshold adjustment.tif,70.591,36.733,0.657,13.187,581,156,114.146,8.714,1.672,0.598,0.841
132,Image_14104__2 hour mark_with scale bar-1.tif (red)_after filling in ice crystals-1_after threshold adjustment.tif,156.849,59.032,0.566,22.953,126,205,49.399,9.074,2.832,0.353,0.868
133,Image_14104__2 hour mark_with scale bar-1.tif (red)_after filling in ice crystals-1_after threshold adjustment.tif,10.675,12.264,0.892,4.639,228,171,63.435,3.319,1.269,0.788,0.905
134,Image_14104__2 hour mark_with scale bar-1.tif (red)_after filling in ice crystals-1_after threshold adjustment.tif,49.586,28.292,0.778,9.976,348,175,16.928,7.285,1.268,0.788,0.886
135,Image_14104__2 hour mark_with scale bar-1.tif (red)_after filling in ice crystals-1_after threshold adjustment.tif,32.713,21.653,0.877,8.173,267,180,66.038,5.575,1.384,0.722,0.907
136,Image_14104__2 hour mark_with scale bar-1.tif (red)_after filling in ice crystals-1_after threshold adjustment.tif,82.815,40.698,0.628,15.642,326,198,68.199,7.217,2.464,0.406,0.897
137,Image_14104__2 hour mark_with scale bar-1.tif (red)_after filling in ice crystals-1_after threshold adjustment.tif,25.482,19.792,0.817,8.057,557,166,145.491,4.530,1.862,0.537,0.892
138,Image_14104__2 hour mark_with scale bar-1.tif (red)_after filling in ice crystals-1_after threshold adjustment.tif,58.367,30.052,0.812,10.579,728,187,48.180,7.319,1.338,0.747,0.915
139,Image_14104__2 hour mark_with scale bar-1.tif (red)_after filling in ice crystals-1_after threshold adjustment.tif,125.170,47.011,0.712,18.431,163,206,58.815,8.631,2.157,0.464,0.927
140,Image_14104__2 hour mark_with scale bar-1.tif (red)_after filling in ice crystals-1_after threshold adjustment.tif,96.589,48.973,0.506,17.033,283,197,34.077,10.271,1.709,0.585,0.777
141,Image_14104__2 hour mark_with scale bar-1.tif (red)_after filling in ice crystals-1_after threshold adjustment.tif,33.057,22.969,0.787,7.873,112,171,108.435,6.124,1.143,0.875,0.881
142,Image_14104__2 hour mark_with scale bar-1.tif (red)_after filling in ice crystals-1_after threshold adjustment.tif,70.419,39.098,0.579,12.204,393,193,35.311,8.004,1.505,0.664,0.886
143,Image_14104__2 hour mark_with scale bar-1.tif (red)_after filling in ice crystals-1_after threshold adjustment.tif,28.408,24.143,0.612,9.898,491,172,146.976,4.082,2.863,0.349,0.819
144,Image_14104__2 hour mark_with scale bar-1.tif (red)_after filling in ice crystals-1_after threshold adjustment.tif,22.210,19.004,0.773,8.014,240,173,158.749,3.638,2.324,0.430,0.925
145,Image_14104__2 hour mark_with scale bar-1.tif (red)_after filling in ice crystals-1_after threshold adjustment.tif,78.855,36.164,0.758,12.434,661,172,115.710,9.588,1.148,0.871,0.880
146,Image_14104__2 hour mark_with scale bar-1.tif (red)_after filling in ice crystals-1_after threshold adjustment.tif,26.687,20.965,0.763,7.651,86,175,130.601,5.056,1.651,0.606,0.864
147,Image_14104__2 hour mark_with scale bar-1.tif (red)_after filling in ice crystals-1_after threshold adjustment.tif,14.118,13.681,0.948,5.314,518,176,128.660,4.149,1.219,0.821,0.937
148,Image_14104__2 hour mark_with scale bar-1.tif (red)_after filling in ice crystals-1_after threshold adjustment.tif,76.100,35.677,0.751,12.923,417,178,95.528,8.907,1.449,0.690,0.866
149,Image_14104__2 hour mark_with scale bar-1.tif (red)_after filling in ice crystals-1_after threshold adjustment.tif,15.151,14.268,0.935,5.410,461,189,57.529,4.149,1.239,0.807,0.926
150,Image_14104__2 hour mark_with scale bar-1.tif (red)_after filling in ice crystals-1_after threshold adjustment.tif,12.913,17.646,0.521,5.199,543,179,118.610,4.108,1.203,0.831,0.833
151,Image_14104__2 hour mark_with scale bar-1.tif (red)_after filling in ice crystals-1_after threshold adjustment.tif,32.541,23.497,0.741,9.110,363,181,149.931,4.750,2.050,0.488,0.913
152,Image_14104__2 hour mark_with scale bar-1.tif (red)_after filling in ice crystals-1_after threshold adjustment.tif,50.963,28.920,0.766,10.860,613,201,43.452,7.003,1.598,0.626,0.886
153,Image_14104__2 hour mark_with scale bar-1.tif (red)_after filling in ice crystals-1_after threshold adjustment.tif,53.374,29.424,0.775,10.448,681,181,96.843,7.988,1.273,0.786,0.897
154,Image_14104__2 hour mark_with scale bar-1.tif (red)_after filling in ice crystals-1_after threshold adjustment.tif,41.149,25.986,0.766,10.206,558,204,63.435,5.544,1.923,0.520,0.935
155,Image_14104__2 hour mark_with scale bar-1.tif (red)_after filling in ice crystals-1_after threshold adjustment.tif,22.382,18.761,0.799,6.956,761,182,107.354,4.564,1.549,0.646,0.903
156,Image_14104__2 hour mark_with scale bar-1.tif (red)_after filling in ice crystals-1_after threshold adjustment.tif,34.090,26.389,0.615,11.049,258,183,145.713,4.204,2.998,0.334,0.865
157,Image_14104__2 hour mark_with scale bar-1.tif (red)_after filling in ice crystals-1_after threshold adjustment.tif,55.267,28.695,0.843,10.096,706,196,9.462,7.922,1.104,0.906,0.895
158,Image_14104__2 hour mark_with scale bar-1.tif (red)_after filling in ice crystals-1_after threshold adjustment.tif,79.027,38.108,0.684,13.649,36,189,160.463,8.299,1.836,0.545,0.872
159,Image_14104__2 hour mark_with scale bar-1.tif (red)_after filling in ice crystals-1_after threshold adjustment.tif,62.843,33.129,0.720,11.744,473,204,32.005,8.615,1.258,0.795,0.871
160,Image_14104__2 hour mark_with scale bar-1.tif (red)_after filling in ice crystals-1_after threshold adjustment.tif,35.812,25.601,0.687,8.938,598,185,111.801,6.639,1.367,0.732,0.867
161,Image_14104__2 hour mark_with scale bar-1.tif (red)_after filling in ice crystals-1_after threshold adjustment.tif,55.784,34.361,0.594,13.592,430,205,31.264,6.271,2.535,0.394,0.839
162,Image_14104__2 hour mark_with scale bar-1.tif (red)_after filling in ice crystals-1_after threshold adjustment.tif,75.584,37.236,0.685,12.963,191,190,140.194,9.390,1.476,0.678,0.862
163,Image_14104__2 hour mark_with scale bar-1.tif (red)_after filling in ice crystals-1_after threshold adjustment.tif,16.356,15.198,0.890,5.644,640,201,72.897,4.149,1.317,0.759,0.896
164,Image_14104__2 hour mark_with scale bar-1.tif (red)_after filling in ice crystals-1_after threshold adjustment.tif,24.793,19.691,0.804,7.388,526,191,128.157,5.196,1.329,0.753,0.878
165,Image_14104__2 hour mark_with scale bar-1.tif (red)_after filling in ice crystals-1_after threshold adjustment.tif,37.534,24.486,0.787,8.802,737,201,8.130,6.277,1.422,0.703,0.877
166,Image_14104__2 hour mark_with scale bar-1.tif (red)_after filling in ice crystals-1_after threshold adjustment.tif,23.588,21.896,0.618,8.909,247,198,152.241,4.106,2.806,0.356,0.801
167,Image_14104__2 hour mark_with scale bar-1.tif (red)_after filling in ice crystals-1_after threshold adjustment.tif,35.295,22.483,0.877,7.752,229,205,15.524,6.430,1.138,0.879,0.915
168,Image_14104__2 hour mark_with scale bar-1.tif (red)_after filling in ice crystals-1_after threshold adjustment.tif,18.078,15.299,0.971,5.394,374,196,112.620,4.949,1.034,0.967,0.917
169,Image_14104__2 hour mark_with scale bar-1.tif (red)_after filling in ice crystals-1_after threshold adjustment.tif,82.471,36.893,0.761,14.163,441,219,31.827,9.096,1.588,0.630,0.918
170,Image_14104__2 hour mark_with scale bar-1.tif (red)_after filling in ice crystals-1_after threshold adjustment.tif,81.782,38.611,0.689,13.407,71,224,21.801,9.652,1.365,0.733,0.861
171,Image_14104__2 hour mark_with scale bar-1.tif (red)_after filling in ice crystals-1_after threshold adjustment.tif,34.090,22.240,0.866,7.752,360,200,105.524,6.748,1.083,0.924,0.900
172,Image_14104__2 hour mark_with scale bar-1.tif (red)_after filling in ice crystals-1_after threshold adjustment.tif,80.749,34.646,0.845,11.882,645,211,167.905,9.207,1.242,0.805,0.931
173,Image_14104__2 hour mark_with scale bar-1.tif (red)_after filling in ice crystals-1_after threshold adjustment.tif,40.977,27.663,0.673,11.536,305,218,37.694,5.203,2.271,0.440,0.867
174,Image_14104__2 hour mark_with scale bar-1.tif (red)_after filling in ice crystals-1_after threshold adjustment.tif,82.126,36.063,0.794,12.870,681,219,20.772,10.215,1.162,0.861,0.897
175,Image_14104__2 hour mark_with scale bar-1.tif (red)_after filling in ice crystals-1_after threshold adjustment.tif,60.088,31.528,0.760,11.626,337,202,124.824,7.047,1.569,0.637,0.895
176,Image_14104__2 hour mark_with scale bar-1.tif (red)_after filling in ice crystals-1_after threshold adjustment.tif,26.859,22.181,0.686,8.634,580,203,144.782,4.301,2.337,0.428,0.857
177,Image_14104__2 hour mark_with scale bar-1.tif (red)_after filling in ice crystals-1_after threshold adjustment.tif,20.489,18.375,0.763,6.320,611,215,23.199,5.361,1.147,0.872,0.865
178,Image_14104__2 hour mark_with scale bar-1.tif (red)_after filling in ice crystals-1_after threshold adjustment.tif,53.201,30.337,0.726,10.373,105,220,36.870,7.733,1.161,0.862,0.874
179,Image_14104__2 hour mark_with scale bar-1.tif (red)_after filling in ice crystals-1_after threshold adjustment.tif,33.574,23.698,0.751,8.753,727,223,58.570,5.753,1.324,0.755,0.880
180,Image_14104__2 hour mark_with scale bar-1.tif (red)_after filling in ice crystals-1_after threshold adjustment.tif,127.236,51.018,0.614,20.718,372,251,57.265,8.379,2.727,0.367,0.907
181,Image_14104__2 hour mark_with scale bar-1.tif (red)_after filling in ice crystals-1_after threshold adjustment.tif,22.038,18.518,0.808,6.805,157,217,37.569,5.145,1.290,0.775,0.911
182,Image_14104__2 hour mark_with scale bar-1.tif (red)_after filling in ice crystals-1_after threshold adjustment.tif,90.391,37.664,0.801,13.023,496,228,30.651,10.265,1.050,0.952,0.919
183,Image_14104__2 hour mark_with scale bar-1.tif (red)_after filling in ice crystals-1_after threshold adjustment.tif,53.546,29.566,0.770,11.072,754,214,167.005,7.864,1.495,0.669,0.881
184,Image_14104__2 hour mark_with scale bar-1.tif (red)_after filling in ice crystals-1_after threshold adjustment.tif,45.798,28.493,0.709,10.955,470,222,24.624,6.748,1.908,0.524,0.834
185,Image_14104__2 hour mark_with scale bar-1.tif (red)_after filling in ice crystals-1_after threshold adjustment.tif,226.235,75.914,0.493,26.701,525,262,57.051,12.791,2.203,0.454,0.865
186,Image_14104__2 hour mark_with scale bar-1.tif (red)_after filling in ice crystals-1_after threshold adjustment.tif,11.191,12.750,0.865,4.731,185,211,142.125,3.319,1.270,0.788,0.909
187,Image_14104__2 hour mark_with scale bar-1.tif (red)_after filling in ice crystals-1_after threshold adjustment.tif,12.913,13.094,0.946,5.065,626,210,145.008,3.734,1.257,0.795,0.932
188,Image_14104__2 hour mark_with scale bar-1.tif (red)_after filling in ice crystals-1_after threshold adjustment.tif,23.932,20.379,0.724,8.236,266,211,139.086,4.255,2.061,0.485,0.869
189,Image_14104__2 hour mark_with scale bar-1.tif (red)_after filling in ice crystals-1_after threshold adjustment.tif,23.415,18.719,0.840,6.561,745,221,161.565,5.281,1.208,0.828,0.889
190,Image_14104__2 hour mark_with scale bar-1.tif (red)_after filling in ice crystals-1_after threshold adjustment.tif,82.299,36.021,0.797,12.288,139,245,78.311,10.382,1.114,0.897,0.903
191,Image_14104__2 hour mark_with scale bar-1.tif (red)_after filling in ice crystals-1_after threshold adjustment.tif,16.873,18.618,0.612,7.796,37,217,154.799,4.076,2.197,0.455,0.778
192,Image_14104__2 hour mark_with scale bar-1.tif (red)_after filling in ice crystals-1_after threshold adjustment.tif,83.332,38.511,0.706,14.193,213,217,127.875,8.171,1.815,0.551,0.864
193,Image_14104__2 hour mark_with scale bar-1.tif (red)_after filling in ice crystals-1_after threshold adjustment.tif,206.952,65.001,0.616,19.625,166,264,76.551,16.194,1.133,0.883,0.910
194,Image_14104__2 hour mark_with scale bar-1.tif (red)_after filling in ice crystals-1_after threshold adjustment.tif,33.057,22.525,0.819,7.971,616,232,38.660,6.309,1.180,0.847,0.897
195,Image_14104__2 hour mark_with scale bar-1.tif (red)_after filling in ice crystals-1_after threshold adjustment.tif,156.505,62.796,0.499,23.017,319,250,27.951,12.065,2.305,0.434,0.762
196,Image_14104__2 hour mark_with scale bar-1.tif (red)_after filling in ice crystals-1_after threshold adjustment.tif,37.189,23.413,0.853,9.100,399,230,24.228,5.868,1.514,0.661,0.909
197,Image_14104__2 hour mark_with scale bar-1.tif (red)_after filling in ice crystals-1_after threshold adjustment.tif,92.629,43.875,0.605,17.452,426,224,161.996,7.648,2.622,0.381,0.891
198,Image_14104__2 hour mark_with scale bar-1.tif (red)_after filling in ice crystals-1_after threshold adjustment.tif,22.899,18.861,0.809,6.906,282,223,147.265,4.638,1.470,0.680,0.875
199,Image_14104__2 hour mark_with scale bar-1.tif (red)_after filling in ice crystals-1_after threshold adjustment.tif,49.241,28.191,0.779,10.603,780,221,120.579,6.955,1.584,0.631,0.905
200,Image_14104__2 hour mark_with scale bar-1.tif (red)_after filling in ice crystals-1_after threshold adjustment.tif,22.555,19.448,0.749,7.480,55,233,33.690,5.381,1.342,0.745,0.848
201,Image_14104__2 hour mark_with scale bar-1.tif (red)_after filling in ice crystals-1_after threshold adjustment.tif,21.349,17.202,0.907,6.168,194,223,109.654,4.740,1.309,0.764,0.902
202,Image_14104__2 hour mark_with scale bar-1.tif (red)_after filling in ice crystals-1_after threshold adjustment.tif,84.881,36.164,0.816,12.701,633,247,38.367,8.694,1.446,0.692,0.923
203,Image_14104__2 hour mark_with scale bar-1.tif (red)_after filling in ice crystals-1_after threshold adjustment.tif,92.285,39.157,0.756,15.217,249,231,154.134,7.629,2.026,0.494,0.928
204,Image_14104__2 hour mark_with scale bar-1.tif (red)_after filling in ice crystals-1_after threshold adjustment.tif,57.678,30.539,0.777,10.955,295,245,37.304,8.090,1.525,0.656,0.893
205,Image_14104__2 hour mark_with scale bar-1.tif (red)_after filling in ice crystals-1_after threshold adjustment.tif,70.935,36.691,0.662,13.592,753,229,148.736,9.252,1.552,0.644,0.836
206,Image_14104__2 hour mark_with scale bar-1.tif (red)_after filling in ice crystals-1_after threshold adjustment.tif,79.199,34.990,0.813,12.211,694,227,99.782,9.856,1.194,0.837,0.908
207,Image_14104__2 hour mark_with scale bar-1.tif (red)_after filling in ice crystals-1_after threshold adjustment.tif,40.633,25.945,0.759,8.753,673,228,121.430,7.081,1.057,0.946,0.860
208,Image_14104__2 hour mark_with scale bar-1.tif (red)_after filling in ice crystals-1_after threshold adjustment.tif,45.626,32.157,0.554,10.497,89,246,18.435,8.118,1.240,0.807,0.804
209,Image_14104__2 hour mark_with scale bar-1.tif (red)_after filling in ice crystals-1_after threshold adjustment.tif,43.043,26.004,0.800,9.407,119,235,138.576,6.445,1.525,0.656,0.891
210,Image_14104__2 hour mark_with scale bar-1.tif (red)_after filling in ice crystals-1_after threshold adjustment.tif,21.177,21.066,0.600,7.247,68,233,103.241,5.010,1.496,0.668,0.748
211,Image_14104__2 hour mark_with scale bar-1.tif (red)_after filling in ice crystals-1_after threshold adjustment.tif,14.807,15.441,0.780,6.224,615,233,143.130,4.161,1.482,0.675,0.869
212,Image_14104__2 hour mark_with scale bar-1.tif (red)_after filling in ice crystals-1_after threshold adjustment.tif,28.064,19.934,0.887,7.066,743,246,40.236,5.809,1.082,0.925,0.913
213,Image_14104__2 hour mark_with scale bar-1.tif (red)_after filling in ice crystals-1_after threshold adjustment.tif,61.982,34.261,0.664,13.381,391,265,60.255,6.729,2.191,0.456,0.862
214,Image_14104__2 hour mark_with scale bar-1.tif (red)_after filling in ice crystals-1_after threshold adjustment.tif,12.913,13.438,0.899,5.199,603,236,118.610,3.734,1.436,0.696,0.909
215,Image_14104__2 hour mark_with scale bar-1.tif (red)_after filling in ice crystals-1_after threshold adjustment.tif,59.055,34.990,0.606,13.948,36,240,149.621,6.926,2.515,0.398,0.827
216,Image_14104__2 hour mark_with scale bar-1.tif (red)_after filling in ice crystals-1_after threshold adjustment.tif,73.346,39.240,0.599,13.849,589,239,98.616,7.672,2.104,0.475,0.822
217,Image_14104__2 hour mark_with scale bar-1.tif (red)_after filling in ice crystals-1_after threshold adjustment.tif,16.184,15.927,0.802,6.561,508,240,124.695,4.025,1.632,0.613,0.904
218,Image_14104__2 hour mark_with scale bar-1.tif (red)_after filling in ice crystals-1_after threshold adjustment.tif,12.224,13.438,0.851,5.199,79,241,118.610,3.734,1.204,0.831,0.893
219,Image_14104__2 hour mark_with scale bar-1.tif (red)_after filling in ice crystals-1_after threshold adjustment.tif,28.236,23.212,0.659,8.822,444,241,131.186,5.010,2.144,0.466,0.824
220,Image_14104__2 hour mark_with scale bar-1.tif (red)_after filling in ice crystals-1_after threshold adjustment.tif,24.965,22.969,0.595,7.258,493,254,30.964,5.703,1.192,0.839,0.845
221,Image_14104__2 hour mark_with scale bar-1.tif (red)_after filling in ice crystals-1_after threshold adjustment.tif,38.222,23.011,0.907,8.057,190,244,124.509,6.639,1.059,0.944,0.939
222,Image_14104__2 hour mark_with scale bar-1.tif (red)_after filling in ice crystals-1_after threshold adjustment.tif,21.177,17.445,0.874,6.482,558,255,39.806,4.546,1.386,0.721,0.904
223,Image_14104__2 hour mark_with scale bar-1.tif (red)_after filling in ice crystals-1_after threshold adjustment.tif,58.194,29.792,0.824,10.955,720,261,37.304,7.469,1.262,0.792,0.940
224,Image_14104__2 hour mark_with scale bar-1.tif (red)_after filling in ice crystals-1_after threshold adjustment.tif,13.774,14.611,0.811,5.582,230,245,131.987,3.936,1.534,0.652,0.851
225,Image_14104__2 hour mark_with scale bar-1.tif (red)_after filling in ice crystals-1_after threshold adjustment.tif,10.330,11.677,0.952,4.272,312,245,119.055,3.319,1.244,0.804,0.923
226,Image_14104__2 hour mark_with scale bar-1.tif (red)_after filling in ice crystals-1_after threshold adjustment.tif,132.229,47.681,0.731,17.058,345,247,138.945,11.051,1.503,0.665,0.910
227,Image_14104__2 hour mark_with scale bar-1.tif (red)_after filling in ice crystals-1_after threshold adjustment.tif,111.224,49.014,0.582,14.857,104,249,125.910,12.691,1.086,0.921,0.810
228,Image_14104__2 hour mark_with scale bar-1.tif (red)_after filling in ice crystals-1_after threshold adjustment.tif,58.711,30.153,0.811,10.772,621,260,15.642,8.090,1.260,0.794,0.912
229,Image_14104__2 hour mark_with scale bar-1.tif (red)_after filling in ice crystals-1_after threshold adjustment.tif,20.316,16.858,0.898,6.482,66,251,140.194,4.825,1.379,0.725,0.915
230,Image_14104__2 hour mark_with scale bar-1.tif (red)_after filling in ice crystals-1_after threshold adjustment.tif,18.939,16.372,0.888,5.644,144,254,162.897,4.979,1.073,0.932,0.887
231,Image_14104__2 hour mark_with scale bar-1.tif (red)_after filling in ice crystals-1_after threshold adjustment.tif,25.654,22.584,0.632,8.976,215,252,146.310,4.384,2.524,0.396,0.816
232,Image_14104__2 hour mark_with scale bar-1.tif (red)_after filling in ice crystals-1_after threshold adjustment.tif,33.057,22.382,0.829,8.634,236,266,35.218,5.868,1.562,0.640,0.889
233,Image_14104__2 hour mark_with scale bar-1.tif (red)_after filling in ice crystals-1_after threshold adjustment.tif,16.012,14.511,0.956,5.199,741,261,28.610,4.149,1.126,0.888,0.939
234,Image_14104__2 hour mark_with scale bar-1.tif (red)_after filling in ice crystals-1_after threshold adjustment.tif,141.526,46.952,0.807,15.963,18,262,152.103,12.868,1.083,0.923,0.928
235,Image_14104__2 hour mark_with scale bar-1.tif (red)_after filling in ice crystals-1_after threshold adjustment.tif,15.496,15.642,0.796,6.805,274,254,142.431,3.227,2.196,0.455,0.887
236,Image_14104__2 hour mark_with scale bar-1.tif (red)_after filling in ice crystals-1_after threshold adjustment.tif,89.013,38.167,0.768,12.782,327,284,76.866,9.701,1.373,0.728,0.893
237,Image_14104__2 hour mark_with scale bar-1.tif (red)_after filling in ice crystals-1_after threshold adjustment.tif,13.257,15.299,0.712,5.065,569,263,34.992,3.987,1.290,0.775,0.865
238,Image_14104__2 hour mark_with scale bar-1.tif (red)_after filling in ice crystals-1_after threshold adjustment.tif,12.741,12.851,0.969,5.014,753,257,155.556,3.319,1.427,0.701,0.931
239,Image_14104__2 hour mark_with scale bar-1.tif (red)_after filling in ice crystals-1_after threshold adjustment.tif,131.712,50.188,0.657,17.259,296,257,99.689,13.123,1.320,0.758,0.837
240,Image_14104__2 hour mark_with scale bar-1.tif (red)_after filling in ice crystals-1_after threshold adjustment.tif,32.196,22.709,0.785,8.402,429,269,32.905,4.979,1.433,0.698,0.940
241,Image_14104__2 hour mark_with scale bar-1.tif (red)_after filling in ice crystals-1_after threshold adjustment.tif,29.958,26.129,0.551,10.986,662,264,10.886,3.365,3.694,0.271,0.888
242,Image_14104__2 hour mark_with scale bar-1.tif (red)_after filling in ice crystals-1_after threshold adjustment.tif,25.482,20.136,0.790,7.971,198,272,38.660,4.694,1.867,0.536,0.881
243,Image_14104__2 hour mark_with scale bar-1.tif (red)_after filling in ice crystals-1_after threshold adjustment.tif,33.746,24.972,0.680,9.580,697,259,107.650,4.929,2.118,0.472,0.852
244,Image_14104__2 hour mark_with scale bar-1.tif (red)_after filling in ice crystals-1_after threshold adjustment.tif,28.581,20.136,0.886,6.956,494,265,162.646,6.161,1.099,0.910,0.892
245,Image_14104__2 hour mark_with scale bar-1.tif (red)_after filling in ice crystals-1_after threshold adjustment.tif,109.674,47.070,0.622,17.108,454,265,165.964,11.523,1.712,0.584,0.838
246,Image_14104__2 hour mark_with scale bar-1.tif (red)_after filling in ice crystals-1_after threshold adjustment.tif,67.836,34.302,0.724,12.211,770,267,170.218,7.912,1.653,0.605,0.861
247,Image_14104__2 hour mark_with scale bar-1.tif (red)_after filling in ice crystals-1_after threshold adjustment.tif,86.086,40.657,0.654,13.948,518,280,30.379,9.980,1.430,0.700,0.850
248,Image_14104__2 hour mark_with scale bar-1.tif (red)_after filling in ice crystals-1_after threshold adjustment.tif,70.419,31.653,0.883,11.049,718,263,124.287,8.299,1.207,0.829,0.951
249,Image_14104__2 hour mark_with scale bar-1.tif (red)_after filling in ice crystals-1_after threshold adjustment.tif,20.489,16.858,0.906,5.984,135,263,123.690,4.931,1.115,0.897,0.912
250,Image_14104__2 hour mark_with scale bar-1.tif (red)_after filling in ice crystals-1_after threshold adjustment.tif,40.633,29.851,0.573,11.947,238,277,20.323,5.615,2.607,0.384,0.779
251,Image_14104__2 hour mark_with scale bar-1.tif (red)_after filling in ice crystals-1_after threshold adjustment.tif,53.029,28.233,0.836,10.579,383,265,115.560,6.224,1.591,0.628,0.943
252,Image_14104__2 hour mark_with scale bar-1.tif (red)_after filling in ice crystals-1_after threshold adjustment.tif,14.118,13.781,0.934,4.839,153,277,59.036,4.149,1.075,0.930,0.901
253,Image_14104__2 hour mark_with scale bar-1.tif (red)_after filling in ice crystals-1_after threshold adjustment.tif,34.090,21.938,0.890,7.718,603,270,143.746,6.220,1.130,0.885,0.923
254,Image_14104__2 hour mark_with scale bar-1.tif (red)_after filling in ice crystals-1_after threshold adjustment.tif,64.393,30.597,0.864,10.636,73,292,69.444,8.022,1.315,0.761,0.920
255,Image_14104__2 hour mark_with scale bar-1.tif (red)_after filling in ice crystals-1_after threshold adjustment.tif,12.396,13.580,0.845,5.764,685,281,59.744,2.905,1.826,0.548,0.941
256,Image_14104__2 hour mark_with scale bar-1.tif (red)_after filling in ice crystals-1_after threshold adjustment.tif,188.529,56.810,0.734,19.796,544,314,56.976,12.156,1.656,0.604,0.917
257,Image_14104__2 hour mark_with scale bar-1.tif (red)_after filling in ice crystals-1_after threshold adjustment.tif,14.290,14.653,0.836,5.868,402,281,45.000,4.108,1.317,0.759,0.927
258,Image_14104__2 hour mark_with scale bar-1.tif (red)_after filling in ice crystals-1_after threshold adjustment.tif,132.229,50.431,0.653,18.960,603,295,23.199,12.000,1.621,0.617,0.838
259,Image_14104__2 hour mark_with scale bar-1.tif (red)_after filling in ice crystals-1_after threshold adjustment.tif,53.890,27.563,0.891,9.480,755,277,156.801,7.922,1.076,0.930,0.927
260,Image_14104__2 hour mark_with scale bar-1.tif (red)_after filling in ice crystals-1_after threshold adjustment.tif,11.019,12.163,0.936,4.731,53,273,127.875,3.319,1.253,0.798,0.948
261,Image_14104__2 hour mark_with scale bar-1.tif (red)_after filling in ice crystals-1_after threshold adjustment.tif,155.128,56.483,0.611,19.182,154,305,38.853,11.635,1.483,0.674,0.882
262,Image_14104__2 hour mark_with scale bar-1.tif (red)_after filling in ice crystals-1_after threshold adjustment.tif,10.675,12.264,0.892,4.839,433,276,149.036,3.319,1.395,0.717,0.905
263,Image_14104__2 hour mark_with scale bar-1.tif (red)_after filling in ice crystals-1_after threshold adjustment.tif,30.475,22.910,0.730,9.062,205,277,164.055,4.564,1.863,0.537,0.912
264,Image_14104__2 hour mark_with scale bar-1.tif (red)_after filling in ice crystals-1_after threshold adjustment.tif,37.878,28.636,0.580,8.544,143,279,119.055,7.042,1.166,0.857,0.837
265,Image_14104__2 hour mark_with scale bar-1.tif (red)_after filling in ice crystals-1_after threshold adjustment.tif,67.836,35.962,0.659,13.206,664,279,133.727,7.105,1.931,0.518,0.883
266,Image_14104__2 hour mark_with scale bar-1.tif (red)_after filling in ice crystals-1_after threshold adjustment.tif,91.940,39.424,0.743,14.967,339,280,136.123,8.282,1.729,0.578,0.926
267,Image_14104__2 hour mark_with scale bar-1.tif (red)_after filling in ice crystals-1_after threshold adjustment.tif,29.097,20.379,0.880,8.057,92,284,145.491,4.988,1.594,0.627,0.923
268,Image_14104__2 hour mark_with scale bar-1.tif (red)_after filling in ice crystals-1_after threshold adjustment.tif,50.963,27.705,0.834,9.580,695,303,72.350,7.411,1.274,0.785,0.905
269,Image_14104__2 hour mark_with scale bar-1.tif (red)_after filling in ice crystals-1_after threshold adjustment.tif,74.895,34.990,0.769,13.381,577,289,150.255,8.041,1.709,0.585,0.905
270,Image_14104__2 hour mark_with scale bar-1.tif (red)_after filling in ice crystals-1_after threshold adjustment.tif,151.168,60.608,0.517,21.909,442,283,114.624,12.123,2.111,0.474,0.772
271,Image_14104__2 hour mark_with scale bar-1.tif (red)_after filling in ice crystals-1_after threshold adjustment.tif,15.323,14.955,0.861,6.334,502,298,58.392,3.521,1.775,0.563,0.918
272,Image_14104__2 hour mark_with scale bar-1.tif (red)_after filling in ice crystals-1_after threshold adjustment.tif,15.840,18.031,0.612,5.394,226,294,22.620,4.564,1.089,0.918,0.860
273,Image_14104__2 hour mark_with scale bar-1.tif (red)_after filling in ice crystals-1_after threshold adjustment.tif,21.177,17.302,0.889,6.168,310,296,19.654,5.281,1.053,0.950,0.872
274,Image_14104__2 hour mark_with scale bar-1.tif (red)_after filling in ice crystals-1_after threshold adjustment.tif,124.997,46.080,0.740,16.017,253,309,16.557,10.886,1.245,0.803,0.918
275,Image_14104__2 hour mark_with scale bar-1.tif (red)_after filling in ice crystals-1_after threshold adjustment.tif,15.151,17.587,0.616,7.247,237,306,76.759,3.139,2.446,0.409,0.842
276,Image_14104__2 hour mark_with scale bar-1.tif (red)_after filling in ice crystals-1_after threshold adjustment.tif,14.807,14.511,0.884,5.897,20,290,140.711,4.028,1.483,0.674,0.925
277,Image_14104__2 hour mark_with scale bar-1.tif (red)_after filling in ice crystals-1_after threshold adjustment.tif,41.838,27.948,0.673,10.628,53,311,51.340,5.675,1.998,0.501,0.868
278,Image_14104__2 hour mark_with scale bar-1.tif (red)_after filling in ice crystals-1_after threshold adjustment.tif,17.045,15.299,0.915,5.567,380,303,63.435,4.258,1.273,0.786,0.900
279,Image_14104__2 hour mark_with scale bar-1.tif (red)_after filling in ice crystals-1_after threshold adjustment.tif,22.038,17.788,0.875,6.334,324,293,121.608,5.187,1.115,0.897,0.886
280,Image_14104__2 hour mark_with scale bar-1.tif (red)_after filling in ice crystals-1_after threshold adjustment.tif,67.492,33.716,0.746,12.448,705,299,143.130,7.794,1.594,0.627,0.880
281,Image_14104__2 hour mark_with scale bar-1.tif (red)_after filling in ice crystals-1_after threshold adjustment.tif,15.668,14.854,0.892,5.897,112,296,140.711,4.126,1.530,0.654,0.910
282,Image_14104__2 hour mark_with scale bar-1.tif (red)_after filling in ice crystals-1_after threshold adjustment.tif,15.151,14.854,0.863,5.582,657,297,131.987,3.805,1.477,0.677,0.893
283,Image_14104__2 hour mark_with scale bar-1.tif (red)_after filling in ice crystals-1_after threshold adjustment.tif,66.114,33.087,0.759,12.260,12,298,113.962,8.641,1.371,0.729,0.899
284,Image_14104__2 hour mark_with scale bar-1.tif (red)_after filling in ice crystals-1_after threshold adjustment.tif,52.513,31.670,0.658,11.867,215,322,53.531,6.522,2.102,0.476,0.843
285,Image_14104__2 hour mark_with scale bar-1.tif (red)_after filling in ice crystals-1_after threshold adjustment.tif,19.972,20.177,0.616,7.651,636,300,139.399,4.359,1.928,0.519,0.789
286,Image_14104__2 hour mark_with scale bar-1.tif (red)_after filling in ice crystals-1_after threshold adjustment.tif,22.727,17.931,0.888,6.561,759,299,124.695,5.253,1.148,0.871,0.910
287,Image_14104__2 hour mark_with scale bar-1.tif (red)_after filling in ice crystals-1_after threshold adjustment.tif,13.085,14.511,0.781,6.126,473,300,118.301,3.120,2.007,0.498,0.889
288,Image_14104__2 hour mark_with scale bar-1.tif (red)_after filling in ice crystals-1_after threshold adjustment.tif,19.972,16.757,0.894,5.984,529,310,33.690,4.979,1.039,0.963,0.917
289,Image_14104__2 hour mark_with scale bar-1.tif (red)_after filling in ice crystals-1_after threshold adjustment.tif,25.482,19.104,0.877,7.139,775,312,35.538,5.371,1.282,0.780,0.911
290,Image_14104__2 hour mark_with scale bar-1.tif (red)_after filling in ice crystals-1_after threshold adjustment.tif,32.713,23.354,0.754,7.981,35,317,27.897,6.466,1.204,0.831,0.844
291,Image_14104__2 hour mark_with scale bar-1.tif (red)_after filling in ice crystals-1_after threshold adjustment.tif,47.175,29.549,0.679,11.714,85,315,22.932,4.992,2.488,0.402,0.912
292,Image_14104__2 hour mark_with scale bar-1.tif (red)_after filling in ice crystals-1_after threshold adjustment.tif,18.767,17.202,0.797,6.482,304,303,129.806,4.516,1.511,0.662,0.855
293,Image_14104__2 hour mark_with scale bar-1.tif (red)_after filling in ice crystals-1_after threshold adjustment.tif,12.224,14.268,0.755,5.065,375,314,55.008,3.734,1.251,0.799,0.840
294,Image_14104__2 hour mark_with scale bar-1.tif (red)_after filling in ice crystals-1_after threshold adjustment.tif,11.191,11.920,0.990,4.731,508,306,142.125,3.319,1.219,0.821,0.956
295,Image_14104__2 hour mark_with scale bar-1.tif (red)_after filling in ice crystals-1_after threshold adjustment.tif,90.735,40.070,0.710,14.967,138,336,43.877,7.959,2.032,0.492,0.897
296,Image_14104__2 hour mark_with scale bar-1.tif (red)_after filling in ice crystals-1_after threshold adjustment.tif,17.389,16.028,0.851,6.334,314,307,148.392,4.082,1.523,0.657,0.886
297,Image_14104__2 hour mark_with scale bar-1.tif (red)_after filling in ice crystals-1_after threshold adjustment.tif,50.274,29.223,0.740,11.626,585,323,34.824,6.748,1.964,0.509,0.888
298,Image_14104__2 hour mark_with scale bar-1.tif (red)_after filling in ice crystals-1_after threshold adjustment.tif,40.288,24.427,0.848,9.389,332,323,45.000,6.476,1.422,0.703,0.923
299,Image_14104__2 hour mark_with scale bar-1.tif (red)_after filling in ice crystals-1_after threshold adjustment.tif,39.944,23.698,0.894,8.402,121,308,122.905,6.781,1.139,0.878,0.934
300,Image_14104__2 hour mark_with scale bar-1.tif (red)_after filling in ice crystals-1_after threshold adjustment.tif,141.526,56.928,0.549,22.345,380,315,164.932,9.579,2.715,0.368,0.843
301,Image_14104__2 hour mark_with scale bar-1.tif (red)_after filling in ice crystals-1_after threshold adjustment.tif,24.449,20.420,0.737,8.402,620,318,20.225,3.906,2.295,0.436,0.902
302,Image_14104__2 hour mark_with scale bar-1.tif (red)_after filling in ice crystals-1_after threshold adjustment.tif,27.203,20.236,0.835,7.829,670,313,147.995,4.694,1.661,0.602,0.893
303,Image_14104__2 hour mark_with scale bar-1.tif (red)_after filling in ice crystals-1_after threshold adjustment.tif,11.708,13.094,0.858,5.281,239,312,135.000,3.674,1.499,0.667,0.901
304,Image_14104__2 hour mark_with scale bar-1.tif (red)_after filling in ice crystals-1_after threshold adjustment.tif,27.203,20.965,0.778,7.572,663,311,99.462,4.996,1.599,0.625,0.873
305,Image_14104__2 hour mark_with scale bar-1.tif (red)_after filling in ice crystals-1_after threshold adjustment.tif,43.388,26.004,0.806,9.462,76,312,105.255,6.376,1.451,0.689,0.872
306,Image_14104__2 hour mark_with scale bar-1.tif (red)_after filling in ice crystals-1_after threshold adjustment.tif,14.463,15.340,0.772,6.334,421,312,148.392,3.192,2.177,0.459,0.898
307,Image_14104__2 hour mark_with scale bar-1.tif (red)_after filling in ice crystals-1_after threshold adjustment.tif,31.163,23.740,0.695,9.325,729,326,32.276,5.394,1.784,0.561,0.894
308,Image_14104__2 hour mark_with scale bar-1.tif (red)_after filling in ice crystals-1_after threshold adjustment.tif,82.815,38.997,0.684,15.035,761,332,27.979,9.032,1.729,0.579,0.873
309,Image_14104__2 hour mark_with scale bar-1.tif (red)_after filling in ice crystals-1_after threshold adjustment.tif,44.937,26.045,0.832,9.100,701,314,114.228,7.669,1.072,0.933,0.898
310,Image_14104__2 hour mark_with scale bar-1.tif (red)_after filling in ice crystals-1_after threshold adjustment.tif,89.358,40.799,0.675,15.707,536,329,12.200,9.129,1.848,0.541,0.874
311,Image_14104__2 hour mark_with scale bar-1.tif (red)_after filling in ice crystals-1_after threshold adjustment.tif,15.151,14.368,0.922,5.199,171,326,28.610,4.268,1.129,0.885,0.898
312,Image_14104__2 hour mark_with scale bar-1.tif (red)_after filling in ice crystals-1_after threshold adjustment.tif,10.503,11.677,0.968,4.488,289,325,33.690,3.319,1.111,0.900,0.931
313,Image_14104__2 hour mark_with scale bar-1.tif (red)_after filling in ice crystals-1_after threshold adjustment.tif,35.295,22.969,0.841,7.829,516,331,32.005,6.781,1.095,0.913,0.893
314,Image_14104__2 hour mark_with scale bar-1.tif (red)_after filling in ice crystals-1_after threshold adjustment.tif,44.076,25.559,0.848,9.361,101,319,102.804,7.045,1.237,0.808,0.905
315,Image_14104__2 hour mark_with scale bar-1.tif (red)_after filling in ice crystals-1_after threshold adjustment.tif,76.445,35.862,0.747,12.379,41,346,50.440,8.722,1.446,0.691,0.881
316,Image_14104__2 hour mark_with scale bar-1.tif (red)_after filling in ice crystals-1_after threshold adjustment.tif,63.704,32.601,0.753,12.782,354,320,125.754,7.042,1.981,0.505,0.897
317,Image_14104__2 hour mark_with scale bar-1.tif (red)_after filling in ice crystals-1_after threshold adjustment.tif,115.356,41.973,0.823,14.308,202,322,119.539,11.738,1.057,0.946,0.926
318,Image_14104__2 hour mark_with scale bar-1.tif (red)_after filling in ice crystals-1_after threshold adjustment.tif,23.243,17.688,0.934,6.126,619,331,28.301,5.394,1.031,0.970,0.934
319,Image_14104__2 hour mark_with scale bar-1.tif (red)_after filling in ice crystals-1_after threshold adjustment.tif,35.640,24.629,0.738,9.185,305,333,18.435,6.124,1.492,0.670,0.894
320,Image_14104__2 hour mark_with scale bar-1.tif (red)_after filling in ice crystals-1_after threshold adjustment.tif,41.666,26.045,0.772,9.278,734,338,26.565,6.822,1.184,0.845,0.871
321,Image_14104__2 hour mark_with scale bar-1.tif (red)_after filling in ice crystals-1_after threshold adjustment.tif,32.713,22.281,0.828,8.057,258,329,168.111,5.516,1.464,0.683,0.884
322,Image_14104__2 hour mark_with scale bar-1.tif (red)_after filling in ice crystals-1_after threshold adjustment.tif,19.628,16.958,0.858,5.779,121,325,111.038,5.184,1.072,0.933,0.877
323,Image_14104__2 hour mark_with scale bar-1.tif (red)_after filling in ice crystals-1_after threshold adjustment.tif,10.158,13.538,0.696,5.567,278,333,26.565,3.412,1.858,0.538,0.787
324,Image_14104__2 hour mark_with scale bar-1.tif (red)_after filling in ice crystals-1_after threshold adjustment.tif,30.991,21.938,0.809,7.718,333,330,143.746,5.809,1.325,0.754,0.907
325,Image_14104__2 hour mark_with scale bar-1.tif (red)_after filling in ice crystals-1_after threshold adjustment.tif,93.318,41.302,0.687,15.968,597,337,155.433,7.517,2.156,0.464,0.909
326,Image_14104__2 hour mark_with scale bar-1.tif (red)_after filling in ice crystals-1_after threshold adjustment.tif,19.972,16.715,0.898,6.042,486,344,74.055,4.268,1.393,0.718,0.910
327,Image_14104__2 hour mark_with scale bar-1.tif (red)_after filling in ice crystals-1_after threshold adjustment.tif,25.998,19.691,0.843,7.480,377,339,19.440,4.979,1.565,0.639,0.904
328,Image_14104__2 hour mark_with scale bar-1.tif (red)_after filling in ice crystals-1_after threshold adjustment.tif,11.880,12.365,0.976,4.469,508,338,21.801,3.734,1.139,0.878,0.914
329,Image_14104__2 hour mark_with scale bar-1.tif (red)_after filling in ice crystals-1_after threshold adjustment.tif,139.288,54.112,0.598,21.292,567,339,146.929,10.147,2.474,0.404,0.836
330,Image_14104__2 hour mark_with scale bar-1.tif (red)_after filling in ice crystals-1_after threshold adjustment.tif,16.529,14.955,0.929,5.249,683,335,161.565,4.564,1.098,0.911,0.897
331,Image_14104__2 hour mark_with scale bar-1.tif (red)_after filling in ice crystals-1_after threshold adjustment.tif,64.220,38.167,0.554,14.290,446,354,25.821,8.313,1.973,0.507,0.784
332,Image_14104__2 hour mark_with scale bar-1.tif (red)_after filling in ice crystals-1_after threshold adjustment.tif,23.415,18.861,0.827,6.805,157,335,127.569,4.855,1.402,0.713,0.892
333,Image_14104__2 hour mark_with scale bar-1.tif (red)_after filling in ice crystals-1_after threshold adjustment.tif,53.890,37.723,0.476,11.049,527,335,124.287,7.237,1.377,0.726,0.856
334,Image_14104__2 hour mark_with scale bar-1.tif (red)_after filling in ice crystals-1_after threshold adjustment.tif,39.772,25.115,0.792,9.480,705,337,156.801,5.381,1.812,0.552,0.922
335,Image_14104__2 hour mark_with scale bar-1.tif (red)_after filling in ice crystals-1_after threshold adjustment.tif,77.306,38.712,0.648,15.195,22,336,124.992,7.145,2.339,0.428,0.859
336,Image_14104__2 hour mark_with scale bar-1.tif (red)_after filling in ice crystals-1_after threshold adjustment.tif,64.220,32.542,0.762,11.867,280,362,53.531,7.217,1.746,0.573,0.903
337,Image_14104__2 hour mark_with scale bar-1.tif (red)_after filling in ice crystals-1_after threshold adjustment.tif,14.118,13.538,0.968,5.410,69,337,122.471,3.814,1.462,0.684,0.911
338,Image_14104__2 hour mark_with scale bar-1.tif (red)_after filling in ice crystals-1_after threshold adjustment.tif,34.607,22.525,0.857,7.718,132,352,36.254,6.588,1.014,0.986,0.907
339,Image_14104__2 hour mark_with scale bar-1.tif (red)_after filling in ice crystals-1_after threshold adjustment.tif,60.777,31.855,0.753,10.788,662,354,22.620,7.865,1.302,0.768,0.879
340,Image_14104__2 hour mark_with scale bar-1.tif (red)_after filling in ice crystals-1_after threshold adjustment.tif,104.509,43.389,0.698,15.195,391,346,145.008,10.445,1.494,0.670,0.867
341,Image_14104__2 hour mark_with scale bar-1.tif (red)_after filling in ice crystals-1_after threshold adjustment.tif,27.031,24.486,0.567,7.353,639,342,106.390,5.551,1.234,0.810,0.842
342,Image_14104__2 hour mark_with scale bar-1.tif (red)_after filling in ice crystals-1_after threshold adjustment.tif,41.321,25.802,0.780,9.993,251,361,41.634,6.027,1.801,0.555,0.892
343,Image_14104__2 hour mark_with scale bar-1.tif (red)_after filling in ice crystals-1_after threshold adjustment.tif,30.819,23.941,0.676,8.802,416,345,135.000,5.705,1.493,0.670,0.833
344,Image_14104__2 hour mark_with scale bar-1.tif (red)_after filling in ice crystals-1_after threshold adjustment.tif,18.939,17.545,0.773,6.561,474,352,18.435,4.564,1.527,0.655,0.859
345,Image_14104__2 hour mark_with scale bar-1.tif (red)_after filling in ice crystals-1_after threshold adjustment.tif,15.496,15.299,0.832,6.042,102,354,15.945,4.149,1.355,0.738,0.861
346,Image_14104__2 hour mark_with scale bar-1.tif (red)_after filling in ice crystals-1_after threshold adjustment.tif,39.772,25.216,0.786,9.553,226,363,34.380,6.214,1.621,0.617,0.890
347,Image_14104__2 hour mark_with scale bar-1.tif (red)_after filling in ice crystals-1_after threshold adjustment.tif,27.548,20.077,0.859,7.388,122,348,128.157,5.394,1.201,0.832,0.936
348,Image_14104__2 hour mark_with scale bar-1.tif (red)_after filling in ice crystals-1_after threshold adjustment.tif,53.201,28.938,0.798,11.333,191,354,156.251,6.398,1.816,0.551,0.905
349,Image_14104__2 hour mark_with scale bar-1.tif (red)_after filling in ice crystals-1_after threshold adjustment.tif,83.159,36.851,0.770,13.509,304,348,132.510,8.146,1.586,0.630,0.904
350,Image_14104__2 hour mark_with scale bar-1.tif (red)_after filling in ice crystals-1_after threshold adjustment.tif,101.410,45.435,0.617,17.093,54,390,84.428,8.707,2.285,0.438,0.879
351,Image_14104__2 hour mark_with scale bar-1.tif (red)_after filling in ice crystals-1_after threshold adjustment.tif,16.701,17.202,0.709,6.704,485,364,68.199,4.373,1.479,0.676,0.847
352,Image_14104__2 hour mark_with scale bar-1.tif (red)_after filling in ice crystals-1_after threshold adjustment.tif,60.605,34.202,0.651,13.516,376,381,72.121,6.681,2.320,0.431,0.876
353,Image_14104__2 hour mark_with scale bar-1.tif (red)_after filling in ice crystals-1_after threshold adjustment.tif,98.483,44.261,0.632,15.658,769,383,57.995,8.605,1.949,0.513,0.868
354,Image_14104__2 hour mark_with scale bar-1.tif (red)_after filling in ice crystals-1_after threshold adjustment.tif,29.097,20.806,0.845,7.388,514,351,128.157,5.394,1.185,0.844,0.934
355,Image_14104__2 hour mark_with scale bar-1.tif (red)_after filling in ice crystals-1_after threshold adjustment.tif,89.530,38.535,0.758,13.592,717,372,31.264,9.007,1.268,0.789,0.920
356,Image_14104__2 hour mark_with scale bar-1.tif (red)_after filling in ice crystals-1_after threshold adjustment.tif,17.389,17.059,0.751,6.704,468,357,158.199,4.068,1.643,0.609,0.863
357,Image_14104__2 hour mark_with scale bar-1.tif (red)_after filling in ice crystals-1_after threshold adjustment.tif,49.241,33.229,0.560,11.536,428,376,52.306,7.020,1.921,0.520,0.801
358,Image_14104__2 hour mark_with scale bar-1.tif (red)_after filling in ice crystals-1_after threshold adjustment.tif,21.694,20.136,0.672,7.971,94,371,51.340,4.438,2.051,0.487,0.813
359,Image_14104__2 hour mark_with scale bar-1.tif (red)_after filling in ice crystals-1_after threshold adjustment.tif,55.956,31.368,0.715,12.260,148,358,156.038,6.482,2.134,0.469,0.871
360,Image_14104__2 hour mark_with scale bar-1.tif (red)_after filling in ice crystals-1_after threshold adjustment.tif,45.798,26.934,0.793,9.361,541,370,12.804,7.690,1.114,0.898,0.865
361,Image_14104__2 hour mark_with scale bar-1.tif (red)_after filling in ice crystals-1_after threshold adjustment.tif,97.966,39.441,0.791,15.104,333,357,110.925,8.619,1.755,0.570,0.926
362,Image_14104__2 hour mark_with scale bar-1.tif (red)_after filling in ice crystals-1_after threshold adjustment.tif,45.109,28.879,0.680,10.497,363,357,108.435,6.639,1.554,0.644,0.842
363,Image_14104__2 hour mark_with scale bar-1.tif (red)_after filling in ice crystals-1_after threshold adjustment.tif,18.595,17.202,0.790,6.561,758,370,55.305,4.554,1.474,0.678,0.882
364,Image_14104__2 hour mark_with scale bar-1.tif (red)_after filling in ice crystals-1_after threshold adjustment.tif,27.892,20.035,0.873,7.718,682,360,143.746,5.249,1.515,0.660,0.908
365,Image_14104__2 hour mark_with scale bar-1.tif (red)_after filling in ice crystals-1_after threshold adjustment.tif,23.588,20.236,0.724,8.014,461,377,68.749,3.914,2.145,0.466,0.875
366,Image_14104__2 hour mark_with scale bar-1.tif (red)_after filling in ice crystals-1_after threshold adjustment.tif,18.767,19.104,0.646,7.353,581,359,106.390,4.117,1.833,0.545,0.832
367,Image_14104__2 hour mark_with scale bar-1.tif (red)_after filling in ice crystals-1_after threshold adjustment.tif,26.515,19.591,0.868,7.054,618,359,118.072,5.334,1.195,0.837,0.925
368,Image_14104__2 hour mark_with scale bar-1.tif (red)_after filling in ice crystals-1_after threshold adjustment.tif,138.771,47.823,0.762,17.058,230,396,48.945,11.357,1.263,0.791,0.917
369,Image_14104__2 hour mark_with scale bar-1.tif (red)_after filling in ice crystals-1_after threshold adjustment.tif,63.360,38.855,0.527,15.575,586,362,131.760,6.564,2.401,0.416,0.843
370,Image_14104__2 hour mark_with scale bar-1.tif (red)_after filling in ice crystals-1_after threshold adjustment.tif,17.562,16.472,0.813,6.755,639,365,137.490,3.772,1.844,0.542,0.879
371,Image_14104__2 hour mark_with scale bar-1.tif (red)_after filling in ice crystals-1_after threshold adjustment.tif,213.150,61.521,0.708,23.073,497,405,37.694,12.565,1.748,0.572,0.925
372,Image_14104__2 hour mark_with scale bar-1.tif (red)_after filling in ice crystals-1_after threshold adjustment.tif,40.805,25.702,0.776,9.722,141,386,50.194,5.830,1.673,0.598,0.898
373,Image_14104__2 hour mark_with scale bar-1.tif (red)_after filling in ice crystals-1_after threshold adjustment.tif,34.779,23.011,0.825,8.299,492,381,36.870,6.429,1.091,0.917,0.908
374,Image_14104__2 hour mark_with scale bar-1.tif (red)_after filling in ice crystals-1_after threshold adjustment.tif,36.156,24.771,0.740,9.213,202,371,144.162,5.511,1.923,0.520,0.884
375,Image_14104__2 hour mark_with scale bar-1.tif (red)_after filling in ice crystals-1_after threshold adjustment.tif,136.189,46.726,0.784,16.582,274,370,121.701,10.666,1.542,0.648,0.909
376,Image_14104__2 hour mark_with scale bar-1.tif (red)_after filling in ice crystals-1_after threshold adjustment.tif,72.485,33.288,0.822,11.976,743,399,75.964,8.516,1.379,0.725,0.903
377,Image_14104__2 hour mark_with scale bar-1.tif (red)_after filling in ice crystals-1_after threshold adjustment.tif,60.949,29.851,0.860,10.307,652,374,130.101,8.454,1.130,0.885,0.927
378,Image_14104__2 hour mark_with scale bar-1.tif (red)_after filling in ice crystals-1_after threshold adjustment.tif,11.363,13.681,0.763,5.868,97,384,45.000,3.227,2.033,0.492,0.846
379,Image_14104__2 hour mark_with scale bar-1.tif (red)_after filling in ice crystals-1_after threshold adjustment.tif,76.789,38.552,0.649,14.090,161,392,13.627,8.861,1.723,0.580,0.830
380,Image_14104__2 hour mark_with scale bar-1.tif (red)_after filling in ice crystals-1_after threshold adjustment.tif,30.130,25.157,0.598,8.554,467,393,50.906,5.389,1.531,0.653,0.897
381,Image_14104__2 hour mark_with scale bar-1.tif (red)_after filling in ice crystals-1_after threshold adjustment.tif,75.928,34.302,0.811,13.180,121,376,118.179,8.475,1.543,0.648,0.914
382,Image_14104__2 hour mark_with scale bar-1.tif (red)_after filling in ice crystals-1_after threshold adjustment.tif,14.118,14.511,0.843,5.644,313,377,126.027,4.149,1.414,0.707,0.891
383,Image_14104__2 hour mark_with scale bar-1.tif (red)_after filling in ice crystals-1_after threshold adjustment.tif,18.767,16.271,0.891,5.897,707,388,39.289,4.979,1.185,0.844,0.890
384,Image_14104__2 hour mark_with scale bar-1.tif (red)_after filling in ice crystals-1_after threshold adjustment.tif,79.716,37.136,0.726,12.620,401,380,152.592,9.400,1.330,0.752,0.879
385,Image_14104__2 hour mark_with scale bar-1.tif (red)_after filling in ice crystals-1_after threshold adjustment.tif,20.833,17.000,0.906,5.984,105,389,33.690,4.979,1.101,0.908,0.931
386,Image_14104__2 hour mark_with scale bar-1.tif (red)_after filling in ice crystals-1_after threshold adjustment.tif,12.913,12.952,0.967,4.731,623,388,37.875,4.066,1.113,0.898,0.898
387,Image_14104__2 hour mark_with scale bar-1.tif (red)_after filling in ice crystals-1_after threshold adjustment.tif,67.147,35.476,0.670,12.620,548,388,170.538,7.443,1.959,0.510,0.847
388,Image_14104__2 hour mark_with scale bar-1.tif (red)_after filling in ice crystals-1_after threshold adjustment.tif,29.097,22.868,0.699,9.462,361,399,52.125,4.454,2.125,0.471,0.901
389,Image_14104__2 hour mark_with scale bar-1.tif (red)_after filling in ice crystals-1_after threshold adjustment.tif,55.440,30.539,0.747,10.603,376,400,30.579,8.072,1.287,0.777,0.858
390,Image_14104__2 hour mark_with scale bar-1.tif (red)_after filling in ice crystals-1_after threshold adjustment.tif,51.480,29.323,0.752,9.976,722,405,73.072,8.382,1.114,0.898,0.859
391,Image_14104__2 hour mark_with scale bar-1.tif (red)_after filling in ice crystals-1_after threshold adjustment.tif,25.137,19.792,0.806,7.718,323,383,126.254,4.949,1.501,0.666,0.874
392,Image_14104__2 hour mark_with scale bar-1.tif (red)_after filling in ice crystals-1_after threshold adjustment.tif,140.837,48.428,0.755,16.525,678,388,151.504,11.896,1.260,0.794,0.916
393,Image_14104__2 hour mark_with scale bar-1.tif (red)_after filling in ice crystals-1_after threshold adjustment.tif,13.946,14.125,0.878,5.132,41,393,14.036,4.149,1.162,0.861,0.880
394,Image_14104__2 hour mark_with scale bar-1.tif (red)_after filling in ice crystals-1_after threshold adjustment.tif,13.085,13.924,0.848,5.394,24,387,157.380,3.319,1.479,0.676,0.921
395,Image_14104__2 hour mark_with scale bar-1.tif (red)_after filling in ice crystals-1_after threshold adjustment.tif,69.213,32.643,0.816,11.692,195,412,62.526,9.096,1.154,0.867,0.924
396,Image_14104__2 hour mark_with scale bar-1.tif (red)_after filling in ice crystals-1_after threshold adjustment.tif,14.807,13.781,0.980,5.014,772,398,65.556,4.149,1.126,0.888,0.940
397,Image_14104__2 hour mark_with scale bar-1.tif (red)_after filling in ice crystals-1_after threshold adjustment.tif,18.422,16.958,0.805,7.066,588,401,40.236,4.083,1.901,0.526,0.884
398,Image_14104__2 hour mark_with scale bar-1.tif (red)_after filling in ice crystals-1_after threshold adjustment.tif,15.151,15.684,0.774,6.126,216,399,28.301,3.734,1.728,0.579,0.884
399,Image_14104__2 hour mark_with scale bar-1.tif (red)_after filling in ice crystals-1_after threshold adjustment.tif,29.614,21.695,0.791,8.350,618,391,116.565,5.491,1.600,0.625,0.878
400,Image_14104__2 hour mark_with scale bar-1.tif (red)_after filling in ice crystals-1_after threshold adjustment.tif,25.654,19.247,0.870,7.341,476,392,132.709,5.380,1.252,0.799,0.937
401,Image_14104__2 hour mark_with scale bar-1.tif (red)_after filling in ice crystals-1_after threshold adjustment.tif,19.800,16.858,0.876,6.334,633,405,58.392,4.964,1.381,0.724,0.888
402,Image_14104__2 hour mark_with scale bar-1.tif (red)_after filling in ice crystals-1_after threshold adjustment.tif,86.947,36.993,0.798,12.448,78,419,36.870,9.322,1.228,0.814,0.915
403,Image_14104__2 hour mark_with scale bar-1.tif (red)_after filling in ice crystals-1_after threshold adjustment.tif,89.874,37.295,0.812,12.970,642,405,172.648,9.656,1.254,0.797,0.899
404,Image_14104__2 hour mark_with scale bar-1.tif (red)_after filling in ice crystals-1_after threshold adjustment.tif,107.436,43.591,0.711,16.204,461,432,76.675,8.323,1.867,0.536,0.922
405,Image_14104__2 hour mark_with scale bar-1.tif (red)_after filling in ice crystals-1_after threshold adjustment.tif,54.579,29.080,0.811,10.579,103,401,154.440,7.213,1.416,0.706,0.895
406,Image_14104__2 hour mark_with scale bar-1.tif (red)_after filling in ice crystals-1_after threshold adjustment.tif,61.293,30.396,0.834,11.326,748,413,28.443,7.926,1.379,0.725,0.908
407,Image_14104__2 hour mark_with scale bar-1.tif (red)_after filling in ice crystals-1_after threshold adjustment.tif,39.083,27.504,0.649,11.173,10,398,148.671,5.117,2.486,0.402,0.882
408,Image_14104__2 hour mark_with scale bar-1.tif (red)_after filling in ice crystals-1_after threshold adjustment.tif,106.575,44.605,0.673,15.800,127,415,13.671,9.998,1.507,0.663,0.857
409,Image_14104__2 hour mark_with scale bar-1.tif (red)_after filling in ice crystals-1_after threshold adjustment.tif,34.435,23.698,0.771,8.057,419,398,124.509,6.605,1.278,0.782,0.858
410,Image_14104__2 hour mark_with scale bar-1.tif (red)_after filling in ice crystals-1_after threshold adjustment.tif,17.562,16.615,0.799,7.139,440,398,125.538,4.068,1.900,0.526,0.883
411,Image_14104__2 hour mark_with scale bar-1.tif (red)_after filling in ice crystals-1_after threshold adjustment.tif,11.708,15.642,0.601,6.495,610,412,63.435,2.894,2.780,0.360,0.751
412,Image_14104__2 hour mark_with scale bar-1.tif (red)_after filling in ice crystals-1_after threshold adjustment.tif,11.363,12.851,0.865,4.857,575,404,19.983,3.319,1.449,0.690,0.892
413,Image_14104__2 hour mark_with scale bar-1.tif (red)_after filling in ice crystals-1_after threshold adjustment.tif,99.344,39.827,0.787,14.260,242,412,171.634,9.213,1.497,0.668,0.922
414,Image_14104__2 hour mark_with scale bar-1.tif (red)_after filling in ice crystals-1_after threshold adjustment.tif,54.062,32.257,0.653,11.394,196,416,10.491,7.053,1.817,0.550,0.800
415,Image_14104__2 hour mark_with scale bar-1.tif (red)_after filling in ice crystals-1_after threshold adjustment.tif,22.555,22.768,0.547,9.863,549,412,22.249,3.861,2.968,0.337,0.789
416,Image_14104__2 hour mark_with scale bar-1.tif (red)_after filling in ice crystals-1_after threshold adjustment.tif,15.840,14.611,0.932,5.410,325,412,32.471,4.373,1.218,0.821,0.920
417,Image_14104__2 hour mark_with scale bar-1.tif (red)_after filling in ice crystals-1_after threshold adjustment.tif,21.349,19.205,0.727,7.480,734,402,123.690,4.232,1.990,0.503,0.832
418,Image_14104__2 hour mark_with scale bar-1.tif (red)_after filling in ice crystals-1_after threshold adjustment.tif,29.958,22.667,0.733,9.062,384,426,74.055,4.564,2.172,0.460,0.895
419,Image_14104__2 hour mark_with scale bar-1.tif (red)_after filling in ice crystals-1_after threshold adjustment.tif,24.104,20.177,0.744,7.480,779,416,19.440,4.564,1.650,0.606,0.903
420,Image_14104__2 hour mark_with scale bar-1.tif (red)_after filling in ice crystals-1_after threshold adjustment.tif,56.817,29.223,0.836,10.265,595,406,104.036,7.737,1.321,0.757,0.908
421,Image_14104__2 hour mark_with scale bar-1.tif (red)_after filling in ice crystals-1_after threshold adjustment.tif,45.281,28.049,0.723,11.626,715,406,124.824,5.753,2.135,0.468,0.896
422,Image_14104__2 hour mark_with scale bar-1.tif (red)_after filling in ice crystals-1_after threshold adjustment.tif,23.932,18.861,0.845,7.139,349,408,144.462,4.986,1.414,0.707,0.906
423,Image_14104__2 hour mark_with scale bar-1.tif (red)_after filling in ice crystals-1_after threshold adjustment.tif,33.401,26.188,0.612,10.045,567,408,141.710,5.434,2.184,0.458,0.815
424,Image_14104__2 hour mark_with scale bar-1.tif (red)_after filling in ice crystals-1_after threshold adjustment.tif,69.213,32.115,0.843,11.559,55,436,68.962,7.597,1.495,0.669,0.933
425,Image_14104__2 hour mark_with scale bar-1.tif (red)_after filling in ice crystals-1_after threshold adjustment.tif,30.130,22.868,0.724,7.629,364,411,112.380,6.298,1.070,0.935,0.858
426,Image_14104__2 hour mark_with scale bar-1.tif (red)_after filling in ice crystals-1_after threshold adjustment.tif,30.991,24.830,0.632,9.278,549,431,63.435,5.260,2.162,0.463,0.776
427,Image_14104__2 hour mark_with scale bar-1.tif (red)_after filling in ice crystals-1_after threshold adjustment.tif,51.652,27.907,0.833,9.863,176,434,67.751,7.424,1.250,0.800,0.901
428,Image_14104__2 hour mark_with scale bar-1.tif (red)_after filling in ice crystals-1_after threshold adjustment.tif,40.116,24.386,0.848,8.544,403,412,119.055,6.888,1.181,0.847,0.910
429,Image_14104__2 hour mark_with scale bar-1.tif (red)_after filling in ice crystals-1_after threshold adjustment.tif,53.029,33.615,0.590,13.239,698,442,57.804,5.376,2.850,0.351,0.856
430,Image_14104__2 hour mark_with scale bar-1.tif (red)_after filling in ice crystals-1_after threshold adjustment.tif,12.052,12.851,0.917,4.731,329,425,37.875,3.734,1.159,0.863,0.903
431,Image_14104__2 hour mark_with scale bar-1.tif (red)_after filling in ice crystals-1_after threshold adjustment.tif,12.569,13.538,0.862,5.014,112,417,114.444,4.108,1.186,0.843,0.869
432,Image_14104__2 hour mark_with scale bar-1.tif (red)_after filling in ice crystals-1_after threshold adjustment.tif,25.309,19.691,0.820,7.480,229,418,146.310,5.723,1.314,0.761,0.888
433,Image_14104__2 hour mark_with scale bar-1.tif (red)_after filling in ice crystals-1_after threshold adjustment.tif,41.494,25.802,0.783,9.722,610,419,140.194,5.381,1.849,0.541,0.909
434,Image_14104__2 hour mark_with scale bar-1.tif (red)_after filling in ice crystals-1_after threshold adjustment.tif,37.017,23.497,0.843,8.236,745,432,40.914,6.639,1.054,0.949,0.925
435,Image_14104__2 hour mark_with scale bar-1.tif (red)_after filling in ice crystals-1_after threshold adjustment.tif,10.330,12.021,0.898,4.639,17,430,63.435,3.319,1.275,0.784,0.882
436,Image_14104__2 hour mark_with scale bar-1.tif (red)_after filling in ice crystals-1_after threshold adjustment.tif,22.382,19.347,0.751,7.423,215,423,153.435,4.564,1.655,0.604,0.872
437,Image_14104__2 hour mark_with scale bar-1.tif (red)_after filling in ice crystals-1_after threshold adjustment.tif,16.184,16.757,0.724,7.139,504,435,54.462,3.814,2.028,0.493,0.887
438,Image_14104__2 hour mark_with scale bar-1.tif (red)_after filling in ice crystals-1_after threshold adjustment.tif,18.078,16.715,0.813,6.042,786,421,105.945,4.825,1.288,0.776,0.840
439,Image_14104__2 hour mark_with scale bar-1.tif (red)_after filling in ice crystals-1_after threshold adjustment.tif,19.456,17.545,0.794,6.495,119,424,153.435,4.629,1.382,0.724,0.859
440,Image_14104__2 hour mark_with scale bar-1.tif (red)_after filling in ice crystals-1_after threshold adjustment.tif,34.435,25.358,0.673,8.554,157,440,50.906,6.639,1.197,0.836,0.847
441,Image_14104__2 hour mark_with scale bar-1.tif (red)_after filling in ice crystals-1_after threshold adjustment.tif,20.144,17.788,0.800,6.805,558,436,52.431,4.450,1.694,0.590,0.886
442,Image_14104__2 hour mark_with scale bar-1.tif (red)_after filling in ice crystals-1_after threshold adjustment.tif,13.257,14.024,0.847,5.014,664,423,114.444,4.149,1.240,0.806,0.856
443,Image_14104__2 hour mark_with scale bar-1.tif (red)_after filling in ice crystals-1_after threshold adjustment.tif,20.833,18.719,0.747,7.971,92,426,141.340,3.913,2.260,0.443,0.874
444,Image_14104__2 hour mark_with scale bar-1.tif (red)_after filling in ice crystals-1_after threshold adjustment.tif,25.137,18.962,0.879,6.561,419,425,108.435,5.809,1.055,0.948,0.885
445,Image_14104__2 hour mark_with scale bar-1.tif (red)_after filling in ice crystals-1_after threshold adjustment.tif,49.069,30.438,0.666,11.947,265,426,159.677,6.081,1.993,0.502,0.884
446,Image_14104__2 hour mark_with scale bar-1.tif (red)_after filling in ice crystals-1_after threshold adjustment.tif,49.069,28.250,0.773,10.027,639,426,114.444,6.921,1.254,0.797,0.882
447,Image_14104__2 hour mark_with scale bar-1.tif (red)_after filling in ice crystals-1_after threshold adjustment.tif,10.158,12.264,0.849,5.014,359,434,24.444,2.905,1.503,0.665,0.901
448,Image_14104__2 hour mark_with scale bar-1.tif (red)_after filling in ice crystals-1_after threshold adjustment.tif,54.751,29.466,0.792,10.628,444,427,128.660,6.825,1.515,0.660,0.910
449,Image_14104__2 hour mark_with scale bar-1.tif (red)_after filling in ice crystals-1_after threshold adjustment.tif,18.078,15.927,0.896,6.168,383,432,160.346,3.734,1.657,0.603,0.938
450,Image_14104__2 hour mark_with scale bar-1.tif (red)_after filling in ice crystals-1_after threshold adjustment.tif,162.703,52.435,0.744,19.042,33,475,78.690,12.062,1.568,0.638,0.926
451,Image_14104__2 hour mark_with scale bar-1.tif (red)_after filling in ice crystals-1_after threshold adjustment.tif,24.104,18.031,0.932,6.691,324,430,119.745,5.394,1.185,0.844,0.924
452,Image_14104__2 hour mark_with scale bar-1.tif (red)_after filling in ice crystals-1_after threshold adjustment.tif,21.522,18.375,0.801,7.066,589,444,49.764,4.896,1.494,0.669,0.887
453,Image_14104__2 hour mark_with scale bar-1.tif (red)_after filling in ice crystals-1_after threshold adjustment.tif,24.449,18.861,0.864,7.423,718,439,26.565,4.707,1.625,0.615,0.913
454,Image_14104__2 hour mark_with scale bar-1.tif (red)_after filling in ice crystals-1_after threshold adjustment.tif,14.807,15.441,0.780,5.567,294,443,63.435,4.149,1.230,0.813,0.856
455,Image_14104__2 hour mark_with scale bar-1.tif (red)_after filling in ice crystals-1_after threshold adjustment.tif,100.204,49.459,0.515,18.077,334,442,148.134,10.988,1.736,0.576,0.780
456,Image_14104__2 hour mark_with scale bar-1.tif (red)_after filling in ice crystals-1_after threshold adjustment.tif,92.629,38.552,0.783,13.362,501,453,36.158,9.552,1.404,0.712,0.897
457,Image_14104__2 hour mark_with scale bar-1.tif (red)_after filling in ice crystals-1_after threshold adjustment.tif,48.725,27.907,0.786,9.766,133,432,102.265,7.830,1.196,0.836,0.875
458,Image_14104__2 hour mark_with scale bar-1.tif (red)_after filling in ice crystals-1_after threshold adjustment.tif,18.078,15.584,0.935,5.779,226,435,158.962,3.734,1.400,0.714,0.959
459,Image_14104__2 hour mark_with scale bar-1.tif (red)_after filling in ice crystals-1_after threshold adjustment.tif,11.019,12.264,0.921,4.639,190,440,26.565,3.319,1.355,0.738,0.901
460,Image_14104__2 hour mark_with scale bar-1.tif (red)_after filling in ice crystals-1_after threshold adjustment.tif,22.210,19.306,0.749,7.423,532,450,63.435,4.645,1.738,0.575,0.827
461,Image_14104__2 hour mark_with scale bar-1.tif (red)_after filling in ice crystals-1_after threshold adjustment.tif,20.144,18.274,0.758,6.755,657,437,132.510,4.896,1.358,0.736,0.857
462,Image_14104__2 hour mark_with scale bar-1.tif (red)_after filling in ice crystals-1_after threshold adjustment.tif,87.119,38.025,0.757,14.717,367,436,111.501,8.286,1.875,0.533,0.908
463,Image_14104__2 hour mark_with scale bar-1.tif (red)_after filling in ice crystals-1_after threshold adjustment.tif,33.057,23.354,0.762,7.971,109,437,141.340,5.809,1.193,0.838,0.899
464,Image_14104__2 hour mark_with scale bar-1.tif (red)_after filling in ice crystals-1_after threshold adjustment.tif,77.478,35.375,0.778,12.204,696,459,35.311,9.958,1.204,0.830,0.905
465,Image_14104__2 hour mark_with scale bar-1.tif (red)_after filling in ice crystals-1_after threshold adjustment.tif,67.147,31.754,0.837,10.820,67,458,32.471,8.927,1.132,0.884,0.929
466,Image_14104__2 hour mark_with scale bar-1.tif (red)_after filling in ice crystals-1_after threshold adjustment.tif,49.758,28.837,0.752,11.867,404,459,36.469,5.851,2.058,0.486,0.906
467,Image_14104__2 hour mark_with scale bar-1.tif (red)_after filling in ice crystals-1_after threshold adjustment.tif,66.975,33.431,0.753,11.882,599,442,114.775,7.351,1.633,0.612,0.892
468,Image_14104__2 hour mark_with scale bar-1.tif (red)_after filling in ice crystals-1_after threshold adjustment.tif,40.805,25.903,0.764,9.325,633,440,122.276,5.895,1.559,0.641,0.883
469,Image_14104__2 hour mark_with scale bar-1.tif (red)_after filling in ice crystals-1_after threshold adjustment.tif,105.714,43.934,0.688,15.941,197,442,128.660,9.362,1.719,0.582,0.892
470,Image_14104__2 hour mark_with scale bar-1.tif (red)_after filling in ice crystals-1_after threshold adjustment.tif,46.487,28.150,0.737,10.407,276,464,66.501,6.842,1.637,0.611,0.864
471,Image_14104__2 hour mark_with scale bar-1.tif (red)_after filling in ice crystals-1_after threshold adjustment.tif,71.107,35.476,0.710,12.483,313,469,68.552,7.835,1.647,0.607,0.895
472,Image_14104__2 hour mark_with scale bar-1.tif (red)_after filling in ice crystals-1_after threshold adjustment.tif,121.382,48.185,0.657,17.179,540,473,37.147,9.344,1.971,0.507,0.882
473,Image_14104__2 hour mark_with scale bar-1.tif (red)_after filling in ice crystals-1_after threshold adjustment.tif,119.660,43.407,0.798,15.217,759,478,78.996,10.628,1.392,0.718,0.913
474,Image_14104__2 hour mark_with scale bar-1.tif (red)_after filling in ice crystals-1_after threshold adjustment.tif,221.242,63.584,0.688,23.937,429,447,123.690,12.544,1.964,0.509,0.914
475,Image_14104__2 hour mark_with scale bar-1.tif (red)_after filling in ice crystals-1_after threshold adjustment.tif,34.090,25.802,0.643,9.100,577,446,155.772,6.415,1.721,0.581,0.772
476,Image_14104__2 hour mark_with scale bar-1.tif (red)_after filling in ice crystals-1_after threshold adjustment.tif,39.772,26.247,0.725,9.580,167,444,107.650,6.040,1.455,0.687,0.845
477,Image_14104__2 hour mark_with scale bar-1.tif (red)_after filling in ice crystals-1_after threshold adjustment.tif,31.335,21.351,0.864,8.057,15,448,124.509,6.073,1.267,0.789,0.912
478,Image_14104__2 hour mark_with scale bar-1.tif (red)_after filling in ice crystals-1_after threshold adjustment.tif,43.388,25.257,0.855,9.138,97,450,129.472,6.541,1.268,0.788,0.928
479,Image_14104__2 hour mark_with scale bar-1.tif (red)_after filling in ice crystals-1_after threshold adjustment.tif,53.201,29.792,0.753,11.211,470,453,141.009,6.415,1.602,0.624,0.906
480,Image_14104__2 hour mark_with scale bar-1.tif (red)_after filling in ice crystals-1_after threshold adjustment.tif,14.979,15.483,0.785,5.984,722,467,56.310,3.734,1.477,0.677,0.906
481,Image_14104__2 hour mark_with scale bar-1.tif (red)_after filling in ice crystals-1_after threshold adjustment.tif,32.024,23.212,0.747,8.299,179,469,36.870,6.142,1.396,0.716,0.855
482,Image_14104__2 hour mark_with scale bar-1.tif (red)_after filling in ice crystals-1_after threshold adjustment.tif,25.309,18.962,0.885,7.054,143,458,118.072,5.479,1.189,0.841,0.907
483,Image_14104__2 hour mark_with scale bar-1.tif (red)_after filling in ice crystals-1_after threshold adjustment.tif,17.906,15.642,0.920,5.984,287,468,33.690,4.108,1.417,0.706,0.904
484,Image_14104__2 hour mark_with scale bar-1.tif (red)_after filling in ice crystals-1_after threshold adjustment.tif,46.487,26.917,0.806,9.993,663,477,41.634,6.637,1.363,0.734,0.914
485,Image_14104__2 hour mark_with scale bar-1.tif (red)_after filling in ice crystals-1_after threshold adjustment.tif,27.720,19.591,0.908,6.755,779,462,137.490,5.394,1.077,0.928,0.928
486,Image_14104__2 hour mark_with scale bar-1.tif (red)_after filling in ice crystals-1_after threshold adjustment.tif,27.031,20.278,0.826,7.139,511,461,125.538,5.503,1.292,0.774,0.890
487,Image_14104__2 hour mark_with scale bar-1.tif (red)_after filling in ice crystals-1_after threshold adjustment.tif,84.365,37.379,0.759,13.362,309,481,25.769,10.506,1.240,0.807,0.900
488,Image_14104__2 hour mark_with scale bar-1.tif (red)_after filling in ice crystals-1_after threshold adjustment.tif,14.118,14.167,0.884,5.065,5,463,124.992,4.126,1.056,0.947,0.921
489,Image_14104__2 hour mark_with scale bar-1.tif (red)_after filling in ice crystals-1_after threshold adjustment.tif,24.965,19.205,0.851,7.480,196,463,123.690,4.988,1.475,0.678,0.915
490,Image_14104__2 hour mark_with scale bar-1.tif (red)_after filling in ice crystals-1_after threshold adjustment.tif,63.876,37.521,0.570,12.963,253,490,50.194,8.603,1.644,0.608,0.811
491,Image_14104__2 hour mark_with scale bar-1.tif (red)_after filling in ice crystals-1_after threshold adjustment.tif,19.628,17.143,0.839,6.168,575,463,132.274,4.564,1.055,0.948,0.966
492,Image_14104__2 hour mark_with scale bar-1.tif (red)_after filling in ice crystals-1_after threshold adjustment.tif,41.149,24.972,0.829,9.407,43,468,138.576,6.158,1.537,0.651,0.910
493,Image_14104__2 hour mark_with scale bar-1.tif (red)_after filling in ice crystals-1_after threshold adjustment.tif,23.243,22.281,0.588,8.880,689,482,52.595,4.873,1.972,0.507,0.783
494,Image_14104__2 hour mark_with scale bar-1.tif (red)_after filling in ice crystals-1_after threshold adjustment.tif,38.567,23.799,0.856,9.185,92,478,18.435,6.224,1.449,0.690,0.914
495,Image_14104__2 hour mark_with scale bar-1.tif (red)_after filling in ice crystals-1_after threshold adjustment.tif,18.422,16.514,0.849,6.805,122,480,52.431,4.401,1.629,0.614,0.926
496,Image_14104__2 hour mark_with scale bar-1.tif (red)_after filling in ice crystals-1_after threshold adjustment.tif,10.675,11.434,1.000,4.272,229,469,150.945,3.319,1.124,0.889,0.932
497,Image_14104__2 hour mark_with scale bar-1.tif (red)_after filling in ice crystals-1_after threshold adjustment.tif,30.302,22.240,0.770,8.184,645,468,120.466,4.965,1.718,0.582,0.863
498,Image_14104__2 hour mark_with scale bar-1.tif (red)_after filling in ice crystals-1_after threshold adjustment.tif,21.866,17.202,0.929,6.495,717,469,153.435,4.979,1.245,0.803,0.910
499,Image_14104__2 hour mark_with scale bar-1.tif (red)_after filling in ice crystals-1_after threshold adjustment.tif,17.389,16.372,0.815,5.764,173,481,30.256,4.603,1.125,0.889,0.863
500,Image_14104__2 hour mark_with scale bar-1.tif (red)_after filling in ice crystals-1_after threshold adjustment.tif,135.328,48.813,0.714,18.091,406,471,126.607,10.336,1.730,0.578,0.898
501,Image_14104__2 hour mark_with scale bar-1.tif (red)_after filling in ice crystals-1_after threshold adjustment.tif,11.363,13.438,0.791,5.065,133,479,34.992,3.477,1.512,0.661,0.880
502,Image_14104__2 hour mark_with scale bar-1.tif (red)_after filling in ice crystals-1_after threshold adjustment.tif,61.810,32.341,0.743,12.558,25,503,82.405,6.639,1.961,0.510,0.931
503,Image_14104__2 hour mark_with scale bar-1.tif (red)_after filling in ice crystals-1_after threshold adjustment.tif,45.626,35.115,0.465,14.617,767,508,83.480,4.254,4.123,0.243,0.862
504,Image_14104__2 hour mark_with scale bar-1.tif (red)_after filling in ice crystals-1_after threshold adjustment.tif,17.389,15.441,0.917,5.941,287,476,155.225,4.149,1.270,0.787,0.906
505,Image_14104__2 hour mark_with scale bar-1.tif (red)_after filling in ice crystals-1_after threshold adjustment.tif,116.217,43.289,0.779,14.735,614,503,32.347,12.020,1.075,0.931,0.916
506,Image_14104__2 hour mark_with scale bar-1.tif (red)_after filling in ice crystals-1_after threshold adjustment.tif,23.760,19.691,0.770,6.495,273,485,26.565,5.806,1.163,0.860,0.849
507,Image_14104__2 hour mark_with scale bar-1.tif (red)_after filling in ice crystals-1_after threshold adjustment.tif,90.046,42.577,0.624,16.788,331,507,39.987,6.748,2.737,0.365,0.888
508,Image_14104__2 hour mark_with scale bar-1.tif (red)_after filling in ice crystals-1_after threshold adjustment.tif,15.840,15.441,0.835,6.224,70,490,53.130,3.913,1.684,0.594,0.902
509,Image_14104__2 hour mark_with scale bar-1.tif (red)_after filling in ice crystals-1_after threshold adjustment.tif,105.370,40.983,0.788,14.041,562,478,124.160,10.788,1.137,0.879,0.914
510,Image_14104__2 hour mark_with scale bar-1.tif (red)_after filling in ice crystals-1_after threshold adjustment.tif,16.529,15.684,0.844,5.941,467,493,65.225,4.149,1.387,0.721,0.919
511,Image_14104__2 hour mark_with scale bar-1.tif (red)_after filling in ice crystals-1_after threshold adjustment.tif,23.071,18.719,0.827,6.442,128,492,14.931,5.366,1.228,0.814,0.845
512,Image_14104__2 hour mark_with scale bar-1.tif (red)_after filling in ice crystals-1_after threshold adjustment.tif,52.513,28.393,0.819,10.307,201,500,40.101,7.303,1.358,0.736,0.906
513,Image_14104__2 hour mark_with scale bar-1.tif (red)_after filling in ice crystals-1_after threshold adjustment.tif,34.090,27.018,0.587,10.407,226,506,66.501,5.666,2.262,0.442,0.795
514,Image_14104__2 hour mark_with scale bar-1.tif (red)_after filling in ice crystals-1_after threshold adjustment.tif,50.791,32.542,0.603,10.892,498,503,49.635,7.921,1.269,0.788,0.838
515,Image_14104__2 hour mark_with scale bar-1.tif (red)_after filling in ice crystals-1_after threshold adjustment.tif,51.307,28.091,0.817,10.248,723,483,111.371,7.054,1.468,0.681,0.909
516,Image_14104__2 hour mark_with scale bar-1.tif (red)_after filling in ice crystals-1_after threshold adjustment.tif,74.034,37.539,0.660,12.782,747,513,76.866,7.595,1.601,0.625,0.893
517,Image_14104__2 hour mark_with scale bar-1.tif (red)_after filling in ice crystals-1_after threshold adjustment.tif,26.859,20.764,0.783,8.057,650,484,101.889,4.564,1.624,0.616,0.894
518,Image_14104__2 hour mark_with scale bar-1.tif (red)_after filling in ice crystals-1_after threshold adjustment.tif,13.257,13.094,0.972,4.839,80,486,120.964,3.734,1.105,0.905,0.933
519,Image_14104__2 hour mark_with scale bar-1.tif (red)_after filling in ice crystals-1_after threshold adjustment.tif,48.381,27.563,0.800,9.480,103,501,23.199,7.794,1.049,0.954,0.886
520,Image_14104__2 hour mark_with scale bar-1.tif (red)_after filling in ice crystals-1_after threshold adjustment.tif,46.314,28.594,0.712,10.473,587,505,33.690,6.286,1.930,0.518,0.869
521,Image_14104__2 hour mark_with scale bar-1.tif (red)_after filling in ice crystals-1_after threshold adjustment.tif,12.913,14.511,0.771,6.126,677,495,28.301,3.280,1.996,0.501,0.882
522,Image_14104__2 hour mark_with scale bar-1.tif (red)_after filling in ice crystals-1_after threshold adjustment.tif,10.503,11.920,0.929,4.488,708,487,146.310,3.319,1.131,0.884,0.931
523,Image_14104__2 hour mark_with scale bar-1.tif (red)_after filling in ice crystals-1_after threshold adjustment.tif,16.184,15.684,0.827,5.779,518,495,21.038,4.149,1.382,0.724,0.883
524,Image_14104__2 hour mark_with scale bar-1.tif (red)_after filling in ice crystals-1_after threshold adjustment.tif,51.135,28.636,0.784,10.373,289,489,126.870,6.680,1.538,0.650,0.907
525,Image_14104__2 hour mark_with scale bar-1.tif (red)_after filling in ice crystals-1_after threshold adjustment.tif,14.635,15.441,0.771,6.320,476,491,156.801,3.543,1.906,0.525,0.863
526,Image_14104__2 hour mark_with scale bar-1.tif (red)_after filling in ice crystals-1_after threshold adjustment.tif,51.307,29.466,0.743,10.265,165,503,14.036,6.839,1.337,0.748,0.878
527,Image_14104__2 hour mark_with scale bar-1.tif (red)_after filling in ice crystals-1_after threshold adjustment.tif,16.012,16.958,0.700,6.805,190,500,37.569,4.108,1.760,0.568,0.809
528,Image_14104__2 hour mark_with scale bar-1.tif (red)_after filling in ice crystals-1_after threshold adjustment.tif,21.866,18.031,0.845,6.956,37,500,17.354,4.564,1.399,0.715,0.894
529,Image_14104__2 hour mark_with scale bar-1.tif (red)_after filling in ice crystals-1_after threshold adjustment.tif,63.532,30.681,0.848,10.820,385,491,122.471,8.426,1.079,0.927,0.927
530,Image_14104__2 hour mark_with scale bar-1.tif (red)_after filling in ice crystals-1_after threshold adjustment.tif,69.213,34.848,0.716,13.407,270,522,68.199,7.543,1.972,0.507,0.888
531,Image_14104__2 hour mark_with scale bar-1.tif (red)_after filling in ice crystals-1_after threshold adjustment.tif,126.891,46.625,0.733,16.727,57,513,7.125,11.808,1.407,0.711,0.902
532,Image_14104__2 hour mark_with scale bar-1.tif (red)_after filling in ice crystals-1_after threshold adjustment.tif,10.847,12.507,0.871,5.014,131,504,24.444,2.905,1.625,0.616,0.920
533,Image_14104__2 hour mark_with scale bar-1.tif (red)_after filling in ice crystals-1_after threshold adjustment.tif,24.965,19.205,0.851,7.090,667,497,159.444,5.340,1.336,0.748,0.909
534,Image_14104__2 hour mark_with scale bar-1.tif (red)_after filling in ice crystals-1_after threshold adjustment.tif,16.356,15.240,0.885,5.582,252,508,41.987,4.149,1.171,0.854,0.941
535,Image_14104__2 hour mark_with scale bar-1.tif (red)_after filling in ice crystals-1_after threshold adjustment.tif,104.509,47.254,0.588,16.441,459,520,10.176,10.886,1.315,0.760,0.829
536,Image_14104__2 hour mark_with scale bar-1.tif (red)_after filling in ice crystals-1_after threshold adjustment.tif,98.655,41.931,0.705,15.537,177,529,34.114,8.895,1.779,0.562,0.903
537,Image_14104__2 hour mark_with scale bar-1.tif (red)_after filling in ice crystals-1_after threshold adjustment.tif,16.701,15.785,0.842,6.224,411,505,126.870,3.953,1.670,0.599,0.890
538,Image_14104__2 hour mark_with scale bar-1.tif (red)_after filling in ice crystals-1_after threshold adjustment.tif,45.970,27.747,0.750,10.307,503,505,139.899,5.935,1.697,0.589,0.893
539,Image_14104__2 hour mark_with scale bar-1.tif (red)_after filling in ice crystals-1_after threshold adjustment.tif,252.405,77.608,0.527,31.131,603,514,158.908,10.502,3.264,0.306,0.885
540,Image_14104__2 hour mark_with scale bar-1.tif (red)_after filling in ice crystals-1_after threshold adjustment.tif,34.090,22.726,0.829,8.014,718,524,68.749,6.495,1.107,0.904,0.892
541,Image_14104__2 hour mark_with scale bar-1.tif (red)_after filling in ice crystals-1_after threshold adjustment.tif,11.536,12.608,0.912,4.639,220,517,63.435,3.711,1.218,0.821,0.893
542,Image_14104__2 hour mark_with scale bar-1.tif (red)_after filling in ice crystals-1_after threshold adjustment.tif,168.729,59.435,0.600,20.718,345,520,147.265,11.314,1.804,0.554,0.873
543,Image_14104__2 hour mark_with scale bar-1.tif (red)_after filling in ice crystals-1_after threshold adjustment.tif,43.732,28.979,0.654,11.025,319,516,160.201,6.175,2.110,0.474,0.814
544,Image_14104__2 hour mark_with scale bar-1.tif (red)_after filling in ice crystals-1_after threshold adjustment.tif,13.946,13.438,0.971,5.199,447,511,151.390,3.734,1.330,0.752,0.942
545,Image_14104__2 hour mark_with scale bar-1.tif (red)_after filling in ice crystals-1_after threshold adjustment.tif,33.057,21.452,0.903,7.480,671,525,33.690,6.114,1.201,0.832,0.923
546,Image_14104__2 hour mark_with scale bar-1.tif (red)_after filling in ice crystals-1_after threshold adjustment.tif,24.621,18.962,0.860,7.066,299,513,130.236,5.281,1.395,0.717,0.885
547,Image_14104__2 hour mark_with scale bar-1.tif (red)_after filling in ice crystals-1_after threshold adjustment.tif,11.191,12.264,0.935,4.857,538,514,160.017,2.905,1.562,0.640,0.929
548,Image_14104__2 hour mark_with scale bar-1.tif (red)_after filling in ice crystals-1_after threshold adjustment.tif,104.164,40.858,0.784,15.195,243,513,124.992,8.907,1.728,0.579,0.931
549,Image_14104__2 hour mark_with scale bar-1.tif (red)_after filling in ice crystals-1_after threshold adjustment.tif,142.559,45.695,0.858,15.353,681,540,18.925,12.747,1.065,0.939,0.934
550,Image_14104__2 hour mark_with scale bar-1.tif (red)_after filling in ice crystals-1_after threshold adjustment.tif,13.774,14.511,0.822,5.567,552,517,153.435,3.319,1.735,0.576,0.889
551,Image_14104__2 hour mark_with scale bar-1.tif (red)_after filling in ice crystals-1_after threshold adjustment.tif,14.635,14.125,0.922,5.014,104,528,65.556,4.398,1.045,0.957,0.890
552,Image_14104__2 hour mark_with scale bar-1.tif (red)_after filling in ice crystals-1_after threshold adjustment.tif,24.621,18.761,0.879,6.691,25,528,29.745,4.979,1.283,0.780,0.914
553,Image_14104__2 hour mark_with scale bar-1.tif (red)_after filling in ice crystals-1_after threshold adjustment.tif,81.610,35.191,0.828,11.947,220,518,110.323,9.526,1.085,0.922,0.910
554,Image_14104__2 hour mark_with scale bar-1.tif (red)_after filling in ice crystals-1_after threshold adjustment.tif,17.045,18.274,0.641,7.629,78,532,45.000,3.712,2.273,0.440,0.846
555,Image_14104__2 hour mark_with scale bar-1.tif (red)_after filling in ice crystals-1_after threshold adjustment.tif,103.820,41.712,0.750,14.735,735,519,147.653,9.394,1.566,0.638,0.914
556,Image_14104__2 hour mark_with scale bar-1.tif (red)_after filling in ice crystals-1_after threshold adjustment.tif,19.283,17.931,0.754,6.956,58,536,72.646,4.149,1.608,0.622,0.875
557,Image_14104__2 hour mark_with scale bar-1.tif (red)_after filling in ice crystals-1_after threshold adjustment.tif,54.234,32.257,0.655,11.529,152,525,149.744,7.428,1.776,0.563,0.839
558,Image_14104__2 hour mark_with scale bar-1.tif (red)_after filling in ice crystals-1_after threshold adjustment.tif,23.243,19.549,0.764,6.956,390,528,162.646,5.041,1.406,0.711,0.823
559,Image_14104__2 hour mark_with scale bar-1.tif (red)_after filling in ice crystals-1_after threshold adjustment.tif,28.408,21.108,0.801,7.388,442,537,51.843,5.809,1.223,0.818,0.899
560,Image_14104__2 hour mark_with scale bar-1.tif (red)_after filling in ice crystals-1_after threshold adjustment.tif,61.121,40.740,0.463,15.882,494,525,160.145,5.048,3.610,0.277,0.849
561,Image_14104__2 hour mark_with scale bar-1.tif (red)_after filling in ice crystals-1_after threshold adjustment.tif,25.826,21.066,0.731,7.388,39,539,51.843,5.277,1.252,0.799,0.838
562,Image_14104__2 hour mark_with scale bar-1.tif (red)_after filling in ice crystals-1_after threshold adjustment.tif,50.791,27.948,0.817,9.407,539,527,138.576,8.190,1.159,0.863,0.897
563,Image_14104__2 hour mark_with scale bar-1.tif (red)_after filling in ice crystals-1_after threshold adjustment.tif,42.354,30.539,0.571,10.820,112,544,32.471,6.805,1.685,0.593,0.745
564,Image_14104__2 hour mark_with scale bar-1.tif (red)_after filling in ice crystals-1_after threshold adjustment.tif,97.622,41.671,0.706,14.670,275,555,45.000,9.915,1.486,0.673,0.882
565,Image_14104__2 hour mark_with scale bar-1.tif (red)_after filling in ice crystals-1_after threshold adjustment.tif,86.947,37.723,0.768,13.187,559,549,24.146,10.577,1.139,0.878,0.897
566,Image_14104__2 hour mark_with scale bar-1.tif (red)_after filling in ice crystals-1_after threshold adjustment.tif,101.238,42.862,0.692,17.108,463,535,157.166,8.112,2.367,0.422,0.899
567,Image_14104__2 hour mark_with scale bar-1.tif (red)_after filling in ice crystals-1_after threshold adjustment.tif,38.567,24.285,0.822,9.462,93,552,37.875,6.455,1.468,0.681,0.905
568,Image_14104__2 hour mark_with scale bar-1.tif (red)_after filling in ice crystals-1_after threshold adjustment.tif,25.998,19.406,0.867,7.163,50,544,10.008,5.353,1.238,0.808,0.893
569,Image_14104__2 hour mark_with scale bar-1.tif (red)_after filling in ice crystals-1_after threshold adjustment.tif,113.117,44.705,0.711,16.028,294,549,158.749,9.841,1.802,0.555,0.880
570,Image_14104__2 hour mark_with scale bar-1.tif (red)_after filling in ice crystals-1_after threshold adjustment.tif,39.772,24.729,0.817,8.880,599,537,142.595,6.214,1.382,0.724,0.913
571,Image_14104__2 hour mark_with scale bar-1.tif (red)_after filling in ice crystals-1_after threshold adjustment.tif,31.508,25.459,0.611,9.100,337,557,43.152,5.434,1.575,0.635,0.821
572,Image_14104__2 hour mark_with scale bar-1.tif (red)_after filling in ice crystals-1_after threshold adjustment.tif,34.090,22.625,0.837,7.927,409,555,42.879,5.753,1.380,0.725,0.896
573,Image_14104__2 hour mark_with scale bar-1.tif (red)_after filling in ice crystals-1_after threshold adjustment.tif,13.257,14.611,0.780,5.897,188,553,50.711,3.378,1.766,0.566,0.846
574,Image_14104__2 hour mark_with scale bar-1.tif (red)_after filling in ice crystals-1_after threshold adjustment.tif,24.965,19.792,0.801,7.090,170,542,110.556,5.585,1.193,0.838,0.853
575,Image_14104__2 hour mark_with scale bar-1.tif (red)_after filling in ice crystals-1_after threshold adjustment.tif,14.118,14.611,0.831,5.199,150,549,28.610,4.359,1.163,0.860,0.891
576,Image_14104__2 hour mark_with scale bar-1.tif (red)_after filling in ice crystals-1_after threshold adjustment.tif,10.330,13.438,0.719,4.839,354,543,120.964,3.734,1.236,0.809,0.833
577,Image_14104__2 hour mark_with scale bar-1.tif (red)_after filling in ice crystals-1_after threshold adjustment.tif,26.687,22.038,0.690,7.247,386,553,23.629,5.778,1.245,0.803,0.883
578,Image_14104__2 hour mark_with scale bar-1.tif (red)_after filling in ice crystals-1_after threshold adjustment.tif,31.163,22.181,0.796,8.014,446,557,21.251,5.809,1.249,0.801,0.914
579,Image_14104__2 hour mark_with scale bar-1.tif (red)_after filling in ice crystals-1_after threshold adjustment.tif,10.503,11.778,0.951,4.839,753,545,149.036,3.280,1.563,0.640,0.910
580,Image_14104__2 hour mark_with scale bar-1.tif (red)_after filling in ice crystals-1_after threshold adjustment.tif,13.257,14.125,0.835,5.132,531,551,14.036,3.674,1.356,0.737,0.880
581,Image_14104__2 hour mark_with scale bar-1.tif (red)_after filling in ice crystals-1_after threshold adjustment.tif,84.881,40.556,0.649,14.617,427,546,124.592,10.199,1.428,0.700,0.852
582,Image_14104__2 hour mark_with scale bar-1.tif (red)_after filling in ice crystals-1_after threshold adjustment.tif,45.798,28.292,0.719,10.206,503,563,26.565,7.660,1.390,0.720,0.853
583,Image_14104__2 hour mark_with scale bar-1.tif (red)_after filling in ice crystals-1_after threshold adjustment.tif,296.826,78.497,0.605,25.890,710,578,6.442,17.234,1.509,0.663,0.883
584,Image_14104__2 hour mark_with scale bar-1.tif (red)_after filling in ice crystals-1_after threshold adjustment.tif,17.217,16.271,0.817,6.168,32,556,19.654,4.031,1.615,0.619,0.870
585,Image_14104__2 hour mark_with scale bar-1.tif (red)_after filling in ice crystals-1_after threshold adjustment.tif,43.732,27.646,0.719,10.636,134,550,110.556,5.394,2.036,0.491,0.917
586,Image_14104__2 hour mark_with scale bar-1.tif (red)_after filling in ice crystals-1_after threshold adjustment.tif,16.012,16.129,0.774,6.755,237,549,137.490,3.651,1.952,0.512,0.853
587,Image_14104__2 hour mark_with scale bar-1.tif (red)_after filling in ice crystals-1_after threshold adjustment.tif,18.250,15.584,0.944,5.984,616,559,33.690,4.149,1.248,0.802,0.951
588,Image_14104__2 hour mark_with scale bar-1.tif (red)_after filling in ice crystals-1_after threshold adjustment.tif,28.408,21.896,0.745,9.138,639,551,140.528,4.574,2.287,0.437,0.866
589,Image_14104__2 hour mark_with scale bar-1.tif (red)_after filling in ice crystals-1_after threshold adjustment.tif,105.025,47.698,0.580,15.963,685,584,62.103,10.399,1.585,0.631,0.818
590,Image_14104__2 hour mark_with scale bar-1.tif (red)_after filling in ice crystals-1_after threshold adjustment.tif,35.812,22.768,0.868,8.554,253,561,22.834,5.764,1.462,0.684,0.920
591,Image_14104__2 hour mark_with scale bar-1.tif (red)_after filling in ice crystals-1_after threshold adjustment.tif,11.191,12.851,0.852,4.731,101,552,127.875,3.734,1.060,0.943,0.909
592,Image_14104__2 hour mark_with scale bar-1.tif (red)_after filling in ice crystals-1_after threshold adjustment.tif,141.009,60.466,0.485,18.897,217,552,109.231,11.736,1.407,0.711,0.846
593,Image_14104__2 hour mark_with scale bar-1.tif (red)_after filling in ice crystals-1_after threshold adjustment.tif,13.774,14.611,0.811,5.199,527,553,118.610,4.149,1.126,0.888,0.856
594,Image_14104__2 hour mark_with scale bar-1.tif (red)_after filling in ice crystals-1_after threshold adjustment.tif,57.850,33.171,0.661,12.782,69,554,166.866,5.809,2.264,0.442,0.890
595,Image_14104__2 hour mark_with scale bar-1.tif (red)_after filling in ice crystals-1_after threshold adjustment.tif,10.847,12.406,0.886,4.731,110,560,37.875,2.905,1.478,0.677,0.947
596,Image_14104__2 hour mark_with scale bar-1.tif (red)_after filling in ice crystals-1_after threshold adjustment.tif,34.951,22.768,0.847,8.880,669,555,127.405,5.809,1.388,0.720,0.925
597,Image_14104__2 hour mark_with scale bar-1.tif (red)_after filling in ice crystals-1_after threshold adjustment.tif,46.831,28.049,0.748,10.579,467,556,138.180,6.214,1.776,0.563,0.890
598,Image_14104__2 hour mark_with scale bar-1.tif (red)_after filling in ice crystals-1_after threshold adjustment.tif,50.274,28.879,0.758,10.373,584,559,163.740,7.238,1.447,0.691,0.886
599,Image_14104__2 hour mark_with scale bar-1.tif (red)_after filling in ice crystals-1_after threshold adjustment.tif,26.342,20.379,0.797,7.651,537,556,130.601,5.196,1.505,0.665,0.860
600,Image_14104__2 hour mark_with scale bar-1.tif (red)_after filling in ice crystals-1_after threshold adjustment.tif,35.812,26.045,0.663,9.480,331,558,156.801,6.060,1.860,0.538,0.840
601,Image_14104__2 hour mark_with scale bar-1.tif (red)_after filling in ice crystals-1_after threshold adjustment.tif,10.330,11.920,0.914,4.639,385,568,63.435,2.905,1.541,0.649,0.930
602,Image_14104__2 hour mark_with scale bar-1.tif (red)_after filling in ice crystals-1_after threshold adjustment.tif,50.791,31.226,0.655,10.579,30,574,11.310,7.451,1.242,0.805,0.824
603,Image_14104__2 hour mark_with scale bar-1.tif (red)_after filling in ice crystals-1_after threshold adjustment.tif,20.661,18.518,0.757,6.320,452,569,23.199,5.394,1.026,0.975,0.825
604,Image_14104__2 hour mark_with scale bar-1.tif (red)_after filling in ice crystals-1_after threshold adjustment.tif,152.373,51.504,0.722,18.723,398,607,77.196,10.636,1.756,0.570,0.908
605,Image_14104__2 hour mark_with scale bar-1.tif (red)_after filling in ice crystals-1_after threshold adjustment.tif,33.057,21.795,0.874,7.480,258,576,19.440,6.639,1.063,0.941,0.901
606,Image_14104__2 hour mark_with scale bar-1.tif (red)_after filling in ice crystals-1_after threshold adjustment.tif,65.426,34.445,0.693,13.362,304,594,64.231,7.863,1.628,0.614,0.874
607,Image_14104__2 hour mark_with scale bar-1.tif (red)_after filling in ice crystals-1_after threshold adjustment.tif,15.840,14.955,0.890,5.582,500,576,41.987,4.315,1.312,0.762,0.880
608,Image_14104__2 hour mark_with scale bar-1.tif (red)_after filling in ice crystals-1_after threshold adjustment.tif,85.225,39.341,0.692,13.381,633,578,172.875,8.929,1.498,0.668,0.859
609,Image_14104__2 hour mark_with scale bar-1.tif (red)_after filling in ice crystals-1_after threshold adjustment.tif,49.930,29.566,0.718,10.628,103,568,141.340,6.882,1.696,0.590,0.867
610,Image_14104__2 hour mark_with scale bar-1.tif (red)_after filling in ice crystals-1_after threshold adjustment.tif,25.309,21.108,0.714,8.402,358,569,159.775,4.199,2.296,0.436,0.857
611,Image_14104__2 hour mark_with scale bar-1.tif (red)_after filling in ice crystals-1_after threshold adjustment.tif,13.774,13.823,0.906,5.314,58,577,38.660,3.734,1.203,0.831,0.952
612,Image_14104__2 hour mark_with scale bar-1.tif (red)_after filling in ice crystals-1_after threshold adjustment.tif,36.501,24.486,0.765,8.664,549,589,73.301,6.191,1.537,0.651,0.869
613,Image_14104__2 hour mark_with scale bar-1.tif (red)_after filling in ice crystals-1_after threshold adjustment.tif,29.958,20.865,0.865,8.014,171,579,21.251,5.394,1.410,0.709,0.916
614,Image_14104__2 hour mark_with scale bar-1.tif (red)_after filling in ice crystals-1_after threshold adjustment.tif,177.338,55.268,0.730,19.817,67,577,160.427,11.670,1.751,0.571,0.935
615,Image_14104__2 hour mark_with scale bar-1.tif (red)_after filling in ice crystals-1_after threshold adjustment.tif,170.795,52.191,0.788,16.952,565,571,111.541,14.784,1.039,0.963,0.913
616,Image_14104__2 hour mark_with scale bar-1.tif (red)_after filling in ice crystals-1_after threshold adjustment.tif,43.043,24.670,0.889,8.880,616,571,127.405,7.054,1.157,0.864,0.956
617,Image_14104__2 hour mark_with scale bar-1.tif (red)_after filling in ice crystals-1_after threshold adjustment.tif,18.250,17.990,0.709,7.090,235,589,69.444,4.268,1.998,0.500,0.815
618,Image_14104__2 hour mark_with scale bar-1.tif (red)_after filling in ice crystals-1_after threshold adjustment.tif,66.459,31.855,0.823,11.714,455,592,22.932,7.794,1.434,0.697,0.921
619,Image_14104__2 hour mark_with scale bar-1.tif (red)_after filling in ice crystals-1_after threshold adjustment.tif,40.633,27.990,0.652,9.325,321,578,147.724,7.884,1.135,0.881,0.819
620,Image_14104__2 hour mark_with scale bar-1.tif (red)_after filling in ice crystals-1_after threshold adjustment.tif,15.668,16.129,0.757,5.249,537,577,108.435,4.564,1.134,0.882,0.850
621,Image_14104__2 hour mark_with scale bar-1.tif (red)_after filling in ice crystals-1_after threshold adjustment.tif,41.494,25.500,0.802,9.213,516,578,125.838,6.912,1.103,0.906,0.911
622,Image_14104__2 hour mark_with scale bar-1.tif (red)_after filling in ice crystals-1_after threshold adjustment.tif,70.935,33.816,0.780,11.947,369,581,110.323,9.474,1.151,0.868,0.868
623,Image_14104__2 hour mark_with scale bar-1.tif (red)_after filling in ice crystals-1_after threshold adjustment.tif,75.928,33.355,0.858,12.033,142,583,133.603,9.028,1.053,0.950,0.964
624,Image_14104__2 hour mark_with scale bar-1.tif (red)_after filling in ice crystals-1_after threshold adjustment.tif,15.151,15.684,0.774,5.644,432,584,126.027,4.564,1.195,0.837,0.859
625,Image_14104__2 hour mark_with scale bar-1.tif (red)_after filling in ice crystals-1_after threshold adjustment.tif,17.389,16.514,0.801,6.320,593,586,113.199,3.734,1.603,0.624,0.918
626,Image_14104__2 hour mark_with scale bar-1.tif (red)_after filling in ice crystals-1_after threshold adjustment.tif,24.276,20.420,0.732,6.843,182,596,165.964,5.394,1.044,0.958,0.834
627,Image_14104__2 hour mark_with scale bar-1.tif (red)_after filling in ice crystals-1_after threshold adjustment.tif,59.744,34.000,0.649,13.509,282,589,132.510,8.173,1.731,0.578,0.857
628,Image_14104__2 hour mark_with scale bar-1.tif (red)_after filling in ice crystals-1_after threshold adjustment.tif,56.817,31.327,0.728,11.809,731,592,161.565,7.219,1.680,0.595,0.892
629,Image_14104__2 hour mark_with scale bar-1.tif (red)_after filling in ice crystals-1_after threshold adjustment.tif,110.707,45.091,0.684,16.804,233,613,32.905,8.529,2.175,0.460,0.912
630,Image_14104__2 hour mark_with scale bar-1.tif (red)_after filling in ice crystals-1_after threshold adjustment.tif,17.562,18.761,0.627,7.617,199,600,29.358,3.985,2.253,0.444,0.785
631,Image_14104__2 hour mark_with scale bar-1.tif (red)_after filling in ice crystals-1_after threshold adjustment.tif,43.904,24.830,0.895,8.554,421,591,104.036,7.335,1.080,0.926,0.907
632,Image_14104__2 hour mark_with scale bar-1.tif (red)_after filling in ice crystals-1_after threshold adjustment.tif,16.873,15.198,0.918,5.394,121,599,22.620,4.149,1.185,0.844,0.925
633,Image_14104__2 hour mark_with scale bar-1.tif (red)_after filling in ice crystals-1_after threshold adjustment.tif,22.555,19.549,0.742,7.718,171,594,126.254,4.825,1.692,0.591,0.865
634,Image_14104__2 hour mark_with scale bar-1.tif (red)_after filling in ice crystals-1_after threshold adjustment.tif,50.274,28.393,0.784,10.668,464,600,166.504,7.086,1.508,0.663,0.877
635,Image_14104__2 hour mark_with scale bar-1.tif (red)_after filling in ice crystals-1_after threshold adjustment.tif,78.511,43.691,0.517,15.658,649,600,147.995,7.511,2.269,0.441,0.824
636,Image_14104__2 hour mark_with scale bar-1.tif (red)_after filling in ice crystals-1_after threshold adjustment.tif,13.085,13.295,0.930,4.857,674,602,19.983,3.985,1.155,0.866,0.869
637,Image_14104__2 hour mark_with scale bar-1.tif (red)_after filling in ice crystals-1_after threshold adjustment.tif,81.265,45.209,0.500,13.911,696,603,162.646,9.599,1.494,0.669,0.767
638,Image_14104__2 hour mark_with scale bar-1.tif (red)_after filling in ice crystals-1_after threshold adjustment.tif,20.661,19.406,0.689,7.796,549,599,154.799,3.913,2.315,0.432,0.822
639,Image_14104__2 hour mark_with scale bar-1.tif (red)_after filling in ice crystals-1_after threshold adjustment.tif,43.215,27.563,0.715,10.407,612,619,66.501,6.362,1.853,0.540,0.870
640,Image_14104__2 hour mark_with scale bar-1.tif (red)_after filling in ice crystals-1_after threshold adjustment.tif,50.963,29.809,0.721,11.626,319,598,124.824,6.616,2.031,0.492,0.846
641,Image_14104__2 hour mark_with scale bar-1.tif (red)_after filling in ice crystals-1_after threshold adjustment.tif,12.396,13.538,0.850,4.857,331,605,19.983,4.108,1.091,0.917,0.867
642,Image_14104__2 hour mark_with scale bar-1.tif (red)_after filling in ice crystals-1_after threshold adjustment.tif,14.118,14.511,0.843,6.168,586,601,137.726,3.888,1.570,0.637,0.901
643,Image_14104__2 hour mark_with scale bar-1.tif (red)_after filling in ice crystals-1_after threshold adjustment.tif,138.427,51.462,0.657,17.741,64,620,10.784,12.062,1.449,0.690,0.884
644,Image_14104__2 hour mark_with scale bar-1.tif (red)_after filling in ice crystals-1_after threshold adjustment.tif,33.918,22.868,0.815,8.392,183,610,8.531,5.394,1.418,0.705,0.914
645,Image_14104__2 hour mark_with scale bar-1.tif (red)_after filling in ice crystals-1_after threshold adjustment.tif,36.673,22.868,0.881,7.718,768,615,36.254,7.054,1.061,0.942,0.908
646,Image_14104__2 hour mark_with scale bar-1.tif (red)_after filling in ice crystals-1_after threshold adjustment.tif,43.904,27.219,0.745,9.462,689,626,74.745,7.757,1.186,0.843,0.842
647,Image_14104__2 hour mark_with scale bar-1.tif (red)_after filling in ice crystals-1_after threshold adjustment.tif,59.744,35.417,0.599,12.545,349,606,145.784,7.133,1.900,0.526,0.859
648,Image_14104__2 hour mark_with scale bar-1.tif (red)_after filling in ice crystals-1_after threshold adjustment.tif,135.844,56.299,0.539,17.726,134,643,57.426,11.475,1.674,0.597,0.855
649,Image_14104__2 hour mark_with scale bar-1.tif (red)_after filling in ice crystals-1_after threshold adjustment.tif,56.989,28.879,0.859,10.473,214,607,123.690,7.499,1.372,0.729,0.925
650,Image_14104__2 hour mark_with scale bar-1.tif (red)_after filling in ice crystals-1_after threshold adjustment.tif,38.394,26.247,0.700,10.764,430,630,62.447,4.949,2.458,0.407,0.873
651,Image_14104__2 hour mark_with scale bar-1.tif (red)_after filling in ice crystals-1_after threshold adjustment.tif,72.313,33.799,0.795,12.337,393,636,70.346,7.054,1.618,0.618,0.953
652,Image_14104__2 hour mark_with scale bar-1.tif (red)_after filling in ice crystals-1_after threshold adjustment.tif,24.104,19.347,0.809,7.247,750,617,13.241,4.557,1.642,0.609,0.892
653,Image_14104__2 hour mark_with scale bar-1.tif (red)_after filling in ice crystals-1_after threshold adjustment.tif,33.574,25.115,0.669,9.766,501,632,77.735,5.753,1.735,0.577,0.842
654,Image_14104__2 hour mark_with scale bar-1.tif (red)_after filling in ice crystals-1_after threshold adjustment.tif,19.456,17.445,0.803,7.066,599,622,49.764,4.232,1.823,0.548,0.890
655,Image_14104__2 hour mark_with scale bar-1.tif (red)_after filling in ice crystals-1_after threshold adjustment.tif,66.631,35.434,0.667,13.187,635,640,77.276,6.529,2.105,0.475,0.872
656,Image_14104__2 hour mark_with scale bar-1.tif (red)_after filling in ice crystals-1_after threshold adjustment.tif,32.368,21.209,0.904,8.350,108,610,116.565,5.809,1.433,0.698,0.928
657,Image_14104__2 hour mark_with scale bar-1.tif (red)_after filling in ice crystals-1_after threshold adjustment.tif,38.567,23.900,0.848,8.057,299,617,168.111,7.225,1.064,0.940,0.885
658,Image_14104__2 hour mark_with scale bar-1.tif (red)_after filling in ice crystals-1_after threshold adjustment.tif,16.701,16.472,0.773,5.410,168,616,147.529,4.694,1.157,0.864,0.866
659,Image_14104__2 hour mark_with scale bar-1.tif (red)_after filling in ice crystals-1_after threshold adjustment.tif,42.871,29.424,0.622,9.651,267,629,25.463,6.748,1.432,0.698,0.875
660,Image_14104__2 hour mark_with scale bar-1.tif (red)_after filling in ice crystals-1_after threshold adjustment.tif,25.654,19.792,0.823,6.843,466,620,165.964,5.809,1.189,0.841,0.876
661,Image_14104__2 hour mark_with scale bar-1.tif (red)_after filling in ice crystals-1_after threshold adjustment.tif,33.057,22.726,0.804,8.792,574,624,19.290,5.639,1.628,0.614,0.881
662,Image_14104__2 hour mark_with scale bar-1.tif (red)_after filling in ice crystals-1_after threshold adjustment.tif,18.250,15.827,0.916,5.897,243,625,39.289,4.564,1.143,0.875,0.951
663,Image_14104__2 hour mark_with scale bar-1.tif (red)_after filling in ice crystals-1_after threshold adjustment.tif,81.954,39.542,0.659,15.800,707,639,29.932,7.879,2.340,0.427,0.882
664,Image_14104__2 hour mark_with scale bar-1.tif (red)_after filling in ice crystals-1_after threshold adjustment.tif,12.913,13.438,0.899,5.410,449,619,147.529,3.280,1.646,0.607,0.909
665,Image_14104__2 hour mark_with scale bar-1.tif (red)_after filling in ice crystals-1_after threshold adjustment.tif,110.535,51.219,0.529,15.081,552,620,97.907,11.171,1.372,0.729,0.863
666,Image_14104__2 hour mark_with scale bar-1.tif (red)_after filling in ice crystals-1_after threshold adjustment.tif,29.786,21.754,0.791,8.014,613,620,111.251,5.272,1.532,0.653,0.850
667,Image_14104__2 hour mark_with scale bar-1.tif (red)_after filling in ice crystals-1_after threshold adjustment.tif,35.984,25.216,0.711,9.480,688,631,23.199,6.202,1.496,0.668,0.865
668,Image_14104__2 hour mark_with scale bar-1.tif (red)_after filling in ice crystals-1_after threshold adjustment.tif,26.859,20.521,0.801,7.258,367,632,30.964,5.809,1.277,0.783,0.879
669,Image_14104__2 hour mark_with scale bar-1.tif (red)_after filling in ice crystals-1_after threshold adjustment.tif,52.513,30.639,0.703,11.626,336,622,124.824,7.480,1.696,0.590,0.839
670,Image_14104__2 hour mark_with scale bar-1.tif (red)_after filling in ice crystals-1_after threshold adjustment.tif,154.095,63.299,0.483,25.120,176,624,120.801,8.658,3.338,0.300,0.814
671,Image_14104__2 hour mark_with scale bar-1.tif (red)_after filling in ice crystals-1_after threshold adjustment.tif,10.503,11.677,0.968,4.488,647,633,33.690,3.319,1.155,0.866,0.924
672,Image_14104__2 hour mark_with scale bar-1.tif (red)_after filling in ice crystals-1_after threshold adjustment.tif,121.554,45.695,0.732,17.629,224,652,26.565,10.215,1.746,0.573,0.891
673,Image_14104__2 hour mark_with scale bar-1.tif (red)_after filling in ice crystals-1_after threshold adjustment.tif,12.396,13.195,0.895,5.410,505,629,147.529,3.340,1.665,0.601,0.906
674,Image_14104__2 hour mark_with scale bar-1.tif (red)_after filling in ice crystals-1_after threshold adjustment.tif,17.045,15.584,0.882,5.764,583,636,30.256,4.149,1.231,0.813,0.917
675,Image_14104__2 hour mark_with scale bar-1.tif (red)_after filling in ice crystals-1_after threshold adjustment.tif,39.255,25.945,0.733,9.100,149,643,24.228,6.692,1.110,0.901,0.860
676,Image_14104__2 hour mark_with scale bar-1.tif (red)_after filling in ice crystals-1_after threshold adjustment.tif,12.913,14.611,0.760,6.224,525,642,53.130,3.313,2.147,0.466,0.862
677,Image_14104__2 hour mark_with scale bar-1.tif (red)_after filling in ice crystals-1_after threshold adjustment.tif,117.766,44.948,0.732,15.592,54,631,115.201,11.795,1.184,0.845,0.908
678,Image_14104__2 hour mark_with scale bar-1.tif (red)_after filling in ice crystals-1_after threshold adjustment.tif,56.128,30.882,0.740,11.685,325,658,73.496,6.626,1.815,0.551,0.899
679,Image_14104__2 hour mark_with scale bar-1.tif (red)_after filling in ice crystals-1_after threshold adjustment.tif,28.925,20.035,0.906,6.956,287,633,107.354,5.809,1.163,0.860,0.921
680,Image_14104__2 hour mark_with scale bar-1.tif (red)_after filling in ice crystals-1_after threshold adjustment.tif,127.580,52.476,0.582,19.445,443,674,50.194,8.517,2.517,0.397,0.870
681,Image_14104__2 hour mark_with scale bar-1.tif (red)_after filling in ice crystals-1_after threshold adjustment.tif,21.177,19.247,0.718,7.480,413,641,19.440,3.555,2.222,0.450,0.898
682,Image_14104__2 hour mark_with scale bar-1.tif (red)_after filling in ice crystals-1_after threshold adjustment.tif,38.567,28.049,0.616,11.333,368,648,23.749,5.371,2.336,0.428,0.831
683,Image_14104__2 hour mark_with scale bar-1.tif (red)_after filling in ice crystals-1_after threshold adjustment.tif,12.741,12.952,0.954,4.857,476,638,160.017,3.734,1.226,0.816,0.908
684,Image_14104__2 hour mark_with scale bar-1.tif (red)_after filling in ice crystals-1_after threshold adjustment.tif,11.708,13.195,0.845,5.132,75,639,165.964,3.319,1.384,0.723,0.883
685,Image_14104__2 hour mark_with scale bar-1.tif (red)_after filling in ice crystals-1_after threshold adjustment.tif,26.342,19.649,0.857,6.843,110,636,104.036,5.868,1.059,0.945,0.877
686,Image_14104__2 hour mark_with scale bar-1.tif (red)_after filling in ice crystals-1_after threshold adjustment.tif,23.415,19.347,0.786,7.066,206,651,49.764,4.979,1.319,0.758,0.886
687,Image_14104__2 hour mark_with scale bar-1.tif (red)_after filling in ice crystals-1_after threshold adjustment.tif,27.031,20.136,0.838,7.927,268,651,42.879,4.988,1.630,0.613,0.897
688,Image_14104__2 hour mark_with scale bar-1.tif (red)_after filling in ice crystals-1_after threshold adjustment.tif,80.060,34.118,0.864,11.889,604,663,60.751,8.802,1.198,0.835,0.917
689,Image_14104__2 hour mark_with scale bar-1.tif (red)_after filling in ice crystals-1_after threshold adjustment.tif,26.170,20.663,0.770,7.388,653,637,141.843,5.692,1.048,0.954,0.891
690,Image_14104__2 hour mark_with scale bar-1.tif (red)_after filling in ice crystals-1_after threshold adjustment.tif,68.525,35.476,0.684,13.649,507,645,160.463,8.878,1.720,0.581,0.847
691,Image_14104__2 hour mark_with scale bar-1.tif (red)_after filling in ice crystals-1_after threshold adjustment.tif,124.136,46.264,0.729,14.857,675,669,35.910,11.900,1.087,0.920,0.913
692,Image_14104__2 hour mark_with scale bar-1.tif (red)_after filling in ice crystals-1_after threshold adjustment.tif,23.243,19.448,0.772,7.651,337,658,40.601,4.554,1.783,0.561,0.879
693,Image_14104__2 hour mark_with scale bar-1.tif (red)_after filling in ice crystals-1_after threshold adjustment.tif,27.203,21.795,0.720,8.634,717,647,125.218,5.281,1.571,0.637,0.852
694,Image_14104__2 hour mark_with scale bar-1.tif (red)_after filling in ice crystals-1_after threshold adjustment.tif,21.349,19.247,0.724,7.066,705,647,139.764,5.187,1.392,0.718,0.835
695,Image_14104__2 hour mark_with scale bar-1.tif (red)_after filling in ice crystals-1_after threshold adjustment.tif,25.654,20.521,0.766,7.480,351,655,19.440,5.196,1.406,0.711,0.890
696,Image_14104__2 hour mark_with scale bar-1.tif (red)_after filling in ice crystals-1_after threshold adjustment.tif,17.045,16.028,0.834,6.126,167,658,28.301,4.428,1.394,0.717,0.892
697,Image_14104__2 hour mark_with scale bar-1.tif (red)_after filling in ice crystals-1_after threshold adjustment.tif,13.429,14.024,0.858,5.199,260,660,28.610,4.093,1.226,0.815,0.876
698,Image_14104__2 hour mark_with scale bar-1.tif (red)_after filling in ice crystals-1_after threshold adjustment.tif,38.222,23.455,0.873,8.184,371,669,30.466,6.298,1.292,0.774,0.915
699,Image_14104__2 hour mark_with scale bar-1.tif (red)_after filling in ice crystals-1_after threshold adjustment.tif,13.429,14.754,0.775,5.941,393,661,24.775,2.905,1.903,0.525,0.918
700,Image_14104__2 hour mark_with scale bar-1.tif (red)_after filling in ice crystals-1_after threshold adjustment.tif,22.038,18.375,0.820,6.805,138,655,127.569,5.179,1.195,0.837,0.886
701,Image_14104__2 hour mark_with scale bar-1.tif (red)_after filling in ice crystals-1_after threshold adjustment.tif,11.708,13.337,0.827,5.394,665,667,67.380,2.905,1.754,0.570,0.913
702,Image_14104__2 hour mark_with scale bar-1.tif (red)_after filling in ice crystals-1_after threshold adjustment.tif,88.152,37.480,0.789,12.890,522,683,56.821,9.514,1.413,0.708,0.909
703,Image_14104__2 hour mark_with scale bar-1.tif (red)_after filling in ice crystals-1_after threshold adjustment.tif,21.005,17.302,0.882,6.168,570,664,19.654,5.010,1.298,0.771,0.897
704,Image_14104__2 hour mark_with scale bar-1.tif (red)_after filling in ice crystals-1_after threshold adjustment.tif,57.333,30.497,0.775,10.892,271,674,17.745,8.165,1.111,0.900,0.894
705,Image_14104__2 hour mark_with scale bar-1.tif (red)_after filling in ice crystals-1_after threshold adjustment.tif,44.937,26.490,0.805,9.407,315,674,41.424,6.441,1.447,0.691,0.888
706,Image_14104__2 hour mark_with scale bar-1.tif (red)_after filling in ice crystals-1_after threshold adjustment.tif,55.095,31.872,0.682,10.772,619,676,15.642,8.274,1.310,0.763,0.839
707,Image_14104__2 hour mark_with scale bar-1.tif (red)_after filling in ice crystals-1_after threshold adjustment.tif,12.052,13.781,0.797,5.458,593,667,171.254,3.319,1.627,0.615,0.864
708,Image_14104__2 hour mark_with scale bar-1.tif (red)_after filling in ice crystals-1_after threshold adjustment.tif,34.435,23.170,0.806,8.402,351,683,69.775,6.161,1.229,0.813,0.858
709,Image_14104__2 hour mark_with scale bar-1.tif (red)_after filling in ice crystals-1_after threshold adjustment.tif,122.415,47.941,0.669,17.194,425,665,109.747,9.858,1.798,0.556,0.865
710,Image_14104__2 hour mark_with scale bar-1.tif (red)_after filling in ice crystals-1_after threshold adjustment.tif,254.643,69.837,0.656,23.384,463,706,27.474,14.846,1.445,0.692,0.905
711,Image_14104__2 hour mark_with scale bar-1.tif (red)_after filling in ice crystals-1_after threshold adjustment.tif,117.766,47.657,0.652,15.707,205,677,167.800,11.316,1.289,0.776,0.863
712,Image_14104__2 hour mark_with scale bar-1.tif (red)_after filling in ice crystals-1_after threshold adjustment.tif,76.445,34.261,0.818,11.969,148,672,146.310,8.338,1.450,0.690,0.911
713,Image_14104__2 hour mark_with scale bar-1.tif (red)_after filling in ice crystals-1_after threshold adjustment.tif,12.569,14.024,0.803,5.779,173,669,158.962,3.149,2.017,0.496,0.885
714,Image_14104__2 hour mark_with scale bar-1.tif (red)_after filling in ice crystals-1_after threshold adjustment.tif,60.777,32.785,0.711,11.333,116,685,23.749,9.195,1.178,0.849,0.850
715,Image_14104__2 hour mark_with scale bar-1.tif (red)_after filling in ice crystals-1_after threshold adjustment.tif,60.088,30.597,0.807,11.394,552,685,33.111,7.213,1.600,0.625,0.908
716,Image_14104__2 hour mark_with scale bar-1.tif (red)_after filling in ice crystals-1_after threshold adjustment.tif,28.753,22.726,0.700,7.629,645,668,112.380,6.246,1.061,0.943,0.799
717,Image_14104__2 hour mark_with scale bar-1.tif (red)_after filling in ice crystals-1_after threshold adjustment.tif,39.600,26.431,0.712,9.580,387,671,162.350,5.911,1.524,0.656,0.855
718,Image_14104__2 hour mark_with scale bar-1.tif (red)_after filling in ice crystals-1_after threshold adjustment.tif,77.478,35.820,0.759,12.510,604,700,84.289,8.350,1.564,0.639,0.903
719,Image_14104__2 hour mark_with scale bar-1.tif (red)_after filling in ice crystals-1_after threshold adjustment.tif,18.767,17.344,0.784,6.561,255,682,34.695,4.454,1.502,0.666,0.883
720,Image_14104__2 hour mark_with scale bar-1.tif (red)_after filling in ice crystals-1_after threshold adjustment.tif,24.965,21.896,0.654,7.353,337,681,163.610,5.575,1.297,0.771,0.845
721,Image_14104__2 hour mark_with scale bar-1.tif (red)_after filling in ice crystals-1_after threshold adjustment.tif,65.081,37.295,0.588,15.685,365,680,142.524,5.560,3.239,0.309,0.862
722,Image_14104__2 hour mark_with scale bar-1.tif (red)_after filling in ice crystals-1_after threshold adjustment.tif,38.567,24.427,0.812,8.554,453,698,75.964,6.224,1.297,0.771,0.911
723,Image_14104__2 hour mark_with scale bar-1.tif (red)_after filling in ice crystals-1_after threshold adjustment.tif,37.017,24.771,0.758,8.880,298,699,52.595,5.968,1.487,0.673,0.874
724,Image_14104__2 hour mark_with scale bar-1.tif (red)_after filling in ice crystals-1_after threshold adjustment.tif,28.753,21.150,0.808,8.184,184,698,59.534,4.979,1.385,0.722,0.923
725,Image_14104__2 hour mark_with scale bar-1.tif (red)_after filling in ice crystals-1_after threshold adjustment.tif,21.177,19.205,0.722,7.718,243,696,53.746,4.143,2.117,0.472,0.860
726,Image_14104__2 hour mark_with scale bar-1.tif (red)_after filling in ice crystals-1_after threshold adjustment.tif,11.019,13.438,0.767,5.644,667,692,53.973,3.155,1.962,0.510,0.859
727,Image_14104__2 hour mark_with scale bar-1.tif (red)_after filling in ice crystals-1_after threshold adjustment.tif,11.191,12.507,0.899,4.731,581,692,52.125,3.319,1.430,0.699,0.915
728,Image_14104__2 hour mark_with scale bar-1.tif (red)_after filling in ice crystals-1_after threshold adjustment.tif,20.489,17.788,0.814,6.906,615,692,32.735,4.694,1.524,0.656,0.881
729,Image_14104__2 hour mark_with scale bar-1.tif (red)_after filling in ice crystals-1_after threshold adjustment.tif,64.737,33.330,0.732,12.379,675,685,129.560,7.794,1.821,0.549,0.857
730,Image_14104__2 hour mark_with scale bar-1.tif (red)_after filling in ice crystals-1_after threshold adjustment.tif,24.621,20.622,0.728,7.258,314,684,149.036,5.753,1.223,0.818,0.846
731,Image_14104__2 hour mark_with scale bar-1.tif (red)_after filling in ice crystals-1_after threshold adjustment.tif,41.666,25.559,0.801,9.678,642,699,30.964,6.549,1.557,0.642,0.893
732,Image_14104__2 hour mark_with scale bar-1.tif (red)_after filling in ice crystals-1_after threshold adjustment.tif,51.307,31.771,0.639,12.923,403,685,132.397,5.615,2.611,0.383,0.848
733,Image_14104__2 hour mark_with scale bar-1.tif (red)_after filling in ice crystals-1_after threshold adjustment.tif,40.633,26.389,0.733,10.579,513,689,131.820,5.906,1.668,0.600,0.889
734,Image_14104__2 hour mark_with scale bar-1.tif (red)_after filling in ice crystals-1_after threshold adjustment.tif,53.546,36.490,0.505,14.961,356,725,70.560,4.681,3.642,0.275,0.846
735,Image_14104__2 hour mark_with scale bar-1.tif (red)_after filling in ice crystals-1_after threshold adjustment.tif,37.189,24.084,0.806,9.462,133,710,52.125,5.642,1.683,0.594,0.921
736,Image_14104__2 hour mark_with scale bar-1.tif (red)_after filling in ice crystals-1_after threshold adjustment.tif,43.904,27.504,0.729,10.963,253,716,60.524,5.358,2.152,0.465,0.924
737,Image_14104__2 hour mark_with scale bar-1.tif (red)_after filling in ice crystals-1_after threshold adjustment.tif,30.302,26.591,0.539,8.544,161,695,119.055,6.124,1.537,0.650,0.774
738,Image_14104__2 hour mark_with scale bar-1.tif (red)_after filling in ice crystals-1_after threshold adjustment.tif,49.758,32.441,0.594,13.284,293,721,51.340,5.698,2.261,0.442,0.863
739,Image_14104__2 hour mark_with scale bar-1.tif (red)_after filling in ice crystals-1_after threshold adjustment.tif,20.316,18.518,0.745,7.066,634,701,139.764,4.466,1.625,0.615,0.855
740,Image_14104__2 hour mark_with scale bar-1.tif (red)_after filling in ice crystals-1_after threshold adjustment.tif,56.473,30.295,0.773,9.898,227,701,123.024,8.299,1.114,0.897,0.902
741,Image_14104__2 hour mark_with scale bar-1.tif (red)_after filling in ice crystals-1_after threshold adjustment.tif,39.428,24.830,0.804,8.870,395,706,169.216,6.558,1.336,0.749,0.874
742,Image_14104__2 hour mark_with scale bar-1.tif (red)_after filling in ice crystals-1_after threshold adjustment.tif,53.718,29.851,0.758,10.986,556,728,79.114,6.108,1.876,0.533,0.908
743,Image_14104__2 hour mark_with scale bar-1.tif (red)_after filling in ice crystals-1_after threshold adjustment.tif,33.574,23.597,0.758,8.909,113,715,27.759,6.224,1.377,0.726,0.855
744,Image_14104__2 hour mark_with scale bar-1.tif (red)_after filling in ice crystals-1_after threshold adjustment.tif,12.913,13.681,0.867,4.997,435,705,138.366,4.149,1.138,0.878,0.882
745,Image_14104__2 hour mark_with scale bar-1.tif (red)_after filling in ice crystals-1_after threshold adjustment.tif,21.177,17.688,0.851,6.691,274,718,60.255,4.979,1.339,0.747,0.908
746,Image_14104__2 hour mark_with scale bar-1.tif (red)_after filling in ice crystals-1_after threshold adjustment.tif,44.076,27.403,0.738,10.130,618,728,55.008,6.224,1.630,0.614,0.887
747,Image_14104__2 hour mark_with scale bar-1.tif (red)_after filling in ice crystals-1_after threshold adjustment.tif,16.356,14.955,0.919,5.249,599,720,71.565,4.564,1.061,0.942,0.909
748,Image_14104__2 hour mark_with scale bar-1.tif (red)_after filling in ice crystals-1_after threshold adjustment.tif,28.064,20.622,0.829,7.480,520,722,33.690,4.825,1.561,0.640,0.913
749,Image_14104__2 hour mark_with scale bar-1.tif (red)_after filling in ice crystals-1_after threshold adjustment.tif,15.323,14.268,0.946,5.314,446,721,51.340,4.149,1.201,0.833,0.932
750,Image_14104__2 hour mark_with scale bar-1.tif (red)_after filling in ice crystals-1_after threshold adjustment.tif,73.001,33.129,0.836,11.394,466,711,123.111,8.856,1.263,0.792,0.926
751,Image_14104__2 hour mark_with scale bar-1.tif (red)_after filling in ice crystals-1_after threshold adjustment.tif,18.422,16.615,0.839,7.066,369,713,139.764,3.814,1.832,0.546,0.926
752,Image_14104__2 hour mark_with scale bar-1.tif (red)_after filling in ice crystals-1_after threshold adjustment.tif,58.883,30.639,0.788,11.507,339,713,115.641,8.133,1.413,0.708,0.922
753,Image_14104__2 hour mark_with scale bar-1.tif (red)_after filling in ice crystals-1_after threshold adjustment.tif,11.708,12.264,0.978,4.488,241,716,146.310,3.734,1.076,0.929,0.925
754,Image_14104__2 hour mark_with scale bar-1.tif (red)_after filling in ice crystals-1_after threshold adjustment.tif,14.463,15.340,0.772,6.495,165,718,153.435,3.206,2.220,0.451,0.898
755,Image_14104__2 hour mark_with scale bar-1.tif (red)_after filling in ice crystals-1_after threshold adjustment.tif,54.579,38.066,0.473,11.882,115,734,12.095,7.469,1.667,0.600,0.836
756,Image_14104__2 hour mark_with scale bar-1.tif (red)_after filling in ice crystals-1_after threshold adjustment.tif,65.253,31.670,0.818,11.416,497,727,160.907,8.626,1.331,0.751,0.893
757,Image_14104__2 hour mark_with scale bar-1.tif (red)_after filling in ice crystals-1_after threshold adjustment.tif,16.184,16.271,0.768,7.054,641,720,151.928,3.280,2.333,0.429,0.900
758,Image_14104__2 hour mark_with scale bar-1.tif (red)_after filling in ice crystals-1_after threshold adjustment.tif,74.723,34.848,0.773,12.062,400,721,116.565,8.900,1.320,0.758,0.899
759,Image_14104__2 hour mark_with scale bar-1.tif (red)_after filling in ice crystals-1_after threshold adjustment.tif,10.847,13.438,0.755,5.410,302,732,57.529,3.651,1.534,0.652,0.857
760,Image_14104__2 hour mark_with scale bar-1.tif (red)_after filling in ice crystals-1_after threshold adjustment.tif,14.463,15.785,0.729,6.168,214,722,132.274,3.985,1.802,0.555,0.820
761,Image_14104__2 hour mark_with scale bar-1.tif (red)_after filling in ice crystals-1_after threshold adjustment.tif,58.883,30.580,0.791,11.529,288,723,120.256,7.054,1.460,0.685,0.933
762,Image_14104__2 hour mark_with scale bar-1.tif (red)_after filling in ice crystals-1_after threshold adjustment.tif,71.452,34.688,0.746,12.337,303,748,47.726,8.509,1.473,0.679,0.884
763,Image_14104__2 hour mark_with scale bar-1.tif (red)_after filling in ice crystals-1_after threshold adjustment.tif,14.290,13.538,0.980,5.014,432,722,114.444,4.149,1.122,0.891,0.917
764,Image_14104__2 hour mark_with scale bar-1.tif (red)_after filling in ice crystals-1_after threshold adjustment.tif,19.628,17.688,0.788,7.341,565,736,42.709,3.958,1.895,0.528,0.905
765,Image_14104__2 hour mark_with scale bar-1.tif (red)_after filling in ice crystals-1_after threshold adjustment.tif,37.189,26.389,0.671,9.325,237,739,20.854,7.133,1.197,0.835,0.797
766,Image_14104__2 hour mark_with scale bar-1.tif (red)_after filling in ice crystals-1_after threshold adjustment.tif,64.048,33.330,0.725,13.121,378,725,124.695,7.042,1.958,0.511,0.882
767,Image_14104__2 hour mark_with scale bar-1.tif (red)_after filling in ice crystals-1_after threshold adjustment.tif,32.024,24.184,0.688,8.402,539,740,32.905,6.309,1.309,0.764,0.829
768,Image_14104__2 hour mark_with scale bar-1.tif (red)_after filling in ice crystals-1_after threshold adjustment.tif,29.442,23.212,0.687,7.873,626,731,161.565,6.224,1.263,0.792,0.851
769,Image_14104__2 hour mark_with scale bar-1.tif (red)_after filling in ice crystals-1_after threshold adjustment.tif,23.588,19.792,0.757,7.480,188,734,146.310,4.694,1.736,0.576,0.838
770,Image_14104__2 hour mark_with scale bar-1.tif (red)_after filling in ice crystals-1_after threshold adjustment.tif,144.969,49.844,0.733,17.088,507,742,150.945,12.433,1.312,0.762,0.879
771,Image_14104__2 hour mark_with scale bar-1.tif (red)_after filling in ice crystals-1_after threshold adjustment.tif,15.323,15.584,0.793,6.168,204,744,47.726,4.082,1.379,0.725,0.890
772,Image_14104__2 hour mark_with scale bar-1.tif (red)_after filling in ice crystals-1_after threshold adjustment.tif,32.541,24.285,0.693,9.110,351,745,30.069,5.351,2.042,0.490,0.840
773,Image_14104__2 hour mark_with scale bar-1.tif (red)_after filling in ice crystals-1_after threshold adjustment.tif,11.708,12.264,0.978,4.694,433,734,135.000,3.734,1.118,0.895,0.932
774,Image_14104__2 hour mark_with scale bar-1.tif (red)_after filling in ice crystals-1_after threshold adjustment.tif,29.442,20.823,0.853,7.163,452,734,100.008,6.076,1.101,0.908,0.875
775,Image_14104__2 hour mark_with scale bar-1.tif (red)_after filling in ice crystals-1_after threshold adjustment.tif,16.356,16.656,0.741,6.868,463,735,115.017,3.319,2.169,0.461,0.922
776,Image_14104__2 hour mark_with scale bar-1.tif (red)_after filling in ice crystals-1_after threshold adjustment.tif,54.407,31.209,0.702,11.692,480,760,62.526,6.189,1.736,0.576,0.911
777,Image_14104__2 hour mark_with scale bar-1.tif (red)_after filling in ice crystals-1_after threshold adjustment.tif,50.791,28.150,0.805,10.407,608,735,113.499,7.711,1.225,0.817,0.901
778,Image_14104__2 hour mark_with scale bar-1.tif (red)_after filling in ice crystals-1_after threshold adjustment.tif,41.321,25.073,0.826,9.480,329,737,113.199,6.722,1.292,0.774,0.899
779,Image_14104__2 hour mark_with scale bar-1.tif (red)_after filling in ice crystals-1_after threshold adjustment.tif,140.493,47.372,0.787,16.415,247,764,16.144,11.304,1.267,0.789,0.918
780,Image_14104__2 hour mark_with scale bar-1.tif (red)_after filling in ice crystals-1_after threshold adjustment.tif,20.661,17.344,0.863,6.495,577,748,26.565,4.564,1.241,0.806,0.909
781,Image_14104__2 hour mark_with scale bar-1.tif (red)_after filling in ice crystals-1_after threshold adjustment.tif,48.208,27.462,0.803,9.837,344,745,117.646,7.621,1.210,0.826,0.903
782,Image_14104__2 hour mark_with scale bar-1.tif (red)_after filling in ice crystals-1_after threshold adjustment.tif,22.382,19.063,0.774,7.617,208,746,119.358,4.401,1.756,0.570,0.861
783,Image_14104__2 hour mark_with scale bar-1.tif (red)_after filling in ice crystals-1_after threshold adjustment.tif,22.899,19.792,0.735,7.258,409,747,120.964,5.113,1.478,0.677,0.844
784,Image_14104__2 hour mark_with scale bar-1.tif (red)_after filling in ice crystals-1_after threshold adjustment.tif,73.001,42.459,0.509,12.599,301,764,17.241,9.721,1.120,0.893,0.811
785,Image_14104__2 hour mark_with scale bar-1.tif (red)_after filling in ice crystals-1_after threshold adjustment.tif,65.598,32.400,0.785,11.072,362,749,102.995,9.358,1.197,0.835,0.878
786,Image_14104__2 hour mark_with scale bar-1.tif (red)_after filling in ice crystals-1_after threshold adjustment.tif,10.158,11.920,0.898,4.411,222,758,41.186,3.319,1.173,0.853,0.922
787,Image_14104__2 hour mark_with scale bar-1.tif (red)_after filling in ice crystals-1_after threshold adjustment.tif,114.495,42.761,0.787,14.617,435,779,34.592,10.199,1.393,0.718,0.921
788,Image_14104__2 hour mark_with scale bar-1.tif (red)_after filling in ice crystals-1_after threshold adjustment.tif,14.290,13.639,0.965,4.857,431,751,109.983,4.108,1.068,0.936,0.902
789,Image_14104__2 hour mark_with scale bar-1.tif (red)_after filling in ice crystals-1_after threshold adjustment.tif,16.529,15.542,0.860,5.644,597,751,126.027,4.330,1.300,0.769,0.873
790,Image_14104__2 hour mark_with scale bar-1.tif (red)_after filling in ice crystals-1_after threshold adjustment.tif,109.674,44.261,0.704,15.358,561,753,128.418,9.929,1.493,0.670,0.867
791,Image_14104__2 hour mark_with scale bar-1.tif (red)_after filling in ice crystals-1_after threshold adjustment.tif,45.109,34.546,0.475,12.211,288,787,80.218,5.048,2.675,0.374,0.840
792,Image_14104__2 hour mark_with scale bar-1.tif (red)_after filling in ice crystals-1_after threshold adjustment.tif,12.569,13.195,0.907,5.314,490,768,38.660,3.759,1.431,0.699,0.907
793,Image_14104__2 hour mark_with scale bar-1.tif (red)_after filling in ice crystals-1_after threshold adjustment.tif,57.161,31.184,0.739,11.477,380,763,139.399,6.675,1.660,0.602,0.870
794,Image_14104__2 hour mark_with scale bar-1.tif (red)_after filling in ice crystals-1_after threshold adjustment.tif,42.010,29.709,0.598,12.337,226,760,137.726,5.575,2.447,0.409,0.822
795,Image_14104__2 hour mark_with scale bar-1.tif (red)_after filling in ice crystals-1_after threshold adjustment.tif,26.342,19.306,0.888,7.139,414,767,125.538,4.981,1.446,0.691,0.911
796,Image_14104__2 hour mark_with scale bar-1.tif (red)_after filling in ice crystals-1_after threshold adjustment.tif,13.085,14.268,0.808,5.249,504,772,108.435,3.591,1.560,0.641,0.869
797,Image_14104__2 hour mark_with scale bar-1.tif (red)_after filling in ice crystals-1_after threshold adjustment.tif,45.454,26.976,0.785,10.036,475,781,150.255,6.387,1.625,0.615,0.899
798,Image_14104__2 hour mark_with scale bar-1.tif (red)_after filling in ice crystals-1_after threshold adjustment.tif,21.522,18.031,0.832,6.868,381,794,64.983,4.438,1.649,0.607,0.896
799,Image_14104__2 hour mark_with scale bar-1.tif (red)_after filling in ice crystals-1_after threshold adjustment.tif,22.210,18.518,0.814,6.843,271,791,14.036,4.564,1.557,0.642,0.890
800,Image_14104__2 hour mark_with scale bar-1.tif (red)_after filling in ice crystals-1_after threshold adjustment.tif,17.906,16.573,0.819,5.868,473,783,98.130,4.373,1.294,0.773,0.863
