 ,Label,Area,Perim.,Circ.,Feret,FeretX,FeretY,FeretAngle,MinFeret,AR,Round,Solidity
1,Image_14477-1.jpg (red),154.190,52.035,0.716,18.959,709,181,69.590,10.579,1.816,0.551,0.903
2,Image_14477-1.jpg (red),279.182,78.215,0.573,26.265,691,239,65.854,15.052,1.627,0.615,0.848
3,Image_14477-1.jpg (red),27.662,23.216,0.645,8.357,738,181,98.531,5.913,1.292,0.774,0.781
4,Image_14477-1.jpg (red),16.905,15.135,0.927,5.916,779,184,155.225,4.132,1.372,0.729,0.930
5,Image_14477-1.jpg (red),32.614,25.796,0.616,11.119,924,183,131.987,4.675,2.689,0.372,0.834
6,Image_14477-1.jpg (red),25.442,20.052,0.795,7.217,953,201,76.759,5.468,1.369,0.731,0.851
7,Image_14477-1.jpg (red),68.131,40.873,0.512,14.604,765,189,115.115,8.956,1.817,0.550,0.734
8,Image_14477-1.jpg (red),27.321,21.947,0.713,7.449,767,199,19.440,5.592,1.369,0.730,0.831
9,Image_14477-1.jpg (red),16.392,16.688,0.740,6.468,785,199,26.565,3.719,1.846,0.542,0.881
10,Image_14477-1.jpg (red),15.197,15.478,0.797,6.017,985,199,15.945,4.091,1.355,0.738,0.844
11,Image_14477-1.jpg (red),78.034,40.005,0.613,15.789,965,192,96.009,8.410,1.876,0.533,0.849
12,Image_14477-1.jpg (red),17.758,20.436,0.534,7.311,744,207,42.709,3.881,2.083,0.480,0.768
13,Image_14477-1.jpg (red),36.370,30.513,0.491,9.423,822,194,105.255,7.446,1.240,0.806,0.740
14,Image_14477-1.jpg (red),12.977,15.861,0.648,6.253,948,196,97.595,2.893,2.331,0.429,0.854
15,Image_14477-1.jpg (red),111.843,52.519,0.510,20.197,712,241,59.237,9.302,2.736,0.366,0.815
16,Image_14477-1.jpg (red),89.304,38.936,0.740,12.936,984,200,116.565,9.599,1.351,0.740,0.887
17,Image_14477-1.jpg (red),30.394,22.732,0.739,9.286,866,202,122.276,4.751,2.123,0.471,0.883
18,Image_14477-1.jpg (red),15.197,14.551,0.902,5.873,789,204,140.711,4.011,1.580,0.633,0.913
19,Image_14477-1.jpg (red),95.622,44.680,0.602,15.961,616,204,111.251,9.757,1.847,0.541,0.860
20,Image_14477-1.jpg (red),14.002,14.309,0.859,4.993,851,216,65.556,4.470,1.080,0.926,0.863
21,Image_14477-1.jpg (red),10.074,13.140,0.733,4.837,739,213,19.983,3.306,1.544,0.648,0.825
22,Image_14477-1.jpg (red),25.955,21.221,0.724,8.519,830,229,67.166,4.805,1.939,0.516,0.864
23,Image_14477-1.jpg (red),25.613,22.490,0.636,7.764,941,211,115.201,5.844,1.345,0.744,0.794
24,Image_14477-1.jpg (red),16.734,17.815,0.663,6.455,838,225,50.194,4.203,1.481,0.675,0.807
25,Image_14477-1.jpg (red),24.418,19.326,0.822,7.797,894,216,147.995,4.123,1.981,0.505,0.891
26,Image_14477-1.jpg (red),15.368,22.048,0.397,8.519,645,215,129.094,3.528,3.422,0.292,0.641
27,Image_14477-1.jpg (red),11.611,12.213,0.978,4.470,793,222,33.690,3.719,1.134,0.882,0.938
28,Image_14477-1.jpg (red),56.690,32.708,0.666,11.429,841,227,167.471,8.474,1.155,0.866,0.788
29,Image_14477-1.jpg (red),27.491,21.705,0.733,7.938,603,221,128.660,5.682,1.440,0.694,0.880
30,Image_14477-1.jpg (red),34.321,29.686,0.489,11.241,867,239,36.027,5.599,2.122,0.471,0.720
31,Image_14477-1.jpg (red),14.514,13.825,0.954,5.388,672,224,147.529,3.799,1.433,0.698,0.899
32,Image_14477-1.jpg (red),10.928,14.209,0.680,5.916,808,237,65.225,3.080,2.347,0.426,0.837
33,Image_14477-1.jpg (red),11.270,12.556,0.898,4.837,940,224,109.983,3.306,1.356,0.737,0.898
34,Image_14477-1.jpg (red),25.101,21.463,0.685,7.797,963,238,32.005,5.485,1.710,0.585,0.801
35,Image_14477-1.jpg (red),81.449,37.968,0.710,12.097,977,245,7.853,9.610,1.218,0.821,0.887
36,Image_14477-1.jpg (red),10.757,12.898,0.813,5.388,930,229,122.471,3.094,2.019,0.495,0.829
37,Image_14477-1.jpg (red),32.102,23.216,0.748,9.682,726,231,129.806,4.709,2.141,0.467,0.900
38,Image_14477-1.jpg (red),27.662,22.532,0.685,8.202,797,233,130.914,5.785,1.466,0.682,0.816
39,Image_14477-1.jpg (red),32.102,23.701,0.718,9.611,892,233,115.463,5.844,1.501,0.666,0.836
40,Image_14477-1.jpg (red),10.245,13.040,0.757,5.178,681,250,61.390,3.240,1.714,0.583,0.851
41,Image_14477-1.jpg (red),76.327,41.858,0.547,14.621,811,243,137.291,9.533,1.610,0.621,0.829
42,Image_14477-1.jpg (red),54.129,30.613,0.726,11.695,619,241,122.005,6.787,1.745,0.573,0.871
43,Image_14477-1.jpg (red),29.370,27.449,0.490,10.331,750,261,53.130,6.095,2.289,0.437,0.683
44,Image_14477-1.jpg (red),10.074,12.656,0.790,5.044,858,247,34.992,3.306,1.440,0.695,0.874
45,Image_14477-1.jpg (red),20.490,18.057,0.790,7.061,841,241,110.556,4.498,1.654,0.605,0.857
46,Image_14477-1.jpg (red),11.611,12.898,0.877,5.044,928,251,55.008,3.506,1.482,0.675,0.901
47,Image_14477-1.jpg (red),45.420,29.302,0.665,9.822,762,265,67.751,7.755,1.313,0.762,0.807
48,Image_14477-1.jpg (red),12.294,13.040,0.909,5.044,689,255,55.008,3.659,1.368,0.731,0.923
49,Image_14477-1.jpg (red),14.514,18.400,0.539,8.023,703,247,145.491,3.191,3.337,0.300,0.723
50,Image_14477-1.jpg (red),10.074,12.556,0.803,5.292,938,255,51.340,3.214,1.680,0.595,0.855
51,Image_14477-1.jpg (red),80.254,36.357,0.763,12.975,954,260,9.162,8.600,1.514,0.661,0.898
52,Image_14477-1.jpg (red),29.711,26.322,0.539,9.025,653,267,74.055,5.673,1.626,0.615,0.798
53,Image_14477-1.jpg (red),58.398,34.019,0.634,11.818,775,270,36.469,7.106,1.801,0.555,0.853
54,Image_14477-1.jpg (red),29.370,21.605,0.791,8.119,868,260,14.744,5.157,1.635,0.611,0.898
55,Image_14477-1.jpg (red),17.758,17.957,0.692,7.597,605,250,135.000,4.298,2.054,0.487,0.829
56,Image_14477-1.jpg (red),114.746,63.522,0.357,18.073,991,294,79.461,9.271,2.125,0.471,0.792
57,Image_14477-1.jpg (red),14.514,15.135,0.796,6.534,704,252,124.695,3.420,1.955,0.512,0.876
58,Image_14477-1.jpg (red),45.420,27.791,0.739,11.286,841,255,113.749,6.428,1.738,0.575,0.896
59,Image_14477-1.jpg (red),10.757,12.556,0.858,4.711,940,255,142.125,3.647,1.237,0.808,0.869
60,Image_14477-1.jpg (red),21.686,19.752,0.699,7.840,903,256,108.435,4.076,2.121,0.472,0.882
61,Image_14477-1.jpg (red),13.148,14.651,0.770,5.620,574,257,107.103,3.667,1.503,0.665,0.842
62,Image_14477-1.jpg (red),15.709,19.126,0.540,6.534,598,260,145.305,4.410,1.585,0.631,0.767
63,Image_14477-1.jpg (red),14.856,14.067,0.943,5.372,731,265,22.620,4.132,1.190,0.841,0.911
64,Image_14477-1.jpg (red),19.637,21.463,0.536,8.367,667,259,110.225,3.981,2.296,0.436,0.767
65,Image_14477-1.jpg (red),15.539,16.304,0.735,7.037,813,262,139.764,3.588,2.153,0.464,0.835
66,Image_14477-1.jpg (red),21.515,18.441,0.795,6.534,685,275,55.305,5.096,1.200,0.833,0.903
67,Image_14477-1.jpg (red),10.757,13.482,0.744,5.844,723,263,135.000,2.922,2.150,0.465,0.851
68,Image_14477-1.jpg (red),18.612,17.615,0.754,6.308,876,276,58.392,4.295,1.412,0.708,0.883
69,Image_14477-1.jpg (red),18.783,21.605,0.506,8.519,909,282,67.166,4.088,2.801,0.357,0.685
70,Image_14477-1.jpg (red),12.807,14.309,0.786,4.993,938,263,114.444,4.132,1.079,0.927,0.843
71,Image_14477-1.jpg (red),14.514,17.573,0.591,7.037,616,265,139.764,4.091,1.925,0.520,0.791
72,Image_14477-1.jpg (red),44.225,30.271,0.607,10.164,711,286,63.435,7.371,1.512,0.661,0.784
73,Image_14477-1.jpg (red),19.807,19.810,0.634,6.198,745,279,53.130,4.967,1.219,0.820,0.841
74,Image_14477-1.jpg (red),18.441,17.957,0.719,7.133,583,267,100.008,3.971,1.841,0.543,0.861
75,Image_14477-1.jpg (red),15.880,15.277,0.855,5.741,599,267,120.256,4.100,1.342,0.745,0.903
76,Image_14477-1.jpg (red),26.979,26.422,0.486,9.513,756,270,145.620,5.729,1.872,0.534,0.710
77,Image_14477-1.jpg (red),16.563,17.514,0.679,6.101,826,275,28.301,4.959,1.181,0.847,0.812
78,Image_14477-1.jpg (red),31.419,26.038,0.582,8.428,950,288,78.690,5.643,1.630,0.613,0.858
79,Image_14477-1.jpg (red),21.686,19.226,0.737,7.392,630,275,153.435,4.567,1.712,0.584,0.814
80,Image_14477-1.jpg (red),23.052,21.847,0.607,8.766,784,272,135.000,4.967,1.813,0.552,0.776
81,Image_14477-1.jpg (red),16.563,16.062,0.807,5.544,731,274,116.565,4.710,1.142,0.875,0.862
82,Image_14477-1.jpg (red),16.392,17.373,0.683,7.109,868,275,125.538,4.275,1.989,0.503,0.800
83,Image_14477-1.jpg (red),44.908,27.975,0.721,10.454,882,276,108.435,6.561,1.631,0.613,0.899
84,Image_14477-1.jpg (red),39.103,27.591,0.645,9.822,781,278,104.621,6.612,1.551,0.645,0.808
85,Image_14477-1.jpg (red),28.174,20.052,0.880,6.927,917,289,17.354,6.095,1.043,0.959,0.899
86,Image_14477-1.jpg (red),26.467,24.143,0.571,10.088,558,281,145.008,4.967,2.374,0.421,0.791
87,Image_14477-1.jpg (red),27.150,22.532,0.672,9.063,658,300,65.772,4.928,2.066,0.484,0.853
88,Image_14477-1.jpg (red),18.271,19.952,0.577,7.597,668,283,135.000,4.361,1.947,0.514,0.781
89,Image_14477-1.jpg (red),86.230,41.758,0.621,14.249,834,280,106.858,9.935,1.645,0.608,0.795
90,Image_14477-1.jpg (red),26.467,22.674,0.647,7.981,854,281,111.251,4.959,1.613,0.620,0.833
91,Image_14477-1.jpg (red),12.123,16.446,0.563,7.217,1033,281,113.629,2.958,3.165,0.316,0.776
92,Image_14477-1.jpg (red),20.490,22.774,0.496,7.217,755,293,23.629,4.959,1.447,0.691,0.792
93,Image_14477-1.jpg (red),15.368,16.688,0.693,6.198,798,294,36.870,4.545,1.540,0.649,0.829
94,Image_14477-1.jpg (red),14.002,15.135,0.768,6.017,601,298,74.055,3.306,1.886,0.530,0.896
95,Image_14477-1.jpg (red),24.247,23.701,0.542,7.322,907,284,106.390,4.959,1.389,0.720,0.853
96,Image_14477-1.jpg (red),19.637,17.030,0.851,6.415,813,286,104.931,4.132,1.525,0.656,0.916
97,Image_14477-1.jpg (red),63.520,33.151,0.726,13.555,933,286,127.569,6.136,2.235,0.447,0.912
98,Image_14477-1.jpg (red),38.078,29.202,0.561,11.003,620,289,145.713,6.033,2.015,0.496,0.772
99,Image_14477-1.jpg (red),25.271,22.974,0.602,8.519,721,309,75.964,5.185,1.870,0.535,0.781
100,Image_14477-1.jpg (red),12.123,13.482,0.838,5.292,731,289,128.660,3.471,1.672,0.598,0.855
101,Image_14477-1.jpg (red),31.760,29.202,0.468,11.369,515,316,70.907,4.942,2.634,0.380,0.703
102,Image_14477-1.jpg (red),51.055,29.002,0.763,9.822,955,306,22.249,7.692,1.069,0.936,0.872
103,Image_14477-1.jpg (red),13.319,13.382,0.935,5.178,1022,304,61.390,3.719,1.253,0.798,0.912
104,Image_14477-1.jpg (red),21.003,20.295,0.641,8.150,698,312,59.534,3.511,2.592,0.386,0.845
105,Image_14477-1.jpg (red),33.809,28.275,0.531,9.986,979,294,155.556,6.038,1.818,0.550,0.781
106,Image_14477-1.jpg (red),41.835,26.522,0.747,10.130,544,320,78.232,6.174,1.630,0.613,0.884
107,Image_14477-1.jpg (red),28.687,23.901,0.631,9.286,668,311,20.854,5.785,1.685,0.593,0.808
108,Image_14477-1.jpg (red),17.588,17.615,0.712,7.449,1007,297,123.690,3.973,1.963,0.510,0.844
109,Image_14477-1.jpg (red),33.297,24.669,0.688,9.368,1053,299,138.576,5.552,1.746,0.573,0.835
110,Image_14477-1.jpg (red),25.784,20.979,0.736,7.061,585,298,110.556,5.827,1.297,0.771,0.830
111,Image_14477-1.jpg (red),15.197,14.693,0.885,5.873,660,309,50.711,4.109,1.461,0.685,0.922
112,Image_14477-1.jpg (red),12.636,16.888,0.557,7.686,506,314,53.746,2.716,3.600,0.278,0.787
113,Image_14477-1.jpg (red),78.205,36.941,0.720,13.940,755,305,168.024,8.592,1.651,0.606,0.872
114,Image_14477-1.jpg (red),20.661,23.842,0.457,9.995,523,321,60.255,3.506,3.419,0.293,0.712
115,Image_14477-1.jpg (red),92.719,44.621,0.585,14.374,1030,301,108.435,9.091,1.418,0.705,0.850
116,Image_14477-1.jpg (red),49.689,30.229,0.683,10.535,710,302,101.310,7.466,1.326,0.754,0.855
117,Image_14477-1.jpg (red),13.831,15.962,0.682,6.143,596,306,132.274,3.776,1.803,0.555,0.783
118,Image_14477-1.jpg (red),33.468,31.097,0.435,9.935,647,327,73.072,7.679,1.165,0.858,0.706
119,Image_14477-1.jpg (red),14.343,15.377,0.762,6.308,723,319,58.392,3.397,2.034,0.492,0.870
120,Image_14477-1.jpg (red),18.783,17.915,0.735,6.727,827,305,100.620,4.748,1.382,0.724,0.818
121,Image_14477-1.jpg (red),42.005,27.107,0.718,10.003,863,305,128.290,6.157,1.560,0.641,0.854
122,Image_14477-1.jpg (red),14.685,14.209,0.914,5.544,628,317,26.565,3.719,1.374,0.728,0.925
123,Image_14477-1.jpg (red),52.251,29.645,0.747,10.624,794,319,13.496,7.889,1.332,0.751,0.860
124,Image_14477-1.jpg (red),24.076,19.468,0.798,7.392,853,308,116.565,4.811,1.597,0.626,0.879
125,Image_14477-1.jpg (red),21.856,19.710,0.707,8.785,572,309,131.186,3.799,2.362,0.423,0.895
126,Image_14477-1.jpg (red),32.102,23.984,0.701,8.519,668,327,50.906,6.283,1.314,0.761,0.843
127,Image_14477-1.jpg (red),14.856,15.820,0.746,6.663,831,325,60.255,3.333,2.186,0.458,0.866
128,Image_14477-1.jpg (red),85.718,50.907,0.416,14.433,965,320,166.759,10.931,1.230,0.813,0.732
129,Image_14477-1.jpg (red),34.663,28.960,0.519,10.206,533,312,121.759,7.013,1.375,0.727,0.773
130,Image_14477-1.jpg (red),16.051,16.304,0.759,6.534,950,313,145.305,3.799,1.826,0.548,0.825
131,Image_14477-1.jpg (red),18.441,18.884,0.650,7.895,620,316,137.121,3.756,2.500,0.400,0.809
132,Image_14477-1.jpg (red),24.759,20.737,0.724,7.840,817,334,71.565,4.485,1.941,0.515,0.838
133,Image_14477-1.jpg (red),32.614,23.742,0.727,8.843,902,333,52.595,5.570,1.753,0.570,0.866
134,Image_14477-1.jpg (red),27.321,20.153,0.845,7.228,881,318,120.964,5.256,1.389,0.720,0.886
135,Image_14477-1.jpg (red),38.932,26.138,0.716,8.688,1053,336,64.654,7.013,1.192,0.839,0.865
136,Image_14477-1.jpg (red),23.564,23.258,0.547,7.597,501,318,112.380,5.985,1.238,0.808,0.758
137,Image_14477-1.jpg (red),23.222,19.710,0.751,8.264,567,321,143.130,4.383,2.063,0.485,0.875
138,Image_14477-1.jpg (red),25.955,23.458,0.593,9.638,587,321,120.964,4.371,2.350,0.425,0.804
139,Image_14477-1.jpg (red),33.809,22.048,0.874,7.449,720,321,109.440,6.653,1.110,0.901,0.898
140,Image_14477-1.jpg (red),21.856,20.295,0.667,7.025,765,324,151.928,4.911,1.584,0.631,0.826
141,Image_14477-1.jpg (red),14.685,14.551,0.872,5.292,934,335,38.660,4.457,1.163,0.860,0.864
142,Image_14477-1.jpg (red),20.320,18.884,0.716,7.311,916,326,132.709,4.567,1.797,0.557,0.812
143,Image_14477-1.jpg (red),24.930,21.564,0.674,8.264,513,341,36.870,4.463,2.097,0.477,0.837
144,Image_14477-1.jpg (red),15.880,17.473,0.654,6.534,705,327,124.695,3.881,1.597,0.626,0.809
145,Image_14477-1.jpg (red),11.270,12.798,0.865,4.711,665,330,142.125,3.719,1.132,0.884,0.904
146,Image_14477-1.jpg (red),11.953,16.346,0.562,6.663,683,336,29.745,3.012,2.523,0.396,0.787
147,Image_14477-1.jpg (red),96.988,47.159,0.548,18.429,830,328,137.726,7.794,2.418,0.414,0.836
148,Image_14477-1.jpg (red),34.151,24.043,0.742,8.509,991,343,29.055,6.025,1.512,0.661,0.842
149,Image_14477-1.jpg (red),27.491,20.678,0.808,7.586,1079,331,150.642,5.785,1.112,0.899,0.870
150,Image_14477-1.jpg (red),39.786,25.938,0.743,8.519,616,347,50.906,6.766,1.270,0.787,0.898
151,Image_14477-1.jpg (red),83.669,38.511,0.709,14.979,744,351,24.444,7.889,1.808,0.553,0.871
152,Image_14477-1.jpg (red),38.420,34.403,0.408,11.688,1068,358,81.870,6.576,1.965,0.509,0.667
153,Image_14477-1.jpg (red),29.540,22.006,0.767,8.023,727,338,168.111,5.466,1.434,0.698,0.842
154,Image_14477-1.jpg (red),19.978,17.473,0.822,6.840,640,334,154.983,4.584,1.497,0.668,0.883
155,Image_14477-1.jpg (red),11.953,13.624,0.809,5.544,791,341,26.565,3.125,1.955,0.512,0.881
156,Image_14477-1.jpg (red),28.174,22.390,0.706,8.233,577,335,107.526,6.136,1.274,0.785,0.811
157,Image_14477-1.jpg (red),12.123,12.798,0.930,4.711,937,335,142.125,3.719,1.076,0.929,0.904
158,Image_14477-1.jpg (red),53.275,41.557,0.388,13.454,547,360,47.490,7.586,2.259,0.443,0.726
159,Image_14477-1.jpg (red),31.589,22.632,0.775,8.599,963,355,54.782,4.920,1.727,0.579,0.898
160,Image_14477-1.jpg (red),23.393,23.500,0.532,8.140,687,349,23.962,4.493,1.934,0.517,0.768
161,Image_14477-1.jpg (red),32.272,24.627,0.669,8.233,1012,353,17.526,7.025,1.195,0.837,0.816
162,Image_14477-1.jpg (red),11.611,14.209,0.723,5.513,529,341,167.005,3.306,1.778,0.562,0.840
163,Image_14477-1.jpg (red),19.637,18.299,0.737,6.534,800,344,161.565,4.959,1.375,0.727,0.819
164,Image_14477-1.jpg (red),11.782,12.656,0.924,4.470,595,352,56.310,4.091,1.143,0.875,0.857
165,Image_14477-1.jpg (red),49.860,36.156,0.479,11.526,889,346,104.534,7.833,1.356,0.738,0.758
166,Image_14477-1.jpg (red),10.928,14.309,0.671,6.143,691,348,132.274,3.209,2.189,0.457,0.821
167,Image_14477-1.jpg (red),33.809,23.458,0.772,8.628,788,347,106.699,6.142,1.289,0.776,0.857
168,Image_14477-1.jpg (red),39.786,33.334,0.450,9.986,527,370,65.556,7.541,1.475,0.678,0.764
169,Image_14477-1.jpg (red),10.245,11.629,0.952,4.470,907,357,56.310,3.306,1.239,0.807,0.923
170,Image_14477-1.jpg (red),22.027,17.615,0.892,6.455,974,359,39.806,4.620,1.354,0.738,0.925
171,Image_14477-1.jpg (red),11.782,15.478,0.618,5.111,996,355,14.036,3.719,1.158,0.863,0.798
172,Image_14477-1.jpg (red),14.685,15.720,0.747,6.534,663,350,145.305,3.799,1.683,0.594,0.896
173,Image_14477-1.jpg (red),24.930,21.463,0.680,9.286,1032,349,122.276,4.050,2.500,0.400,0.872
174,Image_14477-1.jpg (red),45.933,34.119,0.496,12.286,493,372,47.726,6.797,1.701,0.588,0.734
175,Image_14477-1.jpg (red),85.377,37.909,0.747,13.339,450,351,106.189,9.539,1.238,0.808,0.885
176,Image_14477-1.jpg (red),11.440,12.898,0.864,4.837,494,351,109.983,3.608,1.435,0.697,0.865
177,Image_14477-1.jpg (red),27.491,20.436,0.827,7.025,607,366,61.928,6.198,1.064,0.940,0.875
178,Image_14477-1.jpg (red),32.443,25.997,0.603,11.429,720,351,130.601,4.091,3.206,0.312,0.870
179,Image_14477-1.jpg (red),33.809,25.212,0.668,9.822,869,374,75.379,5.619,1.889,0.529,0.816
180,Image_14477-1.jpg (red),19.807,17.957,0.772,7.357,684,352,141.843,4.383,1.766,0.566,0.892
181,Image_14477-1.jpg (red),22.881,18.299,0.859,6.468,738,355,153.435,5.359,1.182,0.846,0.899
182,Image_14477-1.jpg (red),17.929,17.514,0.734,6.727,917,353,132.510,4.757,1.311,0.763,0.847
183,Image_14477-1.jpg (red),12.636,15.962,0.623,5.756,636,367,68.962,3.719,1.766,0.566,0.796
184,Image_14477-1.jpg (red),25.955,22.632,0.637,9.441,562,376,66.801,3.969,2.766,0.361,0.854
185,Image_14477-1.jpg (red),24.759,21.705,0.660,7.597,995,356,135.000,5.207,1.668,0.599,0.790
186,Image_14477-1.jpg (red),32.443,28.718,0.494,11.119,1013,356,138.013,5.259,2.136,0.468,0.828
187,Image_14477-1.jpg (red),43.542,29.302,0.637,12.910,469,382,50.194,4.482,3.087,0.324,0.892
188,Image_14477-1.jpg (red),63.862,44.579,0.404,13.680,930,372,25.017,8.997,1.624,0.616,0.729
189,Image_14477-1.jpg (red),99.208,43.027,0.673,15.951,1108,366,143.427,8.342,2.057,0.486,0.893
190,Image_14477-1.jpg (red),23.905,23.016,0.567,8.023,829,359,124.509,5.289,1.585,0.631,0.755
191,Image_14477-1.jpg (red),10.587,14.551,0.628,6.143,670,361,132.274,2.937,2.540,0.394,0.795
192,Image_14477-1.jpg (red),25.271,19.268,0.855,7.597,1137,378,67.620,4.132,1.652,0.605,0.952
193,Image_14477-1.jpg (red),33.809,24.285,0.720,8.140,589,380,66.038,6.884,1.171,0.854,0.865
194,Image_14477-1.jpg (red),22.881,24.769,0.469,7.037,644,362,130.236,5.785,1.085,0.922,0.738
195,Image_14477-1.jpg (red),10.074,14.067,0.640,4.675,761,362,135.000,4.087,1.131,0.884,0.787
196,Image_14477-1.jpg (red),41.493,31.982,0.510,12.047,529,379,30.964,6.195,2.389,0.419,0.775
197,Image_14477-1.jpg (red),13.660,14.067,0.868,5.044,581,364,124.992,4.250,1.241,0.806,0.856
198,Image_14477-1.jpg (red),15.197,19.368,0.509,6.455,908,364,129.806,4.443,1.414,0.707,0.771
199,Image_14477-1.jpg (red),18.100,17.373,0.754,7.025,702,366,118.072,4.500,1.592,0.628,0.855
200,Image_14477-1.jpg (red),39.273,31.782,0.489,9.682,814,366,129.806,6.428,1.649,0.606,0.820
201,Image_14477-1.jpg (red),47.299,28.234,0.746,9.822,791,384,22.249,7.013,1.381,0.724,0.839
202,Image_14477-1.jpg (red),33.809,29.302,0.495,11.241,1010,369,126.027,4.959,2.819,0.355,0.795
203,Image_14477-1.jpg (red),19.295,17.857,0.760,6.840,1040,369,115.017,4.545,1.413,0.708,0.859
204,Image_14477-1.jpg (red),33.980,26.180,0.623,10.054,880,370,99.462,5.785,1.954,0.512,0.821
205,Image_14477-1.jpg (red),42.347,33.334,0.479,13.339,957,401,73.811,4.620,3.153,0.317,0.860
206,Image_14477-1.jpg (red),66.935,35.872,0.654,12.817,1096,399,69.228,8.766,1.318,0.759,0.831
207,Image_14477-1.jpg (red),112.526,66.143,0.323,26.939,481,414,41.269,9.952,3.662,0.273,0.650
208,Image_14477-1.jpg (red),13.660,17.957,0.532,7.061,685,371,110.556,3.514,2.145,0.466,0.780
209,Image_14477-1.jpg (red),16.051,17.473,0.661,5.916,718,374,155.225,4.437,1.305,0.766,0.821
210,Image_14477-1.jpg (red),30.394,20.737,0.888,7.322,779,371,106.390,5.908,1.123,0.890,0.913
211,Image_14477-1.jpg (red),31.248,23.901,0.687,7.949,491,373,117.897,6.612,1.088,0.919,0.832
212,Image_14477-1.jpg (red),24.588,21.505,0.668,7.217,1058,374,156.371,5.785,1.257,0.796,0.818
213,Image_14477-1.jpg (red),14.514,19.025,0.504,6.815,657,375,104.036,4.132,2.025,0.494,0.700
214,Image_14477-1.jpg (red),14.002,16.062,0.682,6.143,750,385,42.274,4.091,1.555,0.643,0.837
215,Image_14477-1.jpg (red),19.295,18.299,0.724,6.415,972,391,75.069,5.372,1.089,0.918,0.793
216,Image_14477-1.jpg (red),14.856,14.893,0.842,5.227,995,379,161.565,4.203,1.322,0.756,0.861
217,Image_14477-1.jpg (red),27.833,21.121,0.784,7.597,984,377,112.380,5.785,1.285,0.778,0.881
218,Image_14477-1.jpg (red),38.761,27.349,0.651,10.130,523,404,78.232,5.637,1.965,0.509,0.844
219,Image_14477-1.jpg (red),11.440,12.556,0.912,4.470,453,381,123.690,3.719,1.100,0.909,0.893
220,Image_14477-1.jpg (red),16.392,20.395,0.495,8.367,630,384,147.095,4.039,2.545,0.393,0.696
221,Image_14477-1.jpg (red),14.002,15.377,0.744,5.873,677,381,129.289,4.209,1.438,0.695,0.845
222,Image_14477-1.jpg (red),19.295,17.373,0.803,6.840,478,397,64.983,3.881,1.838,0.544,0.893
223,Image_14477-1.jpg (red),96.305,43.369,0.643,16.734,837,386,159.775,8.549,2.097,0.477,0.876
224,Image_14477-1.jpg (red),12.807,14.994,0.716,5.559,1006,394,41.987,3.506,1.582,0.632,0.824
225,Image_14477-1.jpg (red),23.735,19.710,0.768,6.534,706,399,71.565,5.785,1.118,0.895,0.855
226,Image_14477-1.jpg (red),22.027,21.605,0.593,8.367,885,395,20.225,5.372,1.491,0.671,0.752
227,Image_14477-1.jpg (red),53.275,33.051,0.613,13.454,732,411,47.490,6.346,2.693,0.371,0.810
228,Image_14477-1.jpg (red),58.398,37.183,0.531,12.676,907,415,70.974,7.579,1.701,0.588,0.799
229,Image_14477-1.jpg (red),25.101,20.052,0.784,7.109,786,387,125.538,5.174,1.287,0.777,0.894
230,Image_14477-1.jpg (red),15.368,17.030,0.666,6.727,1036,387,100.620,3.719,1.827,0.547,0.807
231,Image_14477-1.jpg (red),12.123,13.825,0.797,5.178,938,388,118.610,3.782,1.310,0.763,0.798
232,Image_14477-1.jpg (red),15.880,15.135,0.871,5.388,811,389,122.471,4.503,1.191,0.839,0.865
233,Image_14477-1.jpg (red),37.907,30.129,0.525,9.822,995,404,22.249,6.991,1.304,0.767,0.740
234,Image_14477-1.jpg (red),16.392,15.377,0.871,6.308,445,404,58.392,4.066,1.701,0.588,0.906
235,Image_14477-1.jpg (red),60.105,46.917,0.343,14.219,542,392,144.462,7.692,1.938,0.516,0.801
236,Image_14477-1.jpg (red),47.299,35.087,0.483,11.429,671,395,139.399,6.449,1.802,0.555,0.797
237,Image_14477-1.jpg (red),35.004,25.395,0.682,9.147,1133,412,71.565,5.581,1.727,0.579,0.842
238,Image_14477-1.jpg (red),20.661,18.341,0.772,6.534,651,405,55.305,5.227,1.081,0.925,0.855
239,Image_14477-1.jpg (red),17.929,16.788,0.799,6.927,1074,394,162.646,3.708,2.058,0.486,0.901
240,Image_14477-1.jpg (red),22.881,19.226,0.778,7.938,467,393,128.660,4.215,2.057,0.486,0.890
241,Image_14477-1.jpg (red),22.198,19.610,0.725,7.322,597,402,16.390,4.695,1.711,0.585,0.823
242,Image_14477-1.jpg (red),10.416,12.798,0.799,5.227,826,407,71.565,2.875,1.997,0.501,0.884
243,Image_14477-1.jpg (red),54.641,31.339,0.699,11.983,1095,401,136.397,7.392,1.670,0.599,0.890
244,Image_14477-1.jpg (red),44.737,30.613,0.600,10.535,577,397,115.560,7.393,1.379,0.725,0.829
245,Image_14477-1.jpg (red),70.692,39.379,0.573,13.326,1038,406,150.255,7.425,1.663,0.601,0.830
246,Image_14477-1.jpg (red),35.004,24.043,0.761,8.688,966,402,154.654,6.609,1.276,0.783,0.867
247,Image_14477-1.jpg (red),11.611,14.651,0.680,5.620,1007,410,36.027,3.460,1.911,0.523,0.768
248,Image_14477-1.jpg (red),62.496,40.831,0.471,15.172,1021,400,119.358,7.851,1.894,0.528,0.768
249,Image_14477-1.jpg (red),18.271,19.468,0.606,8.140,453,401,113.962,3.974,2.456,0.407,0.754
250,Image_14477-1.jpg (red),94.427,42.200,0.666,16.206,710,438,70.641,7.534,2.369,0.422,0.896
251,Image_14477-1.jpg (red),29.540,21.806,0.781,8.367,866,415,32.905,5.544,1.600,0.625,0.861
252,Image_14477-1.jpg (red),12.123,16.788,0.541,6.877,927,401,122.735,3.506,2.289,0.437,0.728
253,Image_14477-1.jpg (red),30.565,25.253,0.602,9.063,947,404,136.848,6.103,1.555,0.643,0.785
254,Image_14477-1.jpg (red),18.612,18.199,0.706,6.455,633,405,129.806,4.959,1.307,0.765,0.823
255,Image_14477-1.jpg (red),31.760,25.212,0.628,11.165,600,406,128.991,4.675,2.666,0.375,0.875
256,Image_14477-1.jpg (red),14.173,13.825,0.932,5.227,697,406,108.435,3.937,1.319,0.758,0.897
257,Image_14477-1.jpg (red),44.396,29.444,0.644,10.164,746,408,116.565,7.353,1.505,0.665,0.818
258,Image_14477-1.jpg (red),38.590,24.970,0.778,8.834,839,429,79.216,6.988,1.175,0.851,0.866
259,Image_14477-1.jpg (red),11.270,14.551,0.669,5.388,438,413,147.529,3.973,1.334,0.749,0.776
260,Image_14477-1.jpg (red),22.369,20.194,0.689,7.619,464,411,130.601,5.098,1.647,0.607,0.792
261,Image_14477-1.jpg (red),24.930,22.048,0.644,8.509,544,410,119.055,5.157,1.760,0.568,0.823
262,Image_14477-1.jpg (red),63.349,44.379,0.404,15.876,671,410,128.660,6.895,2.272,0.440,0.774
263,Image_14477-1.jpg (red),273.035,69.508,0.710,21.963,507,411,94.316,18.586,1.097,0.911,0.905
264,Image_14477-1.jpg (red),41.493,27.591,0.685,9.286,767,411,110.854,7.438,1.090,0.917,0.829
265,Image_14477-1.jpg (red),28.516,22.532,0.706,9.063,781,412,136.848,5.552,1.648,0.607,0.837
266,Image_14477-1.jpg (red),65.740,35.772,0.646,12.459,899,412,95.711,8.867,1.349,0.741,0.853
267,Image_14477-1.jpg (red),11.099,15.277,0.598,6.676,1079,413,111.801,2.606,2.774,0.360,0.833
268,Image_14477-1.jpg (red),42.347,26.380,0.765,9.323,990,436,77.196,6.118,1.545,0.647,0.864
269,Image_14477-1.jpg (red),18.612,16.304,0.880,6.143,947,415,109.654,4.545,1.317,0.760,0.905
270,Image_14477-1.jpg (red),146.848,50.482,0.724,16.611,592,456,84.289,13.349,1.124,0.890,0.886
271,Image_14477-1.jpg (red),20.149,18.884,0.710,7.311,1123,417,137.291,4.470,1.826,0.548,0.849
272,Image_14477-1.jpg (red),15.880,17.272,0.669,6.143,634,428,42.274,4.266,1.357,0.737,0.819
273,Image_14477-1.jpg (red),12.977,13.724,0.866,5.292,812,419,128.660,3.756,1.491,0.671,0.889
274,Image_14477-1.jpg (red),55.495,39.036,0.458,13.454,560,420,100.620,7.717,2.035,0.491,0.699
275,Image_14477-1.jpg (red),15.709,15.277,0.846,5.620,801,433,72.897,3.719,1.489,0.672,0.915
276,Image_14477-1.jpg (red),25.271,21.806,0.668,8.519,874,431,22.834,5.451,1.787,0.560,0.775
277,Image_14477-1.jpg (red),54.641,34.645,0.572,12.286,1102,426,137.726,7.300,1.582,0.632,0.841
278,Image_14477-1.jpg (red),44.908,32.950,0.520,10.206,451,423,121.759,7.638,1.373,0.728,0.806
279,Image_14477-1.jpg (red),45.079,33.293,0.511,14.344,729,423,138.504,5.185,3.543,0.282,0.806
280,Image_14477-1.jpg (red),22.369,19.852,0.713,6.877,1076,424,122.735,4.959,1.440,0.695,0.845
281,Image_14477-1.jpg (red),38.761,25.554,0.746,9.513,1138,427,145.620,5.387,1.782,0.561,0.880
282,Image_14477-1.jpg (red),16.563,16.888,0.730,6.840,661,424,115.017,3.897,1.910,0.523,0.840
283,Image_14477-1.jpg (red),84.181,38.251,0.723,13.536,924,424,102.339,8.870,1.455,0.687,0.881
284,Image_14477-1.jpg (red),22.881,19.810,0.733,7.449,958,435,19.440,5.238,1.410,0.709,0.830
285,Image_14477-1.jpg (red),66.765,37.626,0.593,13.643,821,429,144.866,7.869,1.609,0.621,0.796
286,Image_14477-1.jpg (red),12.294,13.240,0.881,5.178,842,426,151.390,3.614,1.474,0.678,0.878
287,Image_14477-1.jpg (red),40.810,29.403,0.593,12.910,639,429,140.194,4.383,3.223,0.310,0.882
288,Image_14477-1.jpg (red),10.245,13.967,0.660,5.960,1157,431,123.690,3.016,2.308,0.433,0.795
289,Image_14477-1.jpg (red),32.785,24.285,0.699,8.233,441,451,72.474,6.612,1.167,0.857,0.846
290,Image_14477-1.jpg (red),10.074,14.108,0.636,6.253,1056,432,97.595,2.066,3.239,0.309,0.894
291,Image_14477-1.jpg (red),27.833,26.138,0.512,9.585,1099,432,97.431,5.959,1.737,0.576,0.715
292,Image_14477-1.jpg (red),69.326,45.506,0.421,14.557,805,433,96.520,10.454,1.452,0.689,0.651
293,Image_14477-1.jpg (red),14.514,16.446,0.674,7.025,1062,448,61.928,3.576,2.108,0.474,0.842
294,Image_14477-1.jpg (red),107.233,45.465,0.652,15.160,1013,436,107.447,10.842,1.191,0.840,0.846
295,Image_14477-1.jpg (red),43.542,28.275,0.684,9.726,873,443,167.735,7.025,1.498,0.668,0.844
296,Image_14477-1.jpg (red),11.270,12.940,0.846,5.044,961,437,145.008,3.306,1.154,0.866,0.923
297,Image_14477-1.jpg (red),16.563,15.478,0.869,5.544,535,446,26.565,4.441,1.223,0.817,0.878
298,Image_14477-1.jpg (red),10.757,12.072,0.928,4.451,973,445,21.801,3.719,1.123,0.891,0.887
299,Image_14477-1.jpg (red),13.831,14.793,0.794,5.559,682,440,131.987,3.790,1.462,0.684,0.853
300,Image_14477-1.jpg (red),18.783,17.172,0.800,6.877,718,439,122.735,4.132,1.440,0.694,0.905
301,Image_14477-1.jpg (red),52.421,34.161,0.564,10.909,1075,463,65.376,7.851,1.337,0.748,0.864
302,Image_14477-1.jpg (red),40.639,36.256,0.388,11.126,945,466,68.199,7.438,1.761,0.568,0.660
303,Image_14477-1.jpg (red),21.686,19.368,0.726,7.449,1041,440,123.690,4.906,1.614,0.619,0.830
304,Image_14477-1.jpg (red),18.954,17.615,0.768,7.025,465,456,61.928,4.051,1.782,0.561,0.874
305,Image_14477-1.jpg (red),66.594,32.708,0.782,10.559,697,443,120.579,9.256,1.160,0.862,0.894
306,Image_14477-1.jpg (red),153.678,54.372,0.653,19.972,1191,487,65.556,11.158,1.797,0.557,0.844
307,Image_14477-1.jpg (red),19.637,17.131,0.841,6.294,729,457,66.801,4.948,1.243,0.805,0.885
308,Image_14477-1.jpg (red),20.149,20.052,0.630,6.815,756,446,165.964,4.879,1.478,0.676,0.808
309,Image_14477-1.jpg (red),73.765,34.645,0.772,12.286,863,475,70.346,8.264,1.561,0.641,0.907
310,Image_14477-1.jpg (red),72.741,36.941,0.670,12.595,1153,450,138.991,9.297,1.360,0.735,0.846
311,Image_14477-1.jpg (red),43.713,29.060,0.650,10.815,569,448,133.452,6.136,1.794,0.557,0.828
312,Image_14477-1.jpg (red),16.905,16.404,0.789,5.620,525,455,17.103,4.966,1.113,0.898,0.853
313,Image_14477-1.jpg (red),53.617,32.608,0.634,11.286,432,453,156.251,8.232,1.477,0.677,0.799
314,Image_14477-1.jpg (red),14.685,18.642,0.531,6.663,773,450,97.125,4.452,1.559,0.641,0.702
315,Image_14477-1.jpg (red),26.467,20.153,0.819,7.217,1053,459,13.241,6.066,1.138,0.878,0.856
316,Image_14477-1.jpg (red),17.417,18.299,0.654,6.143,664,452,137.726,4.959,1.139,0.878,0.797
317,Image_14477-1.jpg (red),18.612,15.962,0.918,5.544,902,452,116.565,4.959,1.101,0.909,0.908
318,Image_14477-1.jpg (red),18.441,16.646,0.836,6.415,538,453,104.931,4.348,1.434,0.697,0.871
319,Image_14477-1.jpg (red),19.466,24.527,0.407,9.025,618,459,164.055,5.651,1.879,0.532,0.576
320,Image_14477-1.jpg (red),44.396,28.960,0.665,10.776,825,475,57.529,7.013,1.732,0.577,0.825
321,Image_14477-1.jpg (red),22.710,17.615,0.920,6.143,1103,455,132.274,5.372,1.033,0.968,0.914
322,Image_14477-1.jpg (red),134.041,56.025,0.537,21.058,511,505,74.055,9.398,2.563,0.390,0.806
323,Image_14477-1.jpg (red),79.571,52.017,0.370,14.899,738,489,56.310,8.374,1.924,0.520,0.803
324,Image_14477-1.jpg (red),11.440,12.656,0.898,4.711,846,457,105.255,3.719,1.266,0.790,0.882
325,Image_14477-1.jpg (red),13.148,15.377,0.699,5.227,479,458,108.435,4.132,1.316,0.760,0.824
326,Image_14477-1.jpg (red),10.245,12.072,0.883,4.819,490,468,59.036,2.975,1.709,0.585,0.876
327,Image_14477-1.jpg (red),22.369,23.801,0.496,9.063,1042,463,155.772,4.666,2.295,0.436,0.732
328,Image_14477-1.jpg (red),12.465,13.825,0.820,5.544,656,460,116.565,3.636,1.595,0.627,0.854
329,Image_14477-1.jpg (red),111.160,51.492,0.527,20.566,1130,460,112.443,6.868,3.257,0.307,0.878
330,Image_14477-1.jpg (red),30.053,23.116,0.707,8.140,421,462,113.962,6.428,1.145,0.873,0.813
331,Image_14477-1.jpg (red),32.443,26.522,0.580,10.063,964,486,70.821,4.979,2.390,0.418,0.782
332,Image_14477-1.jpg (red),32.785,26.522,0.586,10.063,909,464,109.179,5.785,1.818,0.550,0.842
333,Image_14477-1.jpg (red),18.954,18.642,0.685,6.727,664,465,132.510,4.840,1.327,0.754,0.782
334,Image_14477-1.jpg (red),10.587,13.382,0.743,4.451,696,465,111.801,3.719,1.086,0.921,0.821
335,Image_14477-1.jpg (red),43.713,30.371,0.596,12.012,877,466,130.815,5.793,2.518,0.397,0.796
336,Image_14477-1.jpg (red),20.490,17.473,0.843,6.777,543,478,37.569,4.174,1.709,0.585,0.896
337,Image_14477-1.jpg (red),14.173,15.720,0.721,6.198,588,466,126.870,3.987,1.644,0.608,0.856
338,Image_14477-1.jpg (red),22.027,17.131,0.943,6.143,1081,466,109.654,4.959,1.214,0.824,0.912
339,Image_14477-1.jpg (red),28.857,27.791,0.470,9.682,603,469,129.806,5.501,2.058,0.486,0.760
340,Image_14477-1.jpg (red),47.640,26.806,0.833,9.952,1103,468,131.634,6.983,1.396,0.716,0.927
341,Image_14477-1.jpg (red),30.565,22.774,0.741,7.938,498,481,38.660,6.048,1.184,0.844,0.869
342,Image_14477-1.jpg (red),30.736,21.221,0.858,7.449,716,468,109.440,6.351,1.060,0.944,0.891
343,Image_14477-1.jpg (red),100.403,51.333,0.479,14.533,1037,502,75.174,10.499,1.409,0.710,0.836
344,Image_14477-1.jpg (red),11.782,13.724,0.786,5.620,430,480,53.973,3.383,1.833,0.545,0.857
345,Image_14477-1.jpg (red),13.148,14.651,0.770,5.620,456,469,126.027,3.799,1.531,0.653,0.842
346,Image_14477-1.jpg (red),37.907,27.549,0.628,9.441,617,478,23.199,7.025,1.438,0.696,0.818
347,Image_14477-1.jpg (red),66.594,33.635,0.740,11.526,994,477,165.466,8.196,1.331,0.752,0.864
348,Image_14477-1.jpg (red),27.321,22.432,0.682,7.981,1026,469,111.251,5.372,1.625,0.615,0.816
349,Image_14477-1.jpg (red),45.933,30.170,0.634,11.429,562,470,130.601,7.163,1.729,0.579,0.843
350,Image_14477-1.jpg (red),52.763,31.782,0.656,10.535,1173,472,115.560,7.603,1.284,0.779,0.845
351,Image_14477-1.jpg (red),19.466,17.615,0.788,6.777,844,482,37.569,4.435,1.534,0.652,0.891
352,Image_14477-1.jpg (red),15.539,15.377,0.826,5.388,780,481,32.471,4.545,1.115,0.897,0.892
353,Image_14477-1.jpg (red),14.856,15.519,0.775,5.873,927,476,140.711,4.435,1.295,0.772,0.892
354,Image_14477-1.jpg (red),16.051,14.793,0.922,5.544,975,481,26.565,4.132,1.230,0.813,0.926
355,Image_14477-1.jpg (red),15.026,14.309,0.922,5.544,1065,476,153.435,4.132,1.387,0.721,0.893
356,Image_14477-1.jpg (red),28.174,25.353,0.551,10.535,650,476,131.820,5.204,2.314,0.432,0.762
357,Image_14477-1.jpg (red),12.465,13.482,0.862,4.993,640,477,114.444,3.719,1.087,0.920,0.885
358,Image_14477-1.jpg (red),40.810,28.376,0.637,10.624,829,477,103.496,6.707,1.593,0.628,0.797
359,Image_14477-1.jpg (red),52.763,35.330,0.531,13.854,935,510,72.646,6.114,2.816,0.355,0.833
360,Image_14477-1.jpg (red),19.466,21.806,0.514,8.233,861,491,17.526,4.552,1.904,0.525,0.750
361,Image_14477-1.jpg (red),76.156,43.169,0.514,13.761,451,508,48.652,7.813,1.754,0.570,0.865
362,Image_14477-1.jpg (red),15.368,16.404,0.718,6.663,542,495,60.255,3.515,2.153,0.465,0.807
363,Image_14477-1.jpg (red),11.782,13.482,0.815,5.178,633,492,61.390,3.635,1.548,0.646,0.873
364,Image_14477-1.jpg (red),27.321,21.564,0.738,7.797,924,481,122.005,5.272,1.492,0.670,0.851
365,Image_14477-1.jpg (red),13.490,14.509,0.805,5.111,493,486,165.964,4.126,1.207,0.828,0.806
366,Image_14477-1.jpg (red),57.032,32.366,0.684,12.730,725,483,125.754,6.856,2.126,0.470,0.851
367,Image_14477-1.jpg (red),23.905,25.938,0.447,9.175,975,496,35.838,4.881,2.514,0.398,0.716
368,Image_14477-1.jpg (red),49.689,31.540,0.628,9.935,1018,507,73.072,7.709,1.173,0.853,0.831
369,Image_14477-1.jpg (red),18.783,18.400,0.697,7.686,399,488,143.746,3.799,2.373,0.421,0.824
370,Image_14477-1.jpg (red),29.882,24.485,0.626,10.664,639,486,125.538,4.091,2.795,0.358,0.854
371,Image_14477-1.jpg (red),54.983,34.545,0.579,11.241,901,486,107.103,7.851,1.533,0.652,0.786
372,Image_14477-1.jpg (red),42.859,30.029,0.597,9.857,1095,486,123.024,7.438,1.207,0.828,0.831
373,Image_14477-1.jpg (red),33.297,24.185,0.715,9.822,1121,488,112.249,5.205,2.009,0.498,0.890
374,Image_14477-1.jpg (red),68.643,34.219,0.737,11.926,597,489,104.036,8.213,1.551,0.645,0.859
375,Image_14477-1.jpg (red),16.051,15.720,0.816,5.559,755,489,131.987,4.383,1.318,0.759,0.847
376,Image_14477-1.jpg (red),11.782,13.382,0.827,4.711,865,498,52.125,3.920,1.204,0.831,0.852
377,Image_14477-1.jpg (red),45.933,26.463,0.824,9.995,1164,489,119.745,6.612,1.305,0.766,0.926
378,Image_14477-1.jpg (red),141.896,56.609,0.556,21.432,417,493,123.996,9.780,2.380,0.420,0.858
379,Image_14477-1.jpg (red),40.810,26.664,0.721,10.206,559,494,158.629,6.612,1.539,0.650,0.871
380,Image_14477-1.jpg (red),11.782,12.898,0.890,4.837,880,494,109.983,3.719,1.210,0.826,0.879
381,Image_14477-1.jpg (red),23.735,24.143,0.512,7.949,963,494,117.897,5.032,1.885,0.530,0.711
382,Image_14477-1.jpg (red),18.954,20.436,0.570,8.872,662,495,117.759,3.142,3.034,0.330,0.844
383,Image_14477-1.jpg (red),16.051,20.720,0.470,8.920,1077,516,76.608,2.709,3.998,0.250,0.807
384,Image_14477-1.jpg (red),14.856,14.793,0.853,5.916,518,509,65.225,3.719,1.450,0.690,0.906
385,Image_14477-1.jpg (red),25.955,20.879,0.748,7.840,622,514,71.565,5.421,1.437,0.696,0.842
386,Image_14477-1.jpg (red),67.277,41.741,0.485,13.230,702,497,128.660,8.582,1.647,0.607,0.794
387,Image_14477-1.jpg (red),52.421,34.562,0.551,10.535,858,521,78.690,8.319,1.321,0.757,0.827
388,Image_14477-1.jpg (red),36.029,22.974,0.858,8.119,996,497,104.744,6.613,1.109,0.902,0.892
389,Image_14477-1.jpg (red),16.563,16.888,0.730,6.294,763,500,113.199,4.203,1.582,0.632,0.826
390,Image_14477-1.jpg (red),76.668,36.699,0.715,12.730,792,518,13.134,9.796,1.175,0.851,0.840
391,Image_14477-1.jpg (red),23.222,21.405,0.637,8.834,1064,521,79.216,3.719,2.389,0.419,0.858
392,Image_14477-1.jpg (red),26.467,21.363,0.729,9.100,496,501,129.472,4.967,1.862,0.537,0.896
393,Image_14477-1.jpg (red),30.565,22.048,0.790,8.367,407,502,122.905,5.552,1.475,0.678,0.899
394,Image_14477-1.jpg (red),16.392,17.231,0.694,6.017,872,502,105.945,4.805,1.274,0.785,0.800
395,Image_14477-1.jpg (red),16.222,18.441,0.599,6.308,472,503,121.608,4.911,1.430,0.700,0.779
396,Image_14477-1.jpg (red),26.467,20.637,0.781,7.109,912,519,54.462,5.753,1.342,0.745,0.876
397,Image_14477-1.jpg (red),11.099,15.419,0.587,6.534,1113,521,71.565,2.479,2.695,0.371,0.855
398,Image_14477-1.jpg (red),35.346,27.449,0.590,10.870,487,533,81.254,5.905,1.843,0.543,0.817
399,Image_14477-1.jpg (red),25.442,20.820,0.738,8.756,1036,507,109.290,3.719,2.318,0.431,0.931
400,Image_14477-1.jpg (red),34.321,23.642,0.772,9.432,1181,527,61.189,5.372,1.744,0.573,0.912
401,Image_14477-1.jpg (red),14.173,15.177,0.773,6.143,570,508,109.654,2.893,2.050,0.488,0.922
402,Image_14477-1.jpg (red),16.392,16.304,0.775,5.960,465,509,123.690,4.584,1.375,0.727,0.873
403,Image_14477-1.jpg (red),13.319,14.067,0.846,5.111,633,512,165.964,4.132,1.173,0.852,0.839
404,Image_14477-1.jpg (red),11.099,12.455,0.899,4.993,675,515,24.444,2.893,1.650,0.606,0.935
405,Image_14477-1.jpg (red),18.783,17.131,0.804,6.676,1122,510,111.801,4.355,1.554,0.644,0.876
406,Image_14477-1.jpg (red),14.002,16.788,0.624,5.960,516,512,146.310,4.643,1.388,0.720,0.777
407,Image_14477-1.jpg (red),94.427,39.721,0.752,14.267,839,545,79.992,8.521,1.648,0.607,0.908
408,Image_14477-1.jpg (red),31.760,24.586,0.660,8.519,759,512,112.834,6.136,1.443,0.693,0.814
409,Image_14477-1.jpg (red),37.053,25.596,0.711,9.935,942,531,45.000,5.480,1.975,0.506,0.856
410,Image_14477-1.jpg (red),39.956,27.549,0.662,11.429,648,516,130.601,4.914,2.564,0.390,0.870
411,Image_14477-1.jpg (red),24.076,19.268,0.815,7.061,823,529,69.444,4.959,1.464,0.683,0.895
412,Image_14477-1.jpg (red),22.369,20.395,0.676,7.322,786,531,73.610,5.268,1.346,0.743,0.826
413,Image_14477-1.jpg (red),29.370,21.021,0.835,8.023,877,516,145.491,5.372,1.480,0.676,0.903
414,Image_14477-1.jpg (red),26.808,21.806,0.709,8.872,993,514,117.759,4.793,1.975,0.506,0.892
415,Image_14477-1.jpg (red),22.027,20.478,0.660,8.628,1163,514,106.699,3.306,2.485,0.402,0.918
416,Image_14477-1.jpg (red),21.003,20.537,0.626,8.023,453,515,124.509,4.527,1.924,0.520,0.817
417,Image_14477-1.jpg (red),12.977,16.546,0.596,6.198,531,528,53.130,3.483,2.372,0.422,0.749
418,Image_14477-1.jpg (red),19.466,16.788,0.868,6.294,679,517,156.801,4.376,1.457,0.686,0.894
419,Image_14477-1.jpg (red),29.199,22.974,0.695,7.840,920,524,18.435,6.428,1.313,0.762,0.812
420,Image_14477-1.jpg (red),27.491,20.336,0.835,7.109,1085,517,144.462,5.619,1.160,0.862,0.907
421,Image_14477-1.jpg (red),20.661,19.126,0.710,7.025,1133,520,151.928,5.468,1.236,0.809,0.820
422,Image_14477-1.jpg (red),29.028,23.801,0.644,8.628,1007,526,16.699,5.785,1.551,0.645,0.808
423,Image_14477-1.jpg (red),371.047,108.101,0.399,31.933,725,594,79.563,20.904,1.290,0.775,0.788
424,Image_14477-1.jpg (red),64.716,35.188,0.657,13.555,895,522,142.431,6.236,2.277,0.439,0.879
425,Image_14477-1.jpg (red),25.442,23.016,0.604,8.519,1070,518,129.094,5.540,1.722,0.581,0.768
426,Image_14477-1.jpg (red),52.592,32.667,0.619,12.837,638,520,123.179,5.844,2.587,0.387,0.805
427,Image_14477-1.jpg (red),23.222,20.979,0.663,8.717,745,524,148.570,4.298,2.392,0.418,0.840
428,Image_14477-1.jpg (red),52.934,34.787,0.550,12.033,535,537,15.945,6.685,2.081,0.481,0.751
429,Image_14477-1.jpg (red),26.638,21.947,0.695,8.233,1027,522,107.526,5.372,1.388,0.721,0.817
430,Image_14477-1.jpg (red),19.295,16.646,0.875,5.756,499,526,158.962,5.207,1.091,0.917,0.879
431,Image_14477-1.jpg (red),27.833,27.048,0.478,11.279,1056,550,81.573,3.719,2.779,0.360,0.827
432,Image_14477-1.jpg (red),42.518,28.618,0.652,10.624,514,549,76.504,6.647,1.545,0.647,0.805
433,Image_14477-1.jpg (red),16.563,18.299,0.622,6.534,600,539,71.565,4.435,1.566,0.639,0.792
434,Image_14477-1.jpg (red),75.473,37.726,0.666,12.830,688,539,14.931,9.058,1.397,0.716,0.836
435,Image_14477-1.jpg (red),76.668,40.790,0.579,13.686,788,531,151.113,9.621,1.670,0.599,0.782
436,Image_14477-1.jpg (red),22.710,18.925,0.797,6.877,1097,529,147.265,4.959,1.152,0.868,0.908
437,Image_14477-1.jpg (red),13.319,17.272,0.561,5.916,883,538,24.775,4.132,1.579,0.633,0.709
438,Image_14477-1.jpg (red),15.368,16.062,0.749,5.741,1143,540,59.744,4.240,1.353,0.739,0.861
439,Image_14477-1.jpg (red),35.687,31.439,0.454,10.535,973,529,138.180,6.272,2.019,0.495,0.801
440,Image_14477-1.jpg (red),10.928,15.478,0.573,7.013,1173,529,135.000,2.630,3.350,0.299,0.776
441,Image_14477-1.jpg (red),32.614,30.713,0.434,12.328,390,551,39.560,4.213,3.696,0.271,0.733
442,Image_14477-1.jpg (red),82.303,43.954,0.535,14.674,1215,566,80.272,9.382,1.228,0.814,0.797
443,Image_14477-1.jpg (red),23.222,21.263,0.645,8.599,1116,533,125.218,4.310,2.012,0.497,0.829
444,Image_14477-1.jpg (red),30.223,29.870,0.426,10.624,1083,558,76.504,4.959,2.375,0.421,0.783
445,Image_14477-1.jpg (red),18.271,19.952,0.577,7.981,409,552,68.749,3.971,2.351,0.425,0.799
446,Image_14477-1.jpg (red),33.809,27.591,0.558,10.003,863,552,38.290,6.232,1.800,0.556,0.753
447,Image_14477-1.jpg (red),15.026,15.135,0.824,5.916,951,544,24.775,4.132,1.454,0.688,0.859
448,Image_14477-1.jpg (red),23.393,18.057,0.902,6.840,1153,535,115.017,4.928,1.400,0.714,0.916
449,Image_14477-1.jpg (red),15.880,14.651,0.930,5.372,601,540,157.380,4.545,1.090,0.918,0.890
450,Image_14477-1.jpg (red),16.563,16.446,0.770,6.321,1164,541,11.310,3.306,1.726,0.579,0.915
451,Image_14477-1.jpg (red),11.611,12.414,0.947,4.837,568,544,19.983,3.719,1.259,0.795,0.889
452,Image_14477-1.jpg (red),15.197,16.788,0.678,6.840,1065,553,64.983,3.485,2.411,0.415,0.820
453,Image_14477-1.jpg (red),12.807,13.825,0.842,5.111,1023,547,14.036,3.659,1.360,0.735,0.847
454,Image_14477-1.jpg (red),27.321,20.537,0.814,7.720,1104,558,74.476,5.372,1.367,0.732,0.886
455,Image_14477-1.jpg (red),12.294,13.624,0.832,5.559,477,550,41.987,3.790,1.472,0.679,0.889
456,Image_14477-1.jpg (red),109.453,48.570,0.583,15.951,903,541,106.557,11.874,1.241,0.806,0.790
457,Image_14477-1.jpg (red),18.954,16.404,0.885,5.916,539,552,24.775,4.584,1.347,0.743,0.867
458,Image_14477-1.jpg (red),31.760,26.865,0.553,9.286,1164,550,20.854,6.473,1.386,0.722,0.765
459,Image_14477-1.jpg (red),12.465,12.798,0.956,4.711,576,551,37.875,3.719,1.151,0.868,0.924
460,Image_14477-1.jpg (red),82.986,43.736,0.545,17.478,1195,543,96.789,6.612,3.003,0.333,0.866
461,Image_14477-1.jpg (red),139.847,51.308,0.668,18.572,643,544,122.276,10.808,1.990,0.502,0.881
462,Image_14477-1.jpg (red),18.954,16.888,0.835,6.294,430,546,113.199,4.805,1.295,0.772,0.877
463,Image_14477-1.jpg (red),42.347,28.175,0.670,9.822,1039,546,104.621,6.653,1.615,0.619,0.784
464,Image_14477-1.jpg (red),82.474,41.132,0.613,16.451,767,583,64.722,6.501,2.738,0.365,0.874
465,Image_14477-1.jpg (red),44.908,26.581,0.799,8.920,806,553,166.608,7.597,1.097,0.912,0.881
466,Image_14477-1.jpg (red),20.320,18.642,0.735,6.534,571,548,108.435,5.188,1.346,0.743,0.799
467,Image_14477-1.jpg (red),20.661,18.541,0.755,7.025,674,548,118.072,5.041,1.607,0.622,0.818
468,Image_14477-1.jpg (red),22.710,18.400,0.843,6.676,882,563,68.199,4.967,1.275,0.784,0.861
469,Image_14477-1.jpg (red),15.709,15.377,0.835,5.916,1022,548,114.775,4.132,1.284,0.779,0.885
470,Image_14477-1.jpg (red),10.245,12.213,0.863,4.620,594,549,116.565,3.306,1.271,0.787,0.876
471,Image_14477-1.jpg (red),30.736,21.321,0.850,7.764,836,568,64.799,5.714,1.399,0.715,0.893
472,Image_14477-1.jpg (red),10.757,12.414,0.877,5.044,986,551,145.008,3.214,1.560,0.641,0.894
473,Image_14477-1.jpg (red),140.530,57.177,0.540,16.347,1153,589,73.856,11.894,1.236,0.809,0.894
474,Image_14477-1.jpg (red),39.786,29.002,0.594,9.286,482,571,57.724,7.401,1.205,0.830,0.799
475,Image_14477-1.jpg (red),10.757,14.209,0.670,5.559,604,554,131.987,3.439,1.838,0.544,0.787
476,Image_14477-1.jpg (red),23.052,18.967,0.805,7.586,1066,554,119.358,3.719,1.857,0.538,0.971
477,Image_14477-1.jpg (red),10.245,16.404,0.478,6.777,399,566,37.569,3.438,2.716,0.368,0.663
478,Image_14477-1.jpg (red),64.886,34.161,0.699,13.204,519,586,69.864,7.456,1.786,0.560,0.909
479,Image_14477-1.jpg (red),18.441,16.888,0.812,6.777,1010,556,127.569,4.383,1.539,0.650,0.867
480,Image_14477-1.jpg (red),89.646,41.032,0.669,13.736,438,557,111.161,10.107,1.271,0.787,0.879
481,Image_14477-1.jpg (red),15.197,15.135,0.834,6.198,582,570,53.130,3.915,1.676,0.597,0.881
482,Image_14477-1.jpg (red),78.376,39.278,0.638,14.973,704,557,117.979,8.054,1.913,0.523,0.830
483,Image_14477-1.jpg (red),15.880,14.209,0.988,5.292,954,558,128.660,4.132,1.176,0.851,0.939
484,Image_14477-1.jpg (red),21.173,20.295,0.646,8.509,964,558,150.945,4.177,2.189,0.457,0.805
485,Image_14477-1.jpg (red),43.542,30.613,0.584,9.286,1112,557,110.854,7.851,1.110,0.901,0.816
486,Image_14477-1.jpg (red),36.883,23.943,0.809,8.367,865,558,110.225,6.982,1.142,0.876,0.871
487,Image_14477-1.jpg (red),61.983,32.750,0.726,10.980,921,558,109.799,8.824,1.105,0.905,0.882
488,Image_14477-1.jpg (red),35.346,23.216,0.824,9.175,412,559,125.838,5.552,1.575,0.635,0.910
489,Image_14477-1.jpg (red),83.669,45.323,0.512,15.428,606,568,159.624,8.261,1.794,0.557,0.817
490,Image_14477-1.jpg (red),29.882,23.216,0.697,9.063,470,560,114.228,5.324,1.939,0.516,0.799
491,Image_14477-1.jpg (red),27.662,20.153,0.856,7.720,994,565,164.476,5.785,1.244,0.804,0.878
492,Image_14477-1.jpg (red),20.149,17.756,0.803,6.727,1097,572,47.490,4.959,1.330,0.752,0.887
493,Image_14477-1.jpg (red),11.611,15.720,0.590,6.143,990,562,109.654,3.166,2.325,0.430,0.760
494,Image_14477-1.jpg (red),19.295,16.747,0.865,6.017,826,577,74.055,4.928,1.191,0.839,0.883
495,Image_14477-1.jpg (red),21.003,19.810,0.673,8.150,597,565,120.466,4.181,2.328,0.430,0.817
496,Image_14477-1.jpg (red),26.638,25.353,0.521,10.815,491,585,46.548,4.453,2.615,0.382,0.802
497,Image_14477-1.jpg (red),24.247,19.911,0.769,8.519,837,583,50.906,3.799,2.402,0.416,0.902
498,Image_14477-1.jpg (red),12.294,13.140,0.895,5.388,805,567,147.529,3.696,1.517,0.659,0.900
499,Image_14477-1.jpg (red),35.175,33.293,0.399,12.910,864,591,50.194,6.066,2.807,0.356,0.657
500,Image_14477-1.jpg (red),39.103,27.148,0.667,10.206,1041,590,68.629,5.430,2.026,0.494,0.836
501,Image_14477-1.jpg (red),17.246,15.820,0.866,5.756,783,568,111.038,4.699,1.090,0.917,0.863
502,Image_14477-1.jpg (red),43.884,26.138,0.807,9.063,403,570,114.228,7.421,1.115,0.897,0.874
503,Image_14477-1.jpg (red),18.612,18.441,0.688,6.777,1004,584,52.431,5.154,1.345,0.743,0.823
504,Image_14477-1.jpg (red),14.856,15.135,0.815,5.544,1132,571,116.565,4.051,1.309,0.764,0.883
505,Image_14477-1.jpg (red),40.298,25.938,0.753,9.423,888,590,52.125,6.314,1.404,0.712,0.887
506,Image_14477-1.jpg (red),10.245,12.113,0.877,4.711,1027,573,127.875,3.306,1.183,0.845,0.909
507,Image_14477-1.jpg (red),84.864,49.213,0.440,16.513,577,574,121.701,7.956,2.630,0.380,0.728
508,Image_14477-1.jpg (red),47.640,29.887,0.670,10.164,538,589,26.565,7.207,1.218,0.821,0.861
509,Image_14477-1.jpg (red),40.127,25.596,0.770,8.785,789,581,138.814,6.959,1.186,0.843,0.890
510,Image_14477-1.jpg (red),82.815,35.772,0.813,12.383,420,578,115.710,9.096,1.314,0.761,0.904
511,Image_14477-1.jpg (red),31.931,23.559,0.723,9.175,810,596,54.162,5.026,1.923,0.520,0.874
512,Image_14477-1.jpg (red),73.082,36.498,0.689,13.891,384,579,112.751,9.091,1.535,0.651,0.861
513,Image_14477-1.jpg (red),130.114,52.076,0.603,17.306,506,579,123.311,12.305,1.399,0.715,0.836
514,Image_14477-1.jpg (red),10.928,12.455,0.885,5.044,465,590,55.008,3.306,1.370,0.730,0.921
515,Image_14477-1.jpg (red),29.540,23.358,0.680,7.764,666,584,154.799,5.678,1.369,0.730,0.885
516,Image_14477-1.jpg (red),23.564,23.116,0.554,8.316,953,598,63.435,4.518,2.025,0.494,0.817
517,Image_14477-1.jpg (red),19.295,19.126,0.663,7.228,975,596,59.036,4.303,1.751,0.571,0.810
518,Image_14477-1.jpg (red),47.811,34.261,0.512,12.975,1121,581,127.235,6.055,2.112,0.473,0.792
519,Image_14477-1.jpg (red),78.376,44.822,0.490,13.592,825,614,70.463,10.138,1.408,0.710,0.730
520,Image_14477-1.jpg (red),22.198,18.157,0.846,6.840,918,584,115.017,4.781,1.469,0.681,0.852
521,Image_14477-1.jpg (red),66.082,33.334,0.747,12.837,691,585,123.179,7.889,1.690,0.592,0.887
522,Image_14477-1.jpg (red),11.440,13.140,0.833,4.837,994,590,160.017,3.719,1.250,0.800,0.859
523,Image_14477-1.jpg (red),14.856,15.619,0.765,6.198,1193,600,53.130,3.472,1.827,0.547,0.883
524,Image_14477-1.jpg (red),156.239,51.492,0.740,18.882,859,619,23.199,13.065,1.375,0.727,0.904
525,Image_14477-1.jpg (red),24.076,21.121,0.678,8.766,470,607,45.000,4.515,2.279,0.439,0.842
526,Image_14477-1.jpg (red),22.539,20.136,0.699,7.981,490,590,111.251,3.719,2.106,0.475,0.920
527,Image_14477-1.jpg (red),27.321,25.737,0.518,10.054,1152,614,80.538,4.891,2.352,0.425,0.753
528,Image_14477-1.jpg (red),16.392,15.720,0.834,6.017,1174,604,74.055,4.066,1.512,0.662,0.869
529,Image_14477-1.jpg (red),31.760,25.412,0.618,10.331,447,591,126.870,4.233,2.691,0.372,0.829
530,Image_14477-1.jpg (red),10.757,12.213,0.906,4.620,571,601,63.435,3.306,1.336,0.748,0.894
531,Image_14477-1.jpg (red),76.498,36.357,0.727,12.568,725,607,9.462,8.814,1.397,0.716,0.841
532,Image_14477-1.jpg (red),24.930,21.747,0.662,8.023,1076,608,55.491,4.959,1.325,0.755,0.841
533,Image_14477-1.jpg (red),22.198,18.984,0.774,7.392,611,594,116.565,4.930,1.623,0.616,0.878
534,Image_14477-1.jpg (red),22.710,19.810,0.727,6.815,757,610,75.964,5.737,1.208,0.828,0.821
535,Image_14477-1.jpg (red),28.516,21.605,0.768,8.939,782,594,123.690,4.435,2.063,0.485,0.918
536,Image_14477-1.jpg (red),35.346,29.344,0.516,12.153,900,619,54.689,4.323,3.020,0.331,0.830
537,Image_14477-1.jpg (red),53.275,29.786,0.755,9.513,1109,597,124.380,8.494,1.067,0.937,0.880
538,Image_14477-1.jpg (red),44.225,28.759,0.672,11.369,553,621,70.907,6.116,1.991,0.502,0.835
539,Image_14477-1.jpg (red),10.928,12.656,0.857,4.620,771,595,100.305,3.719,1.202,0.832,0.848
540,Image_14477-1.jpg (red),31.589,27.107,0.540,9.240,803,596,116.565,5.571,1.711,0.584,0.803
541,Image_14477-1.jpg (red),94.085,42.000,0.670,13.755,926,598,122.735,11.157,1.067,0.937,0.854
542,Image_14477-1.jpg (red),16.563,18.341,0.619,7.981,1035,617,68.749,3.136,2.938,0.340,0.870
543,Image_14477-1.jpg (red),12.636,17.573,0.514,7.597,1051,600,135.000,3.189,3.508,0.285,0.733
544,Image_14477-1.jpg (red),29.711,20.979,0.848,7.449,402,618,70.560,5.844,1.350,0.741,0.888
545,Image_14477-1.jpg (red),58.398,34.078,0.632,12.568,560,622,27.408,6.675,2.160,0.463,0.807
546,Image_14477-1.jpg (red),44.225,28.559,0.681,10.364,1192,601,113.499,6.612,1.416,0.706,0.884
547,Image_14477-1.jpg (red),21.003,18.783,0.748,7.619,671,602,130.601,4.336,1.772,0.564,0.860
548,Image_14477-1.jpg (red),22.881,22.231,0.582,9.423,1012,625,74.745,3.306,2.854,0.350,0.882
549,Image_14477-1.jpg (red),51.909,30.997,0.679,10.206,1080,619,31.759,7.095,1.520,0.658,0.884
550,Image_14477-1.jpg (red),12.123,13.382,0.851,5.259,965,605,135.000,3.719,1.201,0.833,0.916
551,Image_14477-1.jpg (red),19.466,17.615,0.788,7.061,975,605,110.556,4.107,1.700,0.588,0.877
552,Image_14477-1.jpg (red),22.539,22.231,0.573,9.585,1136,607,97.431,3.306,2.869,0.349,0.868
553,Image_14477-1.jpg (red),37.736,31.197,0.487,12.209,443,609,113.962,6.262,2.285,0.438,0.723
554,Image_14477-1.jpg (red),24.930,23.075,0.588,7.949,587,610,98.973,5.470,1.501,0.666,0.781
555,Image_14477-1.jpg (red),11.099,13.382,0.779,4.711,772,612,142.125,4.091,1.118,0.895,0.839
556,Image_14477-1.jpg (red),28.687,28.033,0.459,11.840,420,636,60.751,3.881,3.856,0.259,0.767
557,Image_14477-1.jpg (red),10.757,11.971,0.943,4.819,510,611,120.964,3.306,1.360,0.735,0.920
558,Image_14477-1.jpg (red),33.638,26.723,0.592,10.559,718,611,120.579,5.729,1.999,0.500,0.826
559,Image_14477-1.jpg (red),48.494,29.686,0.691,11.003,666,614,124.287,7.227,1.722,0.581,0.821
560,Image_14477-1.jpg (red),16.051,15.035,0.892,5.741,785,616,149.744,4.132,1.224,0.817,0.908
561,Image_14477-1.jpg (red),50.714,32.024,0.621,11.761,831,613,108.435,7.001,1.925,0.520,0.805
562,Image_14477-1.jpg (red),53.104,41.782,0.382,17.941,1047,655,75.324,5.057,4.113,0.243,0.799
563,Image_14477-1.jpg (red),41.835,26.965,0.723,9.647,496,638,80.134,6.098,1.495,0.669,0.838
564,Image_14477-1.jpg (red),13.319,13.382,0.935,5.178,956,622,28.610,3.719,1.283,0.779,0.912
565,Image_14477-1.jpg (red),17.246,24.427,0.363,10.535,1151,616,115.560,3.397,4.360,0.229,0.635
566,Image_14477-1.jpg (red),39.786,26.965,0.688,8.834,635,630,10.784,7.255,1.100,0.909,0.808
567,Image_14477-1.jpg (red),37.053,27.933,0.597,11.103,992,638,45.000,5.164,2.516,0.397,0.824
568,Image_14477-1.jpg (red),11.953,15.962,0.590,6.017,539,632,74.055,3.719,1.793,0.558,0.737
569,Image_14477-1.jpg (red),13.490,18.199,0.512,6.308,897,620,148.392,4.132,1.476,0.677,0.745
570,Image_14477-1.jpg (red),19.637,17.957,0.765,7.025,1100,618,118.072,4.074,1.799,0.556,0.855
571,Image_14477-1.jpg (red),45.250,28.860,0.683,10.405,750,619,96.843,7.183,1.639,0.610,0.841
572,Image_14477-1.jpg (red),32.272,24.911,0.654,8.150,1184,635,30.466,6.795,1.093,0.915,0.853
573,Image_14477-1.jpg (red),11.270,12.072,0.972,4.470,405,620,123.690,3.696,1.239,0.807,0.892
574,Image_14477-1.jpg (red),21.344,19.468,0.708,7.981,523,638,68.749,3.614,2.445,0.409,0.871
575,Image_14477-1.jpg (red),16.051,16.989,0.699,6.321,613,624,168.690,4.424,1.441,0.694,0.764
576,Image_14477-1.jpg (red),10.757,12.556,0.858,4.976,780,620,131.634,3.438,1.451,0.689,0.913
577,Image_14477-1.jpg (red),11.440,12.898,0.864,5.544,976,622,153.435,3.306,1.738,0.575,0.912
578,Image_14477-1.jpg (red),30.053,24.869,0.611,8.756,1015,628,160.710,5.874,1.599,0.626,0.754
579,Image_14477-1.jpg (red),82.986,42.584,0.575,17.242,851,656,45.971,6.533,2.944,0.340,0.866
580,Image_14477-1.jpg (red),23.564,18.783,0.839,6.840,788,635,25.017,5.372,1.272,0.786,0.890
581,Image_14477-1.jpg (red),22.198,18.441,0.820,6.777,940,635,37.569,5.279,1.259,0.794,0.881
582,Image_14477-1.jpg (red),12.807,12.898,0.967,4.711,1170,624,127.875,4.091,1.124,0.889,0.904
583,Image_14477-1.jpg (red),10.074,13.140,0.733,4.976,973,625,131.634,3.630,1.333,0.750,0.825
584,Image_14477-1.jpg (red),15.197,15.619,0.783,6.198,587,641,53.130,4.091,1.683,0.594,0.860
585,Image_14477-1.jpg (red),10.587,11.971,0.928,4.470,702,637,33.690,3.614,1.290,0.775,0.905
586,Image_14477-1.jpg (red),12.123,12.656,0.951,4.620,1121,639,63.435,3.799,1.195,0.837,0.904
587,Image_14477-1.jpg (red),36.200,25.654,0.691,8.834,456,638,10.784,6.612,1.361,0.735,0.830
588,Image_14477-1.jpg (red),18.612,17.030,0.806,6.415,959,645,75.069,4.132,1.628,0.614,0.872
589,Image_14477-1.jpg (red),12.977,15.720,0.660,6.877,1004,644,57.265,2.772,2.859,0.350,0.854
590,Image_14477-1.jpg (red),18.954,16.304,0.896,6.101,709,643,28.301,4.527,1.400,0.714,0.906
591,Image_14477-1.jpg (red),12.294,13.482,0.850,4.837,808,640,19.983,3.872,1.259,0.794,0.847
592,Image_14477-1.jpg (red),13.490,15.478,0.708,6.534,1020,634,124.695,3.306,2.236,0.447,0.840
593,Image_14477-1.jpg (red),21.003,21.647,0.563,9.323,1074,633,102.804,3.306,3.267,0.306,0.851
594,Image_14477-1.jpg (red),10.757,12.798,0.825,5.388,502,645,57.529,3.306,1.800,0.556,0.875
595,Image_14477-1.jpg (red),45.762,26.380,0.826,9.796,933,634,117.646,6.533,1.366,0.732,0.912
596,Image_14477-1.jpg (red),42.176,30.571,0.567,10.592,973,638,159.444,5.620,2.050,0.488,0.829
597,Image_14477-1.jpg (red),17.929,16.788,0.799,6.308,614,635,121.608,4.416,1.498,0.667,0.894
598,Image_14477-1.jpg (red),16.051,15.135,0.880,6.017,656,649,74.055,3.719,1.523,0.657,0.917
599,Image_14477-1.jpg (red),23.735,26.664,0.420,9.240,1059,635,100.305,4.835,2.179,0.459,0.720
600,Image_14477-1.jpg (red),37.907,25.938,0.708,10.776,477,636,122.471,5.844,2.023,0.494,0.871
601,Image_14477-1.jpg (red),41.835,31.056,0.545,11.919,763,637,146.310,5.259,2.418,0.414,0.831
602,Image_14477-1.jpg (red),23.905,18.441,0.883,7.025,1032,636,118.072,4.850,1.373,0.728,0.915
603,Image_14477-1.jpg (red),13.660,14.067,0.868,5.111,1114,636,104.036,4.132,1.219,0.820,0.856
604,Image_14477-1.jpg (red),38.249,31.823,0.475,12.209,532,664,66.038,5.387,2.231,0.448,0.752
605,Image_14477-1.jpg (red),15.026,17.373,0.626,7.449,952,637,109.440,3.080,2.680,0.373,0.859
606,Image_14477-1.jpg (red),11.782,13.724,0.786,5.873,1098,637,129.289,3.229,2.012,0.497,0.868
607,Image_14477-1.jpg (red),16.734,16.688,0.755,6.143,1143,640,137.726,4.310,1.377,0.726,0.852
608,Image_14477-1.jpg (red),21.856,19.468,0.725,7.322,441,638,106.390,4.873,1.629,0.614,0.828
609,Image_14477-1.jpg (red),37.736,28.576,0.581,11.429,735,638,130.601,5.319,2.410,0.415,0.802
610,Image_14477-1.jpg (red),94.939,61.793,0.312,16.826,898,675,65.323,11.983,1.486,0.673,0.671
611,Image_14477-1.jpg (red),24.418,20.052,0.763,8.023,666,642,145.491,4.675,1.955,0.512,0.851
612,Image_14477-1.jpg (red),16.051,16.788,0.716,6.727,713,647,10.620,3.719,1.642,0.609,0.870
613,Image_14477-1.jpg (red),26.638,20.637,0.786,7.392,889,640,116.565,5.552,1.394,0.717,0.876
614,Image_14477-1.jpg (red),50.714,28.960,0.760,10.535,1015,665,78.690,7.273,1.490,0.671,0.857
615,Image_14477-1.jpg (red),138.822,59.673,0.490,21.994,544,689,64.398,9.373,2.608,0.384,0.792
616,Image_14477-1.jpg (red),10.928,12.656,0.857,4.620,1183,647,26.565,3.719,1.118,0.894,0.865
617,Image_14477-1.jpg (red),10.074,13.482,0.696,4.470,421,643,123.690,3.647,1.288,0.776,0.814
618,Image_14477-1.jpg (red),11.953,14.793,0.686,5.620,1163,653,53.973,3.719,1.427,0.701,0.843
619,Image_14477-1.jpg (red),69.497,36.073,0.671,12.153,706,644,107.819,9.747,1.153,0.868,0.821
620,Image_14477-1.jpg (red),11.953,15.035,0.664,5.756,637,648,158.962,3.306,1.777,0.563,0.854
621,Image_14477-1.jpg (red),79.913,52.560,0.364,15.042,818,674,52.815,9.064,1.723,0.580,0.728
622,Image_14477-1.jpg (red),25.613,20.052,0.800,7.938,447,662,51.340,4.582,1.692,0.591,0.904
623,Image_14477-1.jpg (red),31.248,21.705,0.833,8.509,997,648,119.055,5.697,1.554,0.644,0.888
624,Image_14477-1.jpg (red),12.465,15.135,0.684,6.101,1120,649,151.699,2.893,1.964,0.509,0.907
625,Image_14477-1.jpg (red),22.881,20.495,0.685,7.541,678,656,170.538,4.687,1.433,0.698,0.777
626,Image_14477-1.jpg (red),63.520,37.667,0.563,11.511,584,651,111.038,9.054,1.094,0.914,0.815
627,Image_14477-1.jpg (red),37.224,26.380,0.672,10.584,660,651,128.660,5.552,2.199,0.455,0.827
628,Image_14477-1.jpg (red),10.928,12.656,0.857,4.819,802,651,120.964,3.485,1.523,0.656,0.842
629,Image_14477-1.jpg (red),19.807,18.199,0.752,8.023,1028,651,124.509,3.696,2.298,0.435,0.910
630,Image_14477-1.jpg (red),57.885,31.298,0.743,11.746,969,653,129.289,6.647,1.872,0.534,0.894
631,Image_14477-1.jpg (red),18.271,16.062,0.890,6.143,755,653,109.654,4.545,1.250,0.800,0.903
632,Image_14477-1.jpg (red),39.615,26.239,0.723,9.822,458,661,157.751,5.785,1.828,0.547,0.862
633,Image_14477-1.jpg (red),22.539,21.947,0.588,7.981,782,672,68.749,4.749,2.013,0.497,0.786
634,Image_14477-1.jpg (red),18.441,19.468,0.611,7.764,814,671,64.799,4.250,2.141,0.467,0.815
635,Image_14477-1.jpg (red),48.835,37.525,0.436,13.643,861,684,54.866,6.919,2.319,0.431,0.704
636,Image_14477-1.jpg (red),12.977,16.788,0.579,6.534,952,654,145.305,4.132,1.724,0.580,0.792
637,Image_14477-1.jpg (red),14.856,15.035,0.826,6.428,1168,655,135.000,3.667,1.784,0.561,0.888
638,Image_14477-1.jpg (red),24.076,22.874,0.578,9.682,500,675,50.194,4.383,2.743,0.365,0.792
639,Image_14477-1.jpg (red),33.297,29.102,0.494,10.909,927,681,65.376,5.141,2.411,0.415,0.772
640,Image_14477-1.jpg (red),10.928,12.556,0.871,4.470,1086,659,123.690,3.306,1.220,0.820,0.901
641,Image_14477-1.jpg (red),25.955,22.089,0.668,8.367,608,676,57.095,4.710,2.038,0.491,0.842
642,Image_14477-1.jpg (red),50.543,27.065,0.867,9.175,724,659,97.765,7.844,1.145,0.873,0.897
643,Image_14477-1.jpg (red),20.832,17.272,0.877,6.308,1114,660,121.608,4.545,1.286,0.778,0.928
644,Image_14477-1.jpg (red),22.369,20.920,0.642,8.920,488,661,103.392,3.719,2.623,0.381,0.876
645,Image_14477-1.jpg (red),94.939,46.533,0.551,13.940,633,680,11.976,10.339,1.233,0.811,0.870
646,Image_14477-1.jpg (red),11.611,15.820,0.583,7.311,991,663,132.709,2.893,3.025,0.331,0.768
647,Image_14477-1.jpg (red),12.807,15.720,0.651,5.620,1075,663,126.027,4.341,1.354,0.739,0.781
648,Image_14477-1.jpg (red),13.831,15.135,0.759,5.178,1094,673,28.610,4.132,1.288,0.777,0.885
649,Image_14477-1.jpg (red),20.490,19.226,0.697,8.023,416,664,124.509,4.091,2.269,0.441,0.830
650,Image_14477-1.jpg (red),15.368,15.236,0.832,5.372,510,672,22.620,4.435,1.179,0.848,0.849
651,Image_14477-1.jpg (red),23.905,21.221,0.667,8.140,904,677,23.962,4.959,1.564,0.639,0.828
652,Image_14477-1.jpg (red),62.325,35.530,0.620,12.830,1187,697,75.069,9.350,1.350,0.741,0.814
653,Image_14477-1.jpg (red),14.856,17.131,0.636,6.534,689,668,124.695,4.034,1.892,0.529,0.747
654,Image_14477-1.jpg (red),30.906,23.258,0.718,7.797,1052,668,122.005,6.468,1.091,0.917,0.870
655,Image_14477-1.jpg (red),11.611,12.798,0.891,4.993,668,669,114.444,3.306,1.368,0.731,0.895
656,Image_14477-1.jpg (red),31.419,21.121,0.885,7.322,847,669,106.390,6.048,1.209,0.827,0.904
657,Image_14477-1.jpg (red),14.173,15.277,0.763,5.756,566,671,111.038,3.719,1.670,0.599,0.851
658,Image_14477-1.jpg (red),14.856,17.573,0.605,7.797,699,671,122.005,3.209,2.877,0.348,0.821
659,Image_14477-1.jpg (red),16.734,14.994,0.935,5.544,442,682,26.565,4.091,1.353,0.739,0.912
660,Image_14477-1.jpg (red),56.178,32.750,0.658,12.568,498,698,43.668,7.673,1.857,0.538,0.846
661,Image_14477-1.jpg (red),13.490,17.957,0.526,6.294,624,687,66.801,4.527,1.522,0.657,0.728
662,Image_14477-1.jpg (red),33.809,24.728,0.695,8.901,809,687,21.801,6.529,1.465,0.683,0.839
663,Image_14477-1.jpg (red),24.247,21.021,0.690,7.686,988,675,143.746,5.244,1.504,0.665,0.823
664,Image_14477-1.jpg (red),30.736,21.463,0.838,7.949,940,675,98.973,5.785,1.327,0.754,0.898
665,Image_14477-1.jpg (red),126.870,48.971,0.665,18.563,471,677,106.821,9.498,2.012,0.497,0.861
666,Image_14477-1.jpg (red),18.271,16.304,0.864,6.294,585,685,23.199,4.310,1.554,0.644,0.895
667,Image_14477-1.jpg (red),19.637,17.473,0.808,6.676,764,680,158.199,4.675,1.432,0.698,0.878
668,Image_14477-1.jpg (red),21.003,19.468,0.696,6.840,453,693,64.983,5.211,1.415,0.707,0.866
669,Image_14477-1.jpg (red),23.393,18.925,0.821,7.228,902,689,30.964,4.959,1.338,0.747,0.913
670,Image_14477-1.jpg (red),21.173,18.400,0.786,7.133,879,696,79.992,4.536,1.585,0.631,0.864
671,Image_14477-1.jpg (red),96.305,42.726,0.663,14.134,993,694,164.745,10.043,1.414,0.707,0.834
672,Image_14477-1.jpg (red),131.651,44.780,0.825,15.155,590,705,25.866,11.688,1.212,0.825,0.909
673,Image_14477-1.jpg (red),47.640,30.129,0.660,10.063,964,681,109.179,7.769,1.110,0.901,0.834
674,Image_14477-1.jpg (red),33.980,24.669,0.702,8.479,661,688,136.975,6.612,1.122,0.891,0.875
675,Image_14477-1.jpg (red),23.222,20.495,0.695,6.927,712,684,107.354,5.753,1.121,0.892,0.824
676,Image_14477-1.jpg (red),54.641,32.024,0.670,11.753,740,696,10.125,6.612,1.869,0.535,0.854
677,Image_14477-1.jpg (red),13.319,13.967,0.858,5.873,863,685,140.711,3.506,1.767,0.566,0.891
678,Image_14477-1.jpg (red),147.531,53.387,0.650,17.941,899,693,141.546,12.465,1.351,0.740,0.844
679,Image_14477-1.jpg (red),12.294,14.451,0.740,5.372,1099,696,67.380,3.696,1.467,0.682,0.852
680,Image_14477-1.jpg (red),24.076,20.879,0.694,8.119,418,685,104.744,4.545,1.846,0.542,0.876
681,Image_14477-1.jpg (red),12.123,13.583,0.826,5.559,424,685,131.987,3.214,1.856,0.539,0.855
682,Image_14477-1.jpg (red),12.636,15.277,0.680,6.415,1151,685,104.931,2.893,2.420,0.413,0.841
683,Image_14477-1.jpg (red),75.131,35.229,0.761,12.286,512,709,42.274,8.743,1.470,0.680,0.899
684,Image_14477-1.jpg (red),15.539,15.962,0.766,6.101,625,696,28.301,3.881,1.687,0.593,0.839
685,Image_14477-1.jpg (red),25.613,21.806,0.677,7.357,771,689,128.157,5.785,1.238,0.808,0.831
686,Image_14477-1.jpg (red),11.953,14.551,0.709,4.993,1168,697,65.556,3.719,1.387,0.721,0.870
687,Image_14477-1.jpg (red),34.151,28.676,0.522,10.206,812,688,111.371,5.991,1.833,0.546,0.735
688,Image_14477-1.jpg (red),73.595,37.508,0.657,12.969,1084,690,112.479,8.264,1.795,0.557,0.853
689,Image_14477-1.jpg (red),88.109,40.772,0.666,13.536,541,690,102.339,9.421,1.488,0.672,0.859
690,Image_14477-1.jpg (red),19.295,17.331,0.807,6.663,792,693,150.255,4.091,1.653,0.605,0.869
691,Image_14477-1.jpg (red),51.738,37.083,0.473,12.830,1056,720,75.069,7.412,2.074,0.482,0.769
692,Image_14477-1.jpg (red),27.833,23.559,0.630,9.752,1028,691,126.384,4.675,2.546,0.393,0.793
693,Image_14477-1.jpg (red),32.443,28.517,0.501,8.834,627,701,10.784,5.785,1.567,0.638,0.819
694,Image_14477-1.jpg (red),19.295,22.432,0.482,9.286,1101,715,69.146,3.762,2.967,0.337,0.761
695,Image_14477-1.jpg (red),46.957,28.092,0.748,9.935,829,710,16.928,7.195,1.280,0.781,0.854
696,Image_14477-1.jpg (red),10.928,14.309,0.671,6.198,875,695,126.870,3.214,2.141,0.467,0.821
697,Image_14477-1.jpg (red),10.245,12.314,0.849,5.044,689,697,124.992,2.957,1.857,0.538,0.876
698,Image_14477-1.jpg (red),13.490,13.524,0.927,5.292,700,708,38.660,3.719,1.218,0.821,0.946
699,Image_14477-1.jpg (red),39.786,25.312,0.780,8.628,892,699,106.699,6.428,1.335,0.749,0.853
700,Image_14477-1.jpg (red),53.446,34.119,0.577,12.160,1158,699,99.782,8.023,1.584,0.631,0.778
701,Image_14477-1.jpg (red),19.807,24.385,0.419,6.727,575,703,132.510,5.442,1.180,0.848,0.709
702,Image_14477-1.jpg (red),11.099,11.729,1.000,4.254,756,700,119.055,3.719,1.049,0.953,0.929
703,Image_14477-1.jpg (red),17.417,17.373,0.725,6.143,423,709,19.654,4.443,1.452,0.689,0.833
704,Image_14477-1.jpg (red),58.910,37.525,0.526,11.511,949,709,158.962,6.898,1.794,0.557,0.858
705,Image_14477-1.jpg (red),18.954,17.272,0.798,6.468,1139,701,116.565,4.132,1.500,0.667,0.899
706,Image_14477-1.jpg (red),13.490,13.624,0.913,4.993,453,702,114.444,3.719,1.276,0.783,0.908
707,Image_14477-1.jpg (red),16.734,15.478,0.878,5.544,648,703,116.565,4.545,1.184,0.845,0.891
708,Image_14477-1.jpg (red),28.687,27.349,0.482,9.286,769,718,32.276,5.074,1.959,0.511,0.800
709,Image_14477-1.jpg (red),17.417,17.231,0.737,7.037,862,715,40.236,3.848,1.915,0.522,0.843
710,Image_14477-1.jpg (red),81.449,45.164,0.502,15.472,1171,731,34.114,9.627,1.865,0.536,0.800
711,Image_14477-1.jpg (red),36.029,23.016,0.855,8.519,729,717,39.094,6.364,1.279,0.782,0.915
712,Image_14477-1.jpg (red),53.104,38.995,0.439,15.951,623,708,143.427,5.073,3.501,0.286,0.792
713,Image_14477-1.jpg (red),356.362,88.433,0.573,27.216,973,743,30.069,20.661,1.312,0.762,0.838
714,Image_14477-1.jpg (red),30.565,21.747,0.812,8.202,557,710,139.086,5.914,1.280,0.781,0.886
715,Image_14477-1.jpg (red),14.002,16.546,0.643,6.727,973,708,137.490,3.881,1.809,0.553,0.796
716,Image_14477-1.jpg (red),21.003,19.510,0.693,7.025,702,724,61.928,5.174,1.639,0.610,0.796
717,Image_14477-1.jpg (red),10.416,11.729,0.951,4.254,657,710,119.055,3.719,1.059,0.944,0.891
718,Image_14477-1.jpg (red),14.856,16.546,0.682,6.308,442,724,58.392,3.881,1.905,0.525,0.825
719,Image_14477-1.jpg (red),36.712,28.960,0.550,10.592,826,714,159.444,5.729,2.167,0.462,0.748
720,Image_14477-1.jpg (red),42.518,27.750,0.694,10.364,868,716,156.501,6.687,1.795,0.557,0.830
721,Image_14477-1.jpg (red),26.638,20.295,0.813,7.720,1032,714,105.524,5.202,1.497,0.668,0.897
722,Image_14477-1.jpg (red),19.807,20.395,0.598,7.217,454,721,156.371,4.907,1.685,0.593,0.748
723,Image_14477-1.jpg (red),23.393,24.385,0.494,9.100,679,715,129.472,5.476,1.815,0.551,0.708
724,Image_14477-1.jpg (red),28.687,21.947,0.748,8.119,737,724,14.744,5.673,1.574,0.635,0.834
725,Image_14477-1.jpg (red),93.914,46.917,0.536,13.983,1072,716,108.970,11.157,1.265,0.790,0.871
726,Image_14477-1.jpg (red),16.563,16.404,0.773,6.777,802,717,142.431,3.678,2.011,0.497,0.866
727,Image_14477-1.jpg (red),30.565,22.974,0.728,8.599,817,717,125.218,5.552,1.649,0.606,0.867
728,Image_14477-1.jpg (red),12.807,15.236,0.693,5.756,860,730,68.962,3.667,1.856,0.539,0.773
729,Image_14477-1.jpg (red),34.663,31.681,0.434,10.364,938,717,113.499,6.198,1.452,0.689,0.763
730,Image_14477-1.jpg (red),24.076,25.554,0.463,7.217,512,735,76.759,4.961,1.466,0.682,0.817
731,Image_14477-1.jpg (red),30.053,24.427,0.633,9.611,1132,719,154.537,5.474,1.934,0.517,0.824
732,Image_14477-1.jpg (red),36.370,27.207,0.617,10.535,757,738,41.820,5.616,2.149,0.465,0.801
733,Image_14477-1.jpg (red),14.856,15.135,0.815,6.143,620,720,132.274,3.504,1.804,0.554,0.874
734,Image_14477-1.jpg (red),17.929,20.295,0.547,7.449,906,722,109.440,4.956,1.645,0.608,0.700
735,Image_14477-1.jpg (red),12.807,14.551,0.760,5.741,919,722,120.256,3.973,1.578,0.634,0.824
736,Image_14477-1.jpg (red),29.540,22.573,0.729,8.756,1052,722,109.290,4.545,1.871,0.534,0.915
737,Image_14477-1.jpg (red),36.883,27.591,0.609,9.175,472,724,125.838,7.456,1.316,0.760,0.767
738,Image_14477-1.jpg (red),61.813,31.923,0.762,10.559,536,723,120.579,8.829,1.103,0.907,0.886
739,Image_14477-1.jpg (red),11.953,13.825,0.786,5.620,782,723,126.027,3.214,2.001,0.500,0.838
740,Image_14477-1.jpg (red),91.353,45.648,0.551,14.905,1179,751,43.877,10.641,1.587,0.630,0.821
741,Image_14477-1.jpg (red),12.123,14.309,0.744,5.873,431,724,129.289,3.459,2.054,0.487,0.845
742,Image_14477-1.jpg (red),15.539,15.619,0.800,5.741,1100,724,120.256,4.443,1.149,0.870,0.858
743,Image_14477-1.jpg (red),77.181,49.839,0.390,16.719,680,727,129.987,9.376,1.897,0.527,0.693
744,Image_14477-1.jpg (red),13.148,14.551,0.780,5.960,1153,740,56.310,3.326,1.957,0.511,0.860
745,Image_14477-1.jpg (red),11.270,12.656,0.884,4.711,668,732,164.745,3.719,1.259,0.795,0.857
746,Image_14477-1.jpg (red),57.544,36.899,0.531,10.847,834,747,17.745,8.347,1.185,0.844,0.861
747,Image_14477-1.jpg (red),12.294,13.825,0.808,4.976,503,744,41.634,4.091,1.152,0.868,0.878
748,Image_14477-1.jpg (red),27.491,20.637,0.811,8.150,809,733,120.466,5.124,1.599,0.625,0.887
749,Image_14477-1.jpg (red),18.954,16.104,0.918,6.143,1111,744,42.274,4.545,1.123,0.891,0.929
750,Image_14477-1.jpg (red),15.026,15.861,0.751,6.308,1161,747,58.392,3.306,1.947,0.514,0.884
751,Image_14477-1.jpg (red),61.813,35.672,0.610,13.885,563,736,143.471,7.527,1.795,0.557,0.814
752,Image_14477-1.jpg (red),11.953,13.040,0.883,5.259,871,743,45.000,3.667,1.375,0.727,0.915
753,Image_14477-1.jpg (red),20.320,17.957,0.792,6.308,1093,745,31.608,4.620,1.228,0.814,0.881
754,Image_14477-1.jpg (red),87.084,46.917,0.497,16.678,457,735,131.987,7.763,2.194,0.456,0.842
755,Image_14477-1.jpg (red),39.103,26.522,0.699,10.223,595,738,165.964,5.785,1.714,0.583,0.869
756,Image_14477-1.jpg (red),35.346,26.581,0.629,10.164,749,735,116.565,5.552,2.213,0.452,0.818
757,Image_14477-1.jpg (red),14.002,14.793,0.804,5.756,924,742,21.038,3.508,1.800,0.555,0.868
758,Image_14477-1.jpg (red),12.636,15.135,0.693,5.388,433,739,147.529,4.066,1.191,0.840,0.791
759,Image_14477-1.jpg (red),52.421,31.906,0.647,12.328,959,766,76.430,5.475,2.428,0.412,0.910
760,Image_14477-1.jpg (red),29.028,21.564,0.784,8.519,651,739,112.834,5.259,1.571,0.636,0.888
761,Image_14477-1.jpg (red),12.294,14.409,0.744,5.111,913,751,75.964,3.969,1.351,0.740,0.814
762,Image_14477-1.jpg (red),23.052,21.847,0.607,8.756,491,760,70.710,4.132,2.364,0.423,0.823
763,Image_14477-1.jpg (red),74.448,42.242,0.524,14.813,723,740,112.989,8.640,1.831,0.546,0.808
764,Image_14477-1.jpg (red),60.105,32.065,0.735,12.153,1032,768,54.689,7.207,1.725,0.580,0.896
765,Image_14477-1.jpg (red),11.440,13.040,0.845,4.819,478,742,149.036,3.719,1.235,0.810,0.899
766,Image_14477-1.jpg (red),50.201,33.818,0.552,11.165,854,762,38.991,8.519,1.424,0.702,0.764
767,Image_14477-1.jpg (red),26.808,23.559,0.607,9.513,929,763,55.620,3.979,2.884,0.347,0.807
768,Image_14477-1.jpg (red),21.856,18.642,0.790,6.663,638,743,119.745,5.259,1.339,0.747,0.842
769,Image_14477-1.jpg (red),16.905,16.989,0.736,6.253,781,743,97.595,4.132,1.500,0.667,0.857
770,Image_14477-1.jpg (red),17.758,18.925,0.623,7.597,1053,760,67.620,4.051,2.145,0.466,0.797
771,Image_14477-1.jpg (red),11.782,13.866,0.770,5.559,1109,755,41.987,3.528,1.519,0.658,0.857
772,Image_14477-1.jpg (red),29.540,22.916,0.707,9.423,1152,768,74.745,4.132,2.207,0.453,0.925
773,Image_14477-1.jpg (red),17.417,16.204,0.834,6.143,432,758,42.274,4.545,1.370,0.730,0.903
774,Image_14477-1.jpg (red),11.270,13.140,0.820,5.178,675,748,151.390,3.326,1.659,0.603,0.852
775,Image_14477-1.jpg (red),10.587,14.067,0.672,4.711,819,758,74.745,3.719,1.166,0.857,0.810
776,Image_14477-1.jpg (red),25.613,26.422,0.461,11.347,1070,747,123.111,4.729,2.938,0.340,0.730
777,Image_14477-1.jpg (red),23.393,19.952,0.738,7.597,733,751,157.620,4.748,1.779,0.562,0.825
778,Image_14477-1.jpg (red),11.611,15.035,0.645,5.916,795,749,114.775,3.048,2.117,0.472,0.791
779,Image_14477-1.jpg (red),29.540,25.111,0.589,9.647,1120,767,46.736,5.258,2.020,0.495,0.822
780,Image_14477-1.jpg (red),13.319,14.893,0.755,5.741,903,749,120.256,3.920,1.562,0.640,0.843
781,Image_14477-1.jpg (red),38.249,30.513,0.516,10.331,621,757,143.130,7.292,1.448,0.691,0.767
782,Image_14477-1.jpg (red),13.490,14.067,0.857,5.741,889,751,120.256,3.506,1.602,0.624,0.888
783,Image_14477-1.jpg (red),32.443,24.869,0.659,8.920,915,751,103.392,6.098,1.396,0.716,0.787
784,Image_14477-1.jpg (red),10.245,12.898,0.774,5.388,1162,751,122.471,3.162,1.870,0.535,0.833
785,Image_14477-1.jpg (red),35.858,26.180,0.657,9.638,535,752,149.036,5.914,1.540,0.649,0.811
786,Image_14477-1.jpg (red),12.977,13.825,0.853,5.741,769,753,149.744,3.306,1.929,0.519,0.869
787,Image_14477-1.jpg (red),52.592,30.229,0.723,11.026,659,759,167.005,7.648,1.487,0.673,0.876
788,Image_14477-1.jpg (red),14.685,16.062,0.715,6.294,997,767,66.801,3.171,2.142,0.467,0.843
789,Image_14477-1.jpg (red),18.612,18.057,0.717,6.676,1012,761,21.801,4.699,1.625,0.616,0.807
790,Image_14477-1.jpg (red),11.440,12.898,0.864,5.044,556,756,124.992,3.647,1.418,0.705,0.876
791,Image_14477-1.jpg (red),23.222,21.121,0.654,8.717,846,757,121.430,4.646,2.030,0.493,0.840
792,Image_14477-1.jpg (red),43.542,30.371,0.593,10.728,942,757,105.642,6.612,1.725,0.580,0.791
793,Image_14477-1.jpg (red),16.563,16.404,0.773,5.544,759,766,26.565,4.545,1.130,0.885,0.874
794,Image_14477-1.jpg (red),22.881,23.116,0.538,7.938,829,759,128.660,5.506,1.531,0.653,0.709
795,Image_14477-1.jpg (red),10.245,12.556,0.817,4.993,518,771,65.556,3.142,1.794,0.557,0.845
796,Image_14477-1.jpg (red),24.930,22.048,0.644,9.100,586,760,129.472,4.298,2.313,0.432,0.844
797,Image_14477-1.jpg (red),12.465,13.140,0.907,4.620,445,761,116.565,4.132,1.100,0.909,0.885
798,Image_14477-1.jpg (red),14.343,14.751,0.828,5.756,894,769,21.038,4.091,1.353,0.739,0.844
799,Image_14477-1.jpg (red),36.883,26.965,0.637,10.728,984,786,74.358,4.805,2.409,0.415,0.847
800,Image_14477-1.jpg (red),19.124,18.984,0.667,7.133,772,762,100.008,4.774,1.428,0.700,0.775
801,Image_14477-1.jpg (red),24.076,22.774,0.583,7.797,1036,775,32.005,5.174,1.279,0.782,0.808
802,Image_14477-1.jpg (red),17.246,15.135,0.946,5.756,1006,766,158.962,4.132,1.399,0.715,0.922
803,Image_14477-1.jpg (red),12.977,13.866,0.848,5.178,1091,765,151.390,3.306,1.471,0.680,0.927
804,Image_14477-1.jpg (red),16.563,15.377,0.880,5.741,1131,766,149.744,4.182,1.362,0.734,0.894
805,Image_14477-1.jpg (red),71.204,36.256,0.681,12.047,448,788,30.964,8.939,1.527,0.655,0.834
806,Image_14477-1.jpg (red),38.932,26.622,0.690,9.423,524,777,15.255,7.109,1.100,0.909,0.814
807,Image_14477-1.jpg (red),13.660,13.967,0.880,5.620,558,767,126.027,3.799,1.484,0.674,0.920
808,Image_14477-1.jpg (red),40.298,25.454,0.782,9.175,1016,784,35.838,6.187,1.557,0.642,0.864
809,Image_14477-1.jpg (red),19.807,18.199,0.752,7.586,1119,784,60.642,4.066,2.094,0.478,0.879
810,Image_14477-1.jpg (red),97.329,52.218,0.449,15.356,642,772,156.194,10.738,1.363,0.734,0.823
811,Image_14477-1.jpg (red),27.150,20.637,0.801,7.217,691,769,113.629,6.074,1.109,0.902,0.883
812,Image_14477-1.jpg (red),56.690,33.092,0.651,10.624,808,794,76.504,8.264,1.270,0.787,0.870
813,Image_14477-1.jpg (red),16.734,15.920,0.830,5.916,885,776,12.095,4.620,1.178,0.849,0.838
814,Image_14477-1.jpg (red),80.766,41.274,0.596,13.736,610,776,158.839,9.547,1.556,0.643,0.790
815,Image_14477-1.jpg (red),24.930,21.263,0.693,7.311,1081,784,42.709,5.106,1.353,0.739,0.846
816,Image_14477-1.jpg (red),39.956,32.992,0.461,13.184,493,801,57.804,5.501,2.951,0.339,0.745
817,Image_14477-1.jpg (red),31.931,23.542,0.724,9.611,716,794,64.537,4.527,2.068,0.484,0.914
818,Image_14477-1.jpg (red),61.983,30.955,0.813,10.980,741,773,109.799,8.766,1.223,0.817,0.896
819,Image_14477-1.jpg (red),19.807,17.573,0.806,6.308,777,777,148.392,4.675,1.503,0.665,0.844
820,Image_14477-1.jpg (red),12.977,14.793,0.745,5.960,482,776,146.310,3.790,1.763,0.567,0.835
821,Image_14477-1.jpg (red),10.074,13.624,0.682,5.559,1157,775,138.013,3.485,1.728,0.579,0.819
822,Image_14477-1.jpg (red),21.856,18.199,0.829,6.663,551,787,29.745,5.312,1.228,0.814,0.895
823,Image_14477-1.jpg (red),96.476,56.751,0.376,20.197,584,780,149.237,8.945,2.981,0.336,0.697
824,Image_14477-1.jpg (red),35.175,24.970,0.709,8.872,1034,797,62.241,5.880,1.554,0.643,0.848
825,Image_14477-1.jpg (red),11.440,15.035,0.636,6.294,1099,790,66.801,2.893,2.360,0.424,0.848
826,Image_14477-1.jpg (red),23.905,19.226,0.813,6.877,913,791,32.735,4.990,1.434,0.697,0.870
827,Image_14477-1.jpg (red),18.954,19.409,0.632,7.840,991,796,71.565,3.485,2.738,0.365,0.847
828,Image_14477-1.jpg (red),17.417,18.241,0.658,7.228,953,779,120.964,3.397,2.187,0.457,0.864
829,Image_14477-1.jpg (red),48.494,30.129,0.671,10.917,863,798,29.476,7.292,1.610,0.621,0.821
830,Image_14477-1.jpg (red),18.441,17.857,0.727,6.198,510,782,143.130,4.435,1.530,0.654,0.850
831,Image_14477-1.jpg (red),19.637,16.546,0.901,5.741,937,782,120.256,4.545,1.114,0.898,0.913
832,Image_14477-1.jpg (red),13.490,15.135,0.740,6.198,1106,781,126.870,3.799,1.824,0.548,0.827
833,Image_14477-1.jpg (red),25.442,22.632,0.624,8.519,968,782,112.834,5.143,1.573,0.636,0.784
834,Image_14477-1.jpg (red),50.543,30.955,0.663,11.666,1068,782,112.932,7.273,1.676,0.597,0.836
835,Image_14477-1.jpg (red),17.246,18.783,0.614,7.217,1058,783,103.241,4.008,2.047,0.489,0.783
836,Image_14477-1.jpg (red),28.516,21.121,0.803,8.023,642,785,124.509,5.467,1.350,0.741,0.886
837,Image_14477-1.jpg (red),56.519,43.995,0.367,15.194,820,787,135.000,8.181,2.209,0.453,0.737
838,Image_14477-1.jpg (red),10.587,12.898,0.800,5.178,566,786,118.610,3.306,1.486,0.673,0.844
839,Image_14477-1.jpg (red),23.735,20.436,0.714,7.981,690,790,158.749,4.943,1.861,0.537,0.832
840,Image_14477-1.jpg (red),17.588,22.532,0.435,7.597,976,799,45.000,4.595,1.628,0.614,0.749
841,Image_14477-1.jpg (red),20.490,17.957,0.799,6.663,1000,786,119.745,4.545,1.364,0.733,0.886
842,Image_14477-1.jpg (red),65.569,36.398,0.622,12.202,1149,786,118.301,9.274,1.297,0.771,0.801
843,Image_14477-1.jpg (red),20.149,19.610,0.658,6.294,1142,788,113.199,4.811,1.354,0.739,0.849
844,Image_14477-1.jpg (red),21.686,21.505,0.589,7.840,784,789,108.435,4.132,1.884,0.531,0.836
845,Image_14477-1.jpg (red),17.588,19.510,0.581,7.619,1120,806,49.399,4.091,2.067,0.484,0.783
846,Image_14477-1.jpg (red),22.198,19.952,0.701,7.073,555,797,173.290,5.372,1.171,0.854,0.810
847,Image_14477-1.jpg (red),10.074,11.971,0.883,4.393,813,794,131.186,3.719,1.029,0.972,0.874
848,Image_14477-1.jpg (red),63.179,37.767,0.557,13.204,695,801,159.864,9.278,1.386,0.722,0.743
849,Image_14477-1.jpg (red),23.564,20.436,0.709,7.720,542,813,74.476,4.545,1.821,0.549,0.863
850,Image_14477-1.jpg (red),88.963,43.552,0.589,14.656,948,825,40.426,8.870,1.551,0.645,0.840
851,Image_14477-1.jpg (red),15.539,15.720,0.790,6.663,1010,798,150.255,3.678,1.945,0.514,0.875
852,Image_14477-1.jpg (red),15.197,16.304,0.718,6.143,579,798,132.274,4.011,1.478,0.677,0.864
853,Image_14477-1.jpg (red),14.856,17.615,0.602,6.101,686,813,61.699,4.545,1.501,0.666,0.750
854,Image_14477-1.jpg (red),25.442,20.395,0.769,8.140,857,800,156.038,4.897,1.709,0.585,0.869
855,Image_14477-1.jpg (red),26.296,19.326,0.885,6.840,912,804,154.983,5.259,1.213,0.824,0.898
856,Image_14477-1.jpg (red),15.709,16.888,0.692,6.415,572,800,104.931,4.132,1.630,0.614,0.814
857,Image_14477-1.jpg (red),36.883,25.896,0.691,10.003,1026,803,128.290,5.160,2.110,0.474,0.840
858,Image_14477-1.jpg (red),79.742,47.602,0.442,13.204,464,810,159.864,10.331,1.338,0.747,0.814
859,Image_14477-1.jpg (red),22.881,23.901,0.503,9.441,1039,802,113.199,5.014,2.319,0.431,0.713
860,Image_14477-1.jpg (red),23.564,20.194,0.726,8.023,1081,818,55.491,4.661,1.926,0.519,0.834
861,Image_14477-1.jpg (red),47.640,31.540,0.602,10.870,855,803,98.746,7.347,1.349,0.742,0.828
862,Image_14477-1.jpg (red),14.514,14.693,0.845,5.741,642,816,59.744,3.719,1.282,0.780,0.895
863,Image_14477-1.jpg (red),22.198,20.253,0.680,8.202,761,805,130.914,3.799,2.282,0.438,0.850
864,Image_14477-1.jpg (red),41.152,30.855,0.543,10.054,883,804,99.462,6.561,1.638,0.611,0.784
865,Image_14477-1.jpg (red),176.559,62.495,0.568,22.858,1110,828,12.529,13.479,1.534,0.652,0.810
866,Image_14477-1.jpg (red),11.270,12.455,0.913,4.976,663,816,48.366,3.719,1.273,0.786,0.930
867,Image_14477-1.jpg (red),40.298,25.896,0.755,9.441,784,813,156.801,6.136,1.529,0.654,0.876
868,Image_14477-1.jpg (red),15.368,15.236,0.832,5.620,937,821,72.897,3.897,1.403,0.713,0.853
869,Image_14477-1.jpg (red),23.735,18.441,0.877,7.013,1009,808,135.000,5.174,1.246,0.802,0.911
870,Image_14477-1.jpg (red),18.954,17.272,0.798,6.455,734,810,140.194,4.545,1.306,0.765,0.902
871,Image_14477-1.jpg (red),16.392,16.788,0.731,6.840,993,824,64.983,3.872,2.073,0.482,0.850
872,Image_14477-1.jpg (red),22.369,18.642,0.809,6.534,826,825,71.565,5.332,1.217,0.822,0.865
873,Image_14477-1.jpg (red),34.321,24.185,0.737,8.519,908,830,75.964,6.272,1.232,0.811,0.841
874,Image_14477-1.jpg (red),15.026,19.752,0.484,8.428,1092,810,101.310,2.893,3.246,0.308,0.793
875,Image_14477-1.jpg (red),11.611,12.998,0.864,5.044,565,812,124.992,3.485,1.539,0.650,0.850
876,Image_14477-1.jpg (red),24.930,19.911,0.790,7.619,615,821,12.529,5.544,1.321,0.757,0.839
877,Image_14477-1.jpg (red),13.660,14.551,0.811,5.178,726,812,118.610,4.132,1.120,0.893,0.884
878,Image_14477-1.jpg (red),24.076,19.326,0.810,6.534,759,812,108.435,5.259,1.171,0.854,0.890
879,Image_14477-1.jpg (red),23.735,20.779,0.691,8.367,510,832,69.775,4.250,2.207,0.453,0.845
880,Image_14477-1.jpg (red),13.148,14.067,0.835,5.620,635,813,126.027,3.402,1.731,0.578,0.880
881,Image_14477-1.jpg (red),24.588,23.542,0.558,8.181,1062,813,135.000,5.623,1.406,0.711,0.774
882,Image_14477-1.jpg (red),18.271,16.788,0.815,6.727,542,814,137.490,4.457,1.629,0.614,0.888
883,Image_14477-1.jpg (red),18.441,17.473,0.759,7.037,646,814,130.236,4.011,1.895,0.528,0.837
884,Image_14477-1.jpg (red),10.245,12.556,0.817,5.044,1101,815,145.008,3.326,1.548,0.646,0.851
885,Image_14477-1.jpg (red),39.103,27.733,0.639,10.206,667,817,121.759,6.198,1.556,0.643,0.818
886,Image_14477-1.jpg (red),13.490,13.967,0.869,5.044,806,818,145.008,4.132,1.022,0.978,0.883
887,Image_14477-1.jpg (red),67.106,34.562,0.706,11.761,776,817,108.435,8.706,1.263,0.792,0.869
888,Image_14477-1.jpg (red),30.223,23.458,0.690,9.952,1022,817,138.366,4.607,2.233,0.448,0.857
889,Image_14477-1.jpg (red),10.757,11.629,1.000,4.470,602,824,33.690,3.306,1.217,0.821,0.947
890,Image_14477-1.jpg (red),47.469,39.662,0.379,14.813,871,817,120.141,6.881,2.248,0.445,0.737
891,Image_14477-1.jpg (red),23.222,25.153,0.461,10.535,919,844,78.690,3.600,3.584,0.279,0.784
892,Image_14477-1.jpg (red),56.349,29.928,0.791,10.454,686,845,71.565,7.930,1.394,0.717,0.884
893,Image_14477-1.jpg (red),11.270,14.893,0.638,5.292,562,832,51.340,4.050,1.399,0.715,0.825
894,Image_14477-1.jpg (red),22.027,21.705,0.588,7.392,971,838,63.435,5.372,1.383,0.723,0.763
895,Image_14477-1.jpg (red),15.709,14.935,0.885,5.873,525,823,129.289,4.132,1.316,0.760,0.929
896,Image_14477-1.jpg (red),88.792,43.068,0.602,14.973,785,850,39.401,9.502,1.714,0.584,0.850
897,Image_14477-1.jpg (red),20.320,19.268,0.688,7.764,497,824,115.201,3.881,2.340,0.427,0.865
898,Image_14477-1.jpg (red),11.440,12.314,0.948,4.451,997,830,21.801,3.719,1.122,0.891,0.893
899,Image_14477-1.jpg (red),44.396,27.892,0.717,9.647,728,848,80.134,7.413,1.206,0.829,0.827
900,Image_14477-1.jpg (red),31.419,25.011,0.631,9.423,537,841,37.875,5.499,1.735,0.576,0.840
901,Image_14477-1.jpg (red),12.636,15.619,0.651,6.101,477,840,61.699,3.696,1.837,0.544,0.836
902,Image_14477-1.jpg (red),15.539,16.888,0.685,7.109,943,828,144.462,3.506,2.440,0.410,0.798
903,Image_14477-1.jpg (red),53.617,39.863,0.424,13.067,1063,827,124.695,9.091,1.535,0.651,0.700
904,Image_14477-1.jpg (red),80.254,36.799,0.745,13.307,760,828,115.769,8.824,1.578,0.634,0.870
905,Image_14477-1.jpg (red),36.200,27.992,0.581,8.367,622,830,110.225,6.428,1.242,0.805,0.885
906,Image_14477-1.jpg (red),25.442,23.216,0.593,8.367,699,841,32.905,5.785,1.450,0.689,0.770
907,Image_14477-1.jpg (red),30.565,26.522,0.546,9.240,895,831,169.695,6.206,1.505,0.664,0.744
908,Image_14477-1.jpg (red),77.522,39.721,0.617,12.237,847,841,168.311,10.201,1.262,0.792,0.814
909,Image_14477-1.jpg (red),19.807,16.888,0.873,6.468,814,834,153.435,4.675,1.305,0.766,0.896
910,Image_14477-1.jpg (red),12.294,13.240,0.881,5.388,602,833,122.471,3.402,1.755,0.570,0.873
911,Image_14477-1.jpg (red),33.126,22.048,0.856,7.949,939,833,98.973,6.198,1.204,0.830,0.909
912,Image_14477-1.jpg (red),25.784,25.596,0.495,11.279,951,857,61.557,3.754,3.588,0.279,0.799
913,Image_14477-1.jpg (red),20.149,19.167,0.689,7.840,1095,835,108.435,3.719,1.989,0.503,0.887
914,Image_14477-1.jpg (red),36.541,30.471,0.495,10.355,976,838,118.610,5.643,2.022,0.495,0.818
915,Image_14477-1.jpg (red),12.294,15.135,0.674,5.620,525,840,162.897,3.689,1.690,0.592,0.814
916,Image_14477-1.jpg (red),23.905,19.810,0.765,7.541,564,856,80.538,4.869,1.604,0.623,0.846
917,Image_14477-1.jpg (red),53.958,39.804,0.428,13.307,1043,867,64.231,6.539,1.893,0.528,0.763
918,Image_14477-1.jpg (red),13.319,14.309,0.817,5.916,1108,838,114.775,3.326,1.827,0.547,0.891
919,Image_14477-1.jpg (red),46.786,36.841,0.433,12.097,480,850,172.147,6.407,1.937,0.516,0.757
920,Image_14477-1.jpg (red),55.666,35.914,0.542,11.347,591,841,100.491,7.762,1.485,0.673,0.819
921,Image_14477-1.jpg (red),25.613,20.779,0.745,7.981,688,845,158.749,4.869,1.733,0.577,0.857
922,Image_14477-1.jpg (red),15.539,15.035,0.864,5.756,837,856,68.962,3.719,1.416,0.706,0.897
923,Image_14477-1.jpg (red),43.542,33.051,0.501,11.088,883,859,26.565,6.324,1.900,0.526,0.819
924,Image_14477-1.jpg (red),97.500,54.656,0.410,19.347,906,875,19.983,11.636,1.890,0.529,0.645
925,Image_14477-1.jpg (red),11.270,15.720,0.573,6.415,964,847,104.931,3.107,2.376,0.421,0.746
926,Image_14477-1.jpg (red),17.929,17.131,0.768,6.663,1005,860,29.745,4.240,1.787,0.560,0.847
927,Image_14477-1.jpg (red),39.444,27.107,0.675,10.592,535,851,110.556,5.860,1.926,0.519,0.865
928,Image_14477-1.jpg (red),22.710,20.979,0.648,6.534,611,864,34.695,5.372,1.108,0.902,0.853
929,Image_14477-1.jpg (red),14.685,15.962,0.724,5.873,703,862,39.289,4.152,1.531,0.653,0.835
930,Image_14477-1.jpg (red),98.354,41.457,0.719,15.735,747,851,113.199,10.122,1.571,0.637,0.897
931,Image_14477-1.jpg (red),44.054,27.892,0.712,8.834,654,852,100.784,7.305,1.104,0.906,0.866
932,Image_14477-1.jpg (red),41.152,26.322,0.746,9.432,1084,854,118.811,6.198,1.253,0.798,0.893
933,Image_14477-1.jpg (red),68.301,39.320,0.555,13.152,498,859,133.727,8.344,1.507,0.664,0.825
934,Image_14477-1.jpg (red),67.789,35.630,0.671,12.506,851,857,97.595,9.350,1.287,0.777,0.846
935,Image_14477-1.jpg (red),22.710,18.884,0.800,7.686,770,858,126.254,4.383,1.806,0.554,0.890
936,Image_14477-1.jpg (red),26.808,22.048,0.693,9.175,574,860,144.162,4.626,1.913,0.523,0.840
937,Image_14477-1.jpg (red),17.758,18.984,0.619,7.061,810,859,110.556,4.704,1.487,0.672,0.746
938,Image_14477-1.jpg (red),26.467,24.285,0.564,9.025,1014,868,164.055,5.817,1.672,0.598,0.758
939,Image_14477-1.jpg (red),12.465,16.062,0.607,7.357,880,860,141.843,2.521,3.314,0.302,0.830
940,Image_14477-1.jpg (red),10.587,13.967,0.682,5.227,599,862,108.435,3.306,1.875,0.533,0.785
941,Image_14477-1.jpg (red),11.611,16.204,0.556,7.109,979,863,125.538,2.587,3.232,0.309,0.795
942,Image_14477-1.jpg (red),14.002,16.304,0.662,6.143,1001,870,19.654,3.890,1.518,0.659,0.796
943,Image_14477-1.jpg (red),11.270,13.482,0.779,4.993,705,864,114.444,4.001,1.249,0.801,0.800
944,Image_14477-1.jpg (red),18.441,17.514,0.755,6.927,562,865,107.354,3.719,1.844,0.542,0.911
945,Image_14477-1.jpg (red),103.135,39.687,0.823,14.344,716,888,41.496,9.504,1.253,0.798,0.967
946,Image_14477-1.jpg (red),12.807,14.309,0.786,5.111,991,866,104.036,3.719,1.382,0.723,0.867
947,Image_14477-1.jpg (red),23.393,20.295,0.714,7.686,1051,867,143.746,5.157,1.647,0.607,0.820
948,Image_14477-1.jpg (red),21.686,18.299,0.814,7.217,625,871,166.759,4.545,1.500,0.667,0.867
949,Image_14477-1.jpg (red),10.587,13.482,0.732,6.143,860,867,132.274,2.922,2.309,0.433,0.844
950,Image_14477-1.jpg (red),14.514,15.861,0.725,6.143,614,869,109.654,3.630,1.746,0.573,0.854
951,Image_14477-1.jpg (red),11.270,14.409,0.682,6.143,677,869,132.274,2.775,2.524,0.396,0.810
952,Image_14477-1.jpg (red),32.955,26.622,0.584,9.540,939,869,107.650,6.942,1.286,0.777,0.735
953,Image_14477-1.jpg (red),10.245,14.793,0.588,6.534,621,871,124.695,2.759,2.836,0.353,0.789
954,Image_14477-1.jpg (red),22.539,18.783,0.803,7.037,1017,871,130.236,4.967,1.501,0.666,0.877
955,Image_14477-1.jpg (red),21.515,17.030,0.932,6.777,1067,871,142.431,4.675,1.400,0.714,0.947
956,Image_14477-1.jpg (red),69.838,37.567,0.622,12.588,532,891,23.199,8.766,1.419,0.705,0.804
957,Image_14477-1.jpg (red),76.839,44.337,0.491,17.222,778,874,120.256,8.102,2.505,0.399,0.761
958,Image_14477-1.jpg (red),22.369,17.615,0.906,6.534,1091,890,71.565,4.545,1.350,0.741,0.923
959,Image_14477-1.jpg (red),11.440,12.798,0.878,4.711,639,876,105.255,3.306,1.361,0.735,0.893
960,Image_14477-1.jpg (red),35.175,24.043,0.765,8.233,920,876,107.526,6.803,1.067,0.937,0.848
961,Image_14477-1.jpg (red),21.173,21.605,0.570,6.468,985,878,116.565,5.619,1.148,0.871,0.795
962,Image_14477-1.jpg (red),13.660,17.473,0.562,6.777,859,892,52.431,4.240,1.810,0.552,0.717
963,Image_14477-1.jpg (red),11.953,13.040,0.883,4.711,883,880,142.125,3.719,1.070,0.934,0.927
964,Image_14477-1.jpg (red),24.759,19.468,0.821,7.037,1032,894,40.236,5.319,1.323,0.756,0.863
965,Image_14477-1.jpg (red),10.587,14.209,0.659,5.372,608,893,67.380,3.306,1.749,0.572,0.790
966,Image_14477-1.jpg (red),11.782,13.967,0.759,5.544,1057,894,63.435,3.039,1.964,0.509,0.863
967,Image_14477-1.jpg (red),25.613,20.295,0.781,7.764,578,901,64.799,4.535,1.797,0.556,0.888
968,Image_14477-1.jpg (red),11.611,14.893,0.658,5.292,613,885,128.660,3.678,1.611,0.621,0.768
969,Image_14477-1.jpg (red),37.395,25.111,0.745,8.939,1095,903,56.310,6.468,1.634,0.612,0.857
970,Image_14477-1.jpg (red),10.074,13.040,0.745,4.711,807,885,127.875,3.306,1.440,0.694,0.855
971,Image_14477-1.jpg (red),57.715,39.420,0.467,14.056,853,903,24.305,6.932,2.074,0.482,0.754
972,Image_14477-1.jpg (red),66.252,38.494,0.562,12.237,968,915,78.311,8.994,1.214,0.824,0.812
973,Image_14477-1.jpg (red),18.612,19.268,0.630,7.025,1076,887,118.072,4.545,1.576,0.635,0.793
974,Image_14477-1.jpg (red),31.419,25.554,0.605,11.119,627,887,131.987,4.639,2.942,0.340,0.811
975,Image_14477-1.jpg (red),11.611,12.072,1.000,4.470,643,887,123.690,3.696,1.202,0.832,0.913
976,Image_14477-1.jpg (red),39.956,25.696,0.760,10.003,751,887,128.290,6.428,1.407,0.711,0.914
977,Image_14477-1.jpg (red),25.613,21.463,0.699,7.357,885,889,141.843,5.476,1.227,0.815,0.820
978,Image_14477-1.jpg (red),27.150,19.952,0.857,7.109,1012,888,125.538,5.785,1.232,0.812,0.916
979,Image_14477-1.jpg (red),34.151,25.938,0.638,9.647,1066,913,80.134,5.643,1.801,0.555,0.808
980,Image_14477-1.jpg (red),71.887,40.689,0.546,15.945,772,891,121.218,7.762,2.366,0.423,0.788
981,Image_14477-1.jpg (red),18.954,16.062,0.923,5.916,911,893,155.225,4.675,1.281,0.781,0.899
982,Image_14477-1.jpg (red),137.456,54.998,0.571,21.693,1033,941,72.255,9.571,2.208,0.453,0.837
983,Image_14477-1.jpg (red),51.568,31.540,0.651,10.535,591,906,168.690,8.057,1.192,0.839,0.820
984,Image_14477-1.jpg (red),10.757,12.556,0.858,4.451,652,894,111.801,3.719,1.089,0.918,0.863
985,Image_14477-1.jpg (red),18.100,16.747,0.811,6.143,682,894,109.654,4.303,1.497,0.668,0.831
986,Image_14477-1.jpg (red),94.939,45.364,0.580,19.049,740,898,139.399,7.116,2.977,0.336,0.872
987,Image_14477-1.jpg (red),27.321,21.947,0.713,8.688,690,897,154.654,5.228,1.746,0.573,0.849
988,Image_14477-1.jpg (red),15.026,16.646,0.681,6.777,808,896,127.569,3.799,2.175,0.460,0.830
989,Image_14477-1.jpg (red),10.074,12.113,0.863,4.711,585,905,52.125,3.306,1.239,0.807,0.908
990,Image_14477-1.jpg (red),40.810,31.982,0.501,13.736,666,899,133.781,4.928,3.678,0.272,0.794
991,Image_14477-1.jpg (red),16.905,20.537,0.504,8.264,561,900,126.870,4.126,2.423,0.413,0.764
992,Image_14477-1.jpg (red),28.687,22.874,0.689,8.920,940,900,103.392,5.372,1.832,0.546,0.810
993,Image_14477-1.jpg (red),14.685,16.304,0.694,5.620,985,912,53.973,4.383,1.324,0.755,0.831
994,Image_14477-1.jpg (red),33.638,25.796,0.635,8.920,822,903,103.392,6.198,1.600,0.625,0.826
995,Image_14477-1.jpg (red),43.201,31.197,0.558,12.328,882,905,140.440,6.418,2.003,0.499,0.815
996,Image_14477-1.jpg (red),13.148,14.350,0.802,5.388,915,904,122.471,3.719,1.315,0.760,0.895
997,Image_14477-1.jpg (red),56.349,31.439,0.716,11.489,546,909,142.306,6.653,1.808,0.553,0.903
998,Image_14477-1.jpg (red),24.759,21.505,0.673,8.367,579,925,69.775,4.959,1.957,0.511,0.808
999,Image_14477-1.jpg (red),12.636,13.624,0.855,5.044,705,907,124.992,4.050,1.374,0.728,0.876
1000,Image_14477-1.jpg (red),20.661,23.216,0.482,7.037,1009,921,49.764,4.959,1.448,0.690,0.804
1001,Image_14477-1.jpg (red),10.757,13.482,0.744,6.143,652,910,132.274,2.922,2.318,0.431,0.863
1002,Image_14477-1.jpg (red),38.420,25.838,0.723,9.072,857,923,30.069,7.025,1.109,0.901,0.835
1003,Image_14477-1.jpg (red),50.714,28.275,0.797,10.454,602,916,161.565,7.401,1.307,0.765,0.904
1004,Image_14477-1.jpg (red),18.441,15.820,0.926,5.620,715,915,107.103,4.699,1.155,0.866,0.893
1005,Image_14477-1.jpg (red),25.442,21.363,0.701,7.392,739,915,116.565,5.789,1.378,0.726,0.799
1006,Image_14477-1.jpg (red),58.398,33.677,0.647,12.431,795,915,105.422,7.702,1.605,0.623,0.875
1007,Image_14477-1.jpg (red),16.392,16.446,0.762,6.294,962,923,23.199,4.034,1.698,0.589,0.846
1008,Image_14477-1.jpg (red),10.074,11.487,0.959,4.254,991,916,119.055,3.696,1.068,0.936,0.881
1009,Image_14477-1.jpg (red),15.539,15.135,0.852,6.198,667,919,126.870,3.799,1.744,0.573,0.897
1010,Image_14477-1.jpg (red),12.465,12.756,0.963,4.837,932,926,19.983,3.799,1.234,0.811,0.890
1011,Image_14477-1.jpg (red),12.807,13.624,0.867,5.044,907,929,34.992,3.719,1.275,0.785,0.872
1012,Image_14477-1.jpg (red),72.912,38.210,0.628,14.104,853,922,121.827,7.597,2.158,0.463,0.847
1013,Image_14477-1.jpg (red),10.245,12.314,0.849,4.711,1009,922,127.875,3.696,1.255,0.797,0.845
1014,Image_14477-1.jpg (red),17.929,16.888,0.790,6.017,593,925,164.055,4.182,1.533,0.652,0.861
1015,Image_14477-1.jpg (red),23.735,19.025,0.824,7.217,967,934,23.629,4.959,1.363,0.734,0.900
1016,Image_14477-1.jpg (red),32.443,22.048,0.839,7.797,694,938,32.005,6.275,1.304,0.767,0.878
1017,Image_14477-1.jpg (red),25.784,22.874,0.619,8.316,876,925,116.565,6.077,1.398,0.715,0.772
1018,Image_14477-1.jpg (red),18.441,18.984,0.643,6.468,679,931,153.435,5.423,1.217,0.821,0.753
1019,Image_14477-1.jpg (red),39.956,33.435,0.449,12.969,625,927,112.479,5.173,3.396,0.295,0.723
1020,Image_14477-1.jpg (red),14.514,15.720,0.738,6.143,757,927,109.654,3.909,1.670,0.599,0.863
1021,Image_14477-1.jpg (red),10.928,11.729,0.998,4.254,831,934,29.055,3.719,1.017,0.983,0.908
1022,Image_14477-1.jpg (red),19.295,17.573,0.785,7.109,777,928,125.538,3.693,2.058,0.486,0.879
1023,Image_14477-1.jpg (red),14.173,15.377,0.753,6.308,984,928,121.608,3.897,1.529,0.654,0.860
1024,Image_14477-1.jpg (red),13.831,14.793,0.794,5.844,996,928,135.000,3.606,1.681,0.595,0.862
1025,Image_14477-1.jpg (red),77.351,39.621,0.619,12.676,743,958,70.974,10.019,1.344,0.744,0.813
1026,Image_14477-1.jpg (red),30.394,23.943,0.666,9.682,919,949,50.194,4.814,2.201,0.454,0.838
1027,Image_14477-1.jpg (red),12.977,15.720,0.660,6.877,909,945,57.265,2.772,2.770,0.361,0.844
1028,Image_14477-1.jpg (red),47.811,29.686,0.682,10.909,1003,947,24.624,7.013,1.604,0.623,0.819
1029,Image_14477-1.jpg (red),14.685,15.135,0.806,6.143,844,934,132.274,3.799,1.808,0.553,0.882
1030,Image_14477-1.jpg (red),18.271,19.126,0.628,6.468,767,935,116.565,4.959,1.479,0.676,0.770
1031,Image_14477-1.jpg (red),21.344,19.710,0.690,8.367,973,936,147.095,3.667,2.497,0.400,0.862
1032,Image_14477-1.jpg (red),20.832,18.299,0.782,6.534,662,937,124.695,4.959,1.288,0.776,0.868
1033,Image_14477-1.jpg (red),32.443,25.212,0.641,8.834,956,958,79.216,6.418,1.284,0.779,0.762
1034,Image_14477-1.jpg (red),29.540,21.806,0.781,7.949,599,945,171.027,5.908,1.361,0.735,0.842
1035,Image_14477-1.jpg (red),21.344,24.527,0.446,9.986,896,939,114.444,4.011,3.097,0.323,0.733
1036,Image_14477-1.jpg (red),25.784,21.463,0.703,8.843,1035,941,127.405,4.383,2.249,0.445,0.841
1037,Image_14477-1.jpg (red),74.619,42.100,0.529,17.108,970,945,142.853,6.977,2.706,0.370,0.809
1038,Image_14477-1.jpg (red),14.514,15.478,0.761,5.741,777,947,120.256,4.066,1.563,0.640,0.833
1039,Image_14477-1.jpg (red),44.225,27.148,0.754,9.682,794,966,50.194,7.438,1.066,0.938,0.893
1040,Image_14477-1.jpg (red),39.786,25.755,0.754,9.025,823,970,74.055,6.720,1.255,0.797,0.846
1041,Image_14477-1.jpg (red),26.467,29.928,0.371,12.676,927,978,70.974,3.902,4.873,0.205,0.718
1042,Image_14477-1.jpg (red),33.809,22.390,0.847,7.720,1017,953,164.476,6.419,1.235,0.810,0.882
1043,Image_14477-1.jpg (red),10.928,13.967,0.704,5.559,667,951,131.987,3.326,1.656,0.604,0.826
1044,Image_14477-1.jpg (red),13.831,14.309,0.849,5.178,915,950,118.610,4.203,1.264,0.791,0.871
1045,Image_14477-1.jpg (red),14.514,14.793,0.833,5.544,924,950,116.565,4.132,1.244,0.804,0.890
1046,Image_14477-1.jpg (red),31.077,33.051,0.358,10.063,732,962,160.821,5.124,1.989,0.503,0.732
1047,Image_14477-1.jpg (red),61.130,35.188,0.620,12.975,750,959,142.765,7.889,1.692,0.591,0.818
1048,Image_14477-1.jpg (red),11.440,13.624,0.775,5.513,879,969,77.005,2.893,1.720,0.581,0.893
1049,Image_14477-1.jpg (red),11.782,13.825,0.775,5.372,700,963,22.620,3.683,1.548,0.646,0.817
1050,Image_14477-1.jpg (red),13.660,16.304,0.646,6.143,907,958,160.346,3.696,1.834,0.545,0.804
1051,Image_14477-1.jpg (red),13.831,14.167,0.866,5.544,720,960,153.435,3.506,1.577,0.634,0.862
1052,Image_14477-1.jpg (red),62.496,30.813,0.827,10.870,826,970,171.254,8.138,1.274,0.785,0.898
1053,Image_14477-1.jpg (red),11.440,12.798,0.878,4.470,952,960,146.310,3.719,1.136,0.880,0.882
1054,Image_14477-1.jpg (red),19.637,16.446,0.912,6.198,665,960,143.130,4.545,1.251,0.799,0.913
1055,Image_14477-1.jpg (red),12.977,14.309,0.796,5.559,781,960,131.987,3.511,1.735,0.576,0.874
1056,Image_14477-1.jpg (red),29.370,22.290,0.743,8.233,1016,961,107.526,6.114,1.412,0.708,0.831
1057,Image_14477-1.jpg (red),24.930,19.126,0.856,7.686,678,963,143.746,4.675,1.732,0.577,0.910
1058,Image_14477-1.jpg (red),96.988,46.049,0.575,15.439,694,970,164.476,10.687,1.339,0.747,0.820
1059,Image_14477-1.jpg (red),32.272,28.759,0.490,10.535,918,986,64.440,6.588,1.948,0.513,0.730
1060,Image_14477-1.jpg (red),42.347,27.649,0.696,11.481,853,970,149.744,5.227,2.430,0.412,0.900
1061,Image_14477-1.jpg (red),29.028,24.769,0.595,9.952,890,983,41.634,5.289,2.150,0.465,0.800
1062,Image_14477-1.jpg (red),17.417,19.126,0.598,8.150,901,990,59.534,3.434,2.655,0.377,0.826
1063,Image_14477-1.jpg (red),19.124,20.879,0.551,7.764,1002,990,64.799,3.881,2.172,0.460,0.783
1064,Image_14477-1.jpg (red),36.541,23.216,0.852,8.023,765,989,11.889,6.919,1.119,0.893,0.886
1065,Image_14477-1.jpg (red),17.417,17.573,0.709,7.686,670,980,126.254,3.333,2.639,0.379,0.861
1066,Image_14477-1.jpg (red),125.504,48.428,0.672,17.375,834,983,115.346,10.041,1.839,0.544,0.853
1067,Image_14477-1.jpg (red),14.685,18.299,0.551,8.202,884,983,139.086,3.153,3.302,0.303,0.761
1068,Image_14477-1.jpg (red),12.636,14.309,0.776,5.544,818,986,116.565,3.798,1.752,0.571,0.827
1069,Image_14477-1.jpg (red),60.105,32.950,0.696,12.033,860,1000,15.945,8.033,1.331,0.751,0.842
1070,Image_14477-1.jpg (red),13.148,14.793,0.755,5.388,925,991,122.471,4.066,1.312,0.762,0.846
